# Blender v3.2.2 OBJ File: 'oculus_controller_L.blend'
# www.blender.org
mtllib oculus_controller_L.mtl
o controller_ply_Mesh
v 0.000382 -0.031893 0.041162
v 0.006891 -0.030922 0.041985
v -0.006172 -0.030923 0.041990
v -0.009221 -0.028540 0.040831
v -0.005968 -0.029574 0.039899
v 0.000388 -0.030364 0.039098
v 0.006700 -0.029575 0.039903
v 0.009953 -0.028544 0.040826
v -0.008804 -0.033197 0.046729
v -0.005787 -0.034524 0.045938
v 0.000374 -0.035644 0.045305
v 0.006505 -0.034525 0.045933
v 0.009528 -0.033193 0.046730
v 0.003480 -0.035330 0.045481
v 0.003670 -0.031616 0.041395
v 0.003553 -0.030150 0.039321
v -0.002750 -0.035330 0.045482
v -0.002940 -0.031619 0.041392
v -0.002834 -0.030154 0.039324
v -0.009449 -0.029681 0.042935
v 0.010182 -0.029683 0.042939
v 0.010045 -0.031242 0.044927
v 0.006832 -0.032557 0.043992
v 0.003621 -0.033322 0.043429
v 0.000390 -0.033624 0.043205
v -0.002911 -0.033323 0.043434
v -0.006078 -0.032562 0.043982
v -0.009324 -0.031242 0.044929
v 0.008681 -0.035454 0.048380
v 0.006009 -0.036842 0.047898
v 0.003261 -0.037694 0.047614
v 0.000377 -0.038000 0.047506
v -0.002539 -0.037693 0.047616
v -0.005276 -0.036843 0.047899
v -0.007961 -0.035459 0.048383
v -0.005576 -0.028378 0.037722
v -0.002606 -0.028804 0.037142
v 0.000379 -0.028949 0.036942
v 0.003338 -0.028802 0.037145
v 0.006302 -0.028376 0.037716
v 0.009343 -0.027598 0.038585
v -0.008609 -0.027593 0.038590
v -0.007691 -0.026724 0.036389
v -0.005055 -0.027240 0.035437
v -0.002291 -0.027506 0.034797
v 0.000378 -0.027584 0.034592
v 0.003020 -0.027502 0.034795
v 0.005786 -0.027239 0.035436
v 0.008417 -0.026721 0.036377
v 0.003084 -0.040341 0.050057
v 0.005382 -0.039426 0.050109
v -0.011393 -0.026088 0.039878
v -0.012204 -0.026693 0.042150
v -0.011665 -0.031278 0.047982
v -0.010531 -0.033449 0.049130
v -0.004648 -0.039427 0.050108
v -0.002350 -0.040341 0.050057
v -0.006725 -0.037925 0.050150
v 0.000366 -0.040653 0.050019
v 0.013271 -0.027652 0.044250
v 0.012942 -0.026688 0.042149
v 0.013107 -0.029219 0.046290
v -0.012537 -0.027652 0.044250
v -0.012374 -0.029220 0.046289
v 0.012390 -0.031280 0.047972
v 0.007447 -0.037922 0.050136
v 0.011261 -0.033446 0.049133
v 0.009605 -0.035738 0.049833
v -0.008883 -0.035743 0.049847
v 0.010834 -0.025780 0.037650
v 0.009052 -0.025724 0.035593
v 0.007370 -0.025793 0.034231
v 0.000367 -0.025997 0.032034
v -0.001887 -0.025965 0.032246
v 0.002623 -0.025961 0.032243
v -0.004505 -0.025903 0.033061
v 0.005238 -0.025902 0.033061
v 0.012132 -0.026084 0.039876
v -0.010127 -0.025773 0.037675
v -0.006631 -0.025809 0.034239
v -0.008333 -0.025713 0.035592
v 0.007730 -0.025018 0.034088
v 0.009695 -0.024898 0.035797
v 0.005471 -0.025146 0.032791
v 0.002980 -0.025239 0.031980
v 0.000367 -0.025296 0.031702
v 0.011290 -0.024922 0.037813
v 0.005572 -0.039440 0.050936
v 0.002909 -0.040533 0.050917
v 0.007864 -0.037633 0.050918
v 0.000367 -0.040829 0.050871
v 0.009912 -0.035462 0.050608
v 0.011545 -0.033047 0.049914
v -0.004737 -0.025146 0.032791
v -0.002246 -0.025239 0.031980
v -0.006996 -0.025019 0.034088
v -0.008961 -0.024900 0.035797
v -0.010559 -0.024908 0.037818
v -0.011751 -0.025256 0.040028
v -0.012535 -0.025868 0.042411
v -0.011942 -0.030776 0.048694
v -0.012632 -0.028668 0.047007
v -0.010811 -0.033048 0.049913
v -0.009179 -0.035462 0.050608
v -0.012845 -0.026904 0.044731
v -0.004838 -0.039440 0.050935
v -0.007130 -0.037633 0.050919
v -0.002175 -0.040533 0.050917
v 0.012486 -0.025256 0.040028
v 0.013269 -0.025869 0.042411
v 0.012676 -0.030776 0.048694
v 0.013366 -0.028668 0.047007
v 0.013579 -0.026904 0.044731
v -0.004978 -0.023191 0.033566
v -0.007305 -0.022776 0.035075
v -0.009241 -0.022400 0.036959
v -0.010758 -0.021968 0.039188
v -0.011842 -0.021813 0.041635
v -0.012642 -0.022047 0.044845
v -0.012880 -0.022664 0.047694
v -0.012623 -0.023684 0.050355
v -0.011843 -0.025006 0.052687
v -0.010476 -0.026567 0.054718
v -0.008682 -0.028079 0.056270
v -0.006513 -0.029499 0.057369
v -0.004015 -0.030657 0.058203
v -0.001395 -0.031384 0.058614
v 0.000367 -0.031496 0.058695
v -0.002363 -0.023341 0.032660
v 0.000367 -0.023410 0.032347
v 0.005712 -0.023191 0.033566
v 0.008039 -0.022776 0.035075
v 0.009975 -0.022400 0.036959
v 0.011492 -0.021968 0.039188
v 0.012576 -0.021813 0.041635
v 0.013376 -0.022047 0.044845
v 0.013614 -0.022664 0.047694
v 0.013357 -0.023684 0.050355
v 0.012577 -0.025006 0.052687
v 0.011210 -0.026567 0.054718
v 0.009416 -0.028079 0.056270
v 0.007247 -0.029499 0.057369
v 0.004749 -0.030657 0.058203
v 0.002129 -0.031384 0.058614
v 0.003097 -0.023341 0.032660
v -0.004496 -0.036161 0.054422
v -0.001847 -0.037076 0.054601
v -0.006822 -0.034621 0.054063
v -0.008871 -0.032749 0.053464
v -0.010627 -0.030624 0.052350
v -0.011844 -0.028619 0.050829
v -0.012569 -0.026840 0.048883
v 0.000367 -0.037287 0.054626
v 0.002581 -0.037076 0.054601
v 0.005230 -0.036161 0.054422
v 0.007557 -0.034621 0.054063
v 0.009605 -0.032748 0.053464
v 0.011361 -0.030624 0.052350
v 0.012578 -0.028619 0.050829
v 0.013303 -0.026840 0.048883
v -0.011639 -0.025682 0.039920
v -0.012444 -0.026294 0.042258
v -0.012769 -0.027294 0.044470
v -0.012583 -0.028960 0.046628
v -0.011877 -0.031055 0.048331
v -0.010736 -0.033287 0.049519
v -0.009083 -0.035651 0.050232
v -0.006956 -0.037844 0.050541
v -0.004769 -0.039491 0.050524
v -0.002294 -0.040491 0.050487
v 0.000366 -0.040798 0.050445
v 0.003028 -0.040491 0.050487
v 0.005503 -0.039491 0.050525
v 0.007683 -0.037843 0.050532
v 0.009809 -0.035648 0.050224
v 0.011468 -0.033285 0.049521
v 0.012606 -0.031056 0.048326
v 0.013316 -0.028959 0.046629
v 0.013503 -0.027294 0.044470
v 0.013181 -0.026292 0.042258
v 0.012375 -0.025679 0.039920
v 0.011112 -0.025360 0.037681
v 0.009399 -0.025318 0.035627
v 0.007580 -0.025410 0.034102
v 0.005377 -0.025527 0.032869
v 0.002796 -0.025602 0.032047
v 0.000367 -0.025648 0.031807
v -0.002061 -0.025604 0.032049
v -0.004643 -0.025528 0.032868
v -0.006844 -0.025419 0.034107
v -0.008674 -0.025312 0.035626
v -0.010395 -0.025350 0.037698
v 0.000366 0.000433 0.054624
v -0.009827 0.000471 0.054419
v 0.004119 -0.014642 0.027549
v 0.008986 -0.013109 0.030177
v -0.002088 -0.014780 0.027321
v -0.009645 -0.013979 0.028540
v 0.011725 -0.010915 0.034062
v -0.007249 0.007123 0.065110
v 0.000366 0.007052 0.065128
v 0.000366 0.003212 0.059291
v -0.008903 0.003273 0.059162
v 0.007982 0.007123 0.065110
v 0.005687 0.015378 0.076660
v 0.004038 0.015987 0.077287
v 0.001904 0.016367 0.077673
v 0.000365 0.016465 0.077773
v -0.001178 0.016359 0.077666
v -0.003326 0.016005 0.077306
v -0.005006 0.015366 0.076649
v -0.006708 0.014412 0.075625
v -0.008119 0.013258 0.074335
v -0.009870 0.011586 0.072379
v -0.011573 0.009546 0.069798
v -0.013706 0.006635 0.065710
v -0.016427 0.002722 0.059539
v -0.018657 -0.000510 0.053972
v -0.020912 -0.003819 0.048156
v -0.021718 -0.005219 0.045679
v -0.022202 -0.006578 0.043263
v -0.022291 -0.007700 0.041257
v -0.022133 -0.008820 0.039247
v -0.021733 -0.009927 0.037254
v -0.021095 -0.011011 0.035301
v -0.019713 -0.012552 0.032533
v -0.017923 -0.014000 0.029951
v -0.016113 -0.015082 0.028049
v -0.014043 -0.016058 0.026371
v -0.011807 -0.016896 0.024971
v -0.009453 -0.017592 0.023847
v -0.007014 -0.018148 0.022998
v -0.003600 -0.018636 0.022288
v 0.000358 -0.018870 0.021968
v 0.003030 -0.018773 0.022097
v 0.006696 -0.018323 0.022742
v 0.010179 -0.017597 0.023847
v 0.012540 -0.016897 0.024970
v 0.014776 -0.016060 0.026371
v 0.016851 -0.015082 0.028054
v 0.019284 -0.013529 0.030791
v 0.021158 -0.011848 0.033798
v 0.022106 -0.010552 0.036131
v 0.022756 -0.009077 0.038786
v 0.023024 -0.007554 0.041521
v 0.022814 -0.006161 0.044007
v 0.022091 -0.004490 0.046975
v 0.019652 -0.000893 0.053308
v 0.014472 0.006588 0.065628
v 0.012520 0.009264 0.069422
v 0.010733 0.011388 0.072118
v 0.008864 0.013266 0.074350
v 0.007448 0.014414 0.075626
v 0.016850 -0.014237 0.027591
v 0.014776 -0.015216 0.025908
v 0.012540 -0.016053 0.024508
v 0.010179 -0.016755 0.023385
v 0.006696 -0.017482 0.022281
v 0.003030 -0.017933 0.021636
v 0.000358 -0.018030 0.021508
v -0.003600 -0.017796 0.021827
v -0.007014 -0.017307 0.022537
v -0.009453 -0.016748 0.023384
v -0.016113 -0.014237 0.027586
v -0.011807 -0.016051 0.024507
v -0.014043 -0.015213 0.025907
v 0.021158 -0.011004 0.033335
v 0.019284 -0.012685 0.030328
v -0.017923 -0.013155 0.029487
v -0.021095 -0.010165 0.034838
v -0.019713 -0.011706 0.032069
v 0.022756 -0.008232 0.038323
v 0.023024 -0.006708 0.041058
v -0.021733 -0.009082 0.036790
v -0.022133 -0.007975 0.038783
v -0.022291 -0.006855 0.040793
v -0.022202 -0.005733 0.042799
v 0.022091 -0.003644 0.046511
v -0.021718 -0.004373 0.045215
v -0.020912 -0.002972 0.047692
v -0.013706 0.007486 0.065243
v 0.008865 0.014123 0.073877
v 0.007450 0.015277 0.075151
v 0.010733 0.012242 0.071648
v 0.001904 0.017249 0.077189
v 0.004041 0.016865 0.076804
v 0.005693 0.016248 0.076179
v -0.001179 0.017242 0.077182
v 0.000365 0.017348 0.077289
v -0.003330 0.016883 0.076822
v -0.009871 0.012440 0.071909
v -0.011574 0.010398 0.069330
v -0.008121 0.014116 0.073861
v -0.006710 0.015275 0.075150
v -0.005004 0.016238 0.076172
v 0.012521 0.010116 0.068954
v 0.014472 0.007439 0.065161
v 0.019652 -0.000046 0.052844
v 0.022814 -0.005316 0.043543
v 0.022106 -0.009708 0.035668
v -0.018657 0.000337 0.053507
v -0.016427 0.003571 0.059074
v -0.000350 -0.003628 0.039866
v -0.005110 -0.006742 0.034268
v -0.002796 -0.006001 0.035600
v -0.000514 -0.002282 0.042283
v -0.003518 -0.000066 0.046267
v -0.005996 0.000538 0.047352
v -0.011445 0.000381 0.047071
v -0.013760 -0.000361 0.045738
v -0.016042 -0.004079 0.039055
v -0.016206 -0.002734 0.041473
v -0.013038 -0.006295 0.035071
v -0.010560 -0.006899 0.033986
v -0.008749 0.000693 0.047631
v -0.015413 -0.001442 0.043794
v -0.014942 -0.005316 0.036832
v -0.007807 -0.007054 0.033707
v -0.001143 -0.004919 0.037545
v -0.001614 -0.001046 0.044507
v -0.001378 -0.003926 0.040168
v -0.005521 -0.006637 0.035296
v -0.003507 -0.005991 0.036456
v -0.001520 -0.002755 0.042272
v -0.004135 -0.000826 0.045739
v -0.006291 -0.000301 0.046684
v -0.011035 -0.000437 0.046439
v -0.013049 -0.001082 0.045279
v -0.015035 -0.004319 0.039462
v -0.015178 -0.003148 0.041567
v -0.012421 -0.006247 0.035995
v -0.010264 -0.006773 0.035051
v -0.008688 -0.000166 0.046927
v -0.014488 -0.002024 0.043587
v -0.014078 -0.005395 0.037527
v -0.007868 -0.006908 0.034808
v -0.002068 -0.005050 0.038148
v -0.002478 -0.001679 0.044207
v -0.016252 -0.007472 0.040886
v -0.016420 -0.006090 0.043369
v -0.015606 -0.004764 0.045752
v -0.013908 -0.003653 0.047749
v -0.011531 -0.002892 0.049118
v -0.008762 -0.002571 0.049694
v -0.005934 -0.002731 0.049407
v -0.003389 -0.003351 0.048292
v -0.001434 -0.004357 0.046485
v -0.000304 -0.005627 0.044201
v -0.000136 -0.007009 0.041718
v -0.000950 -0.008335 0.039335
v -0.002648 -0.009446 0.037338
v -0.005025 -0.010207 0.035969
v -0.007794 -0.010528 0.035393
v -0.010622 -0.010368 0.035680
v -0.013167 -0.009748 0.036794
v -0.015122 -0.008742 0.038602
v -0.001743 -0.002076 0.050118
v -0.005152 -0.001232 0.051570
v -0.008920 -0.000986 0.051868
v -0.012566 -0.001369 0.051011
v -0.015661 -0.002333 0.049137
v -0.017866 -0.003769 0.046495
v -0.018933 -0.005506 0.043377
v -0.018728 -0.007332 0.040134
v -0.017270 -0.009033 0.037144
v -0.014728 -0.010420 0.034764
v -0.011386 -0.011322 0.033280
v -0.007633 -0.011613 0.032886
v -0.003931 -0.011236 0.033646
v 0.001527 -0.008752 0.038146
v -0.000745 -0.010237 0.035475
v 0.002611 -0.006972 0.041333
v 0.002387 -0.005124 0.044654
v 0.000876 -0.003426 0.047708
v 0.017255 0.003434 0.058834
v 0.017255 0.002585 0.059299
v 0.000474 0.010097 0.069267
v 0.000372 0.014043 0.073937
v 0.012546 -0.006071 0.042821
v 0.010072 0.000947 0.055386
v 0.000366 0.008089 0.067632
v -0.004378 0.011723 0.071969
v -0.003805 0.012734 0.073173
v -0.002729 0.013558 0.074154
v -0.001279 0.014097 0.074794
v 0.004542 0.012737 0.073167
v 0.002017 0.014098 0.074792
v -0.003807 0.009637 0.069481
v -0.001283 0.008276 0.067856
v -0.002732 0.008813 0.068498
v 0.005113 0.010650 0.070679
v 0.002014 0.008277 0.067854
v 0.003463 0.008815 0.068494
v 0.004540 0.009639 0.069475
v -0.004379 0.010647 0.070687
v 0.005113 0.011726 0.071961
v 0.000369 0.014284 0.075016
v 0.003466 0.013560 0.074150
v 0.005112 0.011475 0.069987
v 0.002013 0.009101 0.067162
v 0.003463 0.009640 0.067802
v 0.004539 0.010464 0.068783
v 0.000365 0.008914 0.066940
v -0.001283 0.009100 0.067164
v -0.002732 0.009638 0.067807
v -0.004379 0.011472 0.069995
v -0.003808 0.010461 0.068790
v 0.004541 0.013561 0.072475
v 0.002016 0.014922 0.074100
v 0.000368 0.015109 0.074324
v 0.003466 0.014385 0.073458
v 0.005113 0.012551 0.071269
v -0.003806 0.013559 0.072481
v -0.002729 0.014383 0.073463
v -0.001280 0.014921 0.074102
v -0.004379 0.012548 0.071277
v 0.008489 0.003888 0.053387
v 0.012464 -0.001126 0.052389
v 0.011178 0.003130 0.059229
v 0.013473 0.001616 0.056841
v 0.012575 0.002477 0.058209
v 0.013765 0.000651 0.055290
v 0.013414 -0.000301 0.053744
v 0.007432 -0.001987 0.050876
v 0.011028 -0.001724 0.051389
v 0.009281 -0.002023 0.050863
v 0.005705 -0.001620 0.051426
v 0.003409 -0.000106 0.053815
v 0.003469 0.001811 0.056911
v 0.004419 0.002636 0.058266
v 0.007602 0.003533 0.059792
v 0.005855 0.003234 0.059267
v 0.004308 -0.000967 0.052447
v 0.003118 0.000859 0.055365
v 0.009451 0.003497 0.059779
v 0.007363 0.005271 0.056343
v 0.005542 0.004512 0.055074
v 0.005097 0.003304 0.053113
v 0.006237 0.002212 0.051378
v 0.008428 0.001747 0.050680
v 0.010645 0.002126 0.051347
v 0.011851 0.003173 0.053065
v 0.011481 0.004397 0.055032
v 0.009709 0.005225 0.056327
v 0.012586 -0.003346 0.041096
v 0.016647 -0.008318 0.040251
v 0.015138 -0.004008 0.047011
v 0.017511 -0.005518 0.044696
v 0.016568 -0.004654 0.046032
v 0.017853 -0.006495 0.043164
v 0.017553 -0.007467 0.041620
v 0.011666 -0.009259 0.038623
v 0.015245 -0.008945 0.039221
v 0.013515 -0.009272 0.038656
v 0.009921 -0.008909 0.039126
v 0.007548 -0.007400 0.041441
v 0.007506 -0.005450 0.044517
v 0.008412 -0.004599 0.045886
v 0.011545 -0.003646 0.047480
v 0.009815 -0.003972 0.046915
v 0.008491 -0.008263 0.040105
v 0.007206 -0.006423 0.042973
v 0.013394 -0.003658 0.047514
v 0.011370 -0.001947 0.044009
v 0.009591 -0.002742 0.042703
v 0.009210 -0.003976 0.040744
v 0.010406 -0.005071 0.039049
v 0.012620 -0.005516 0.038411
v 0.014814 -0.005101 0.039128
v 0.015964 -0.004021 0.040865
v 0.015530 -0.002782 0.042809
v 0.013716 -0.001963 0.044051
v 0.010835 0.005291 0.057490
v 0.011204 0.004856 0.058160
v 0.009477 0.005223 0.058710
v 0.009540 0.005566 0.057902
v 0.013000 0.003948 0.055375
v 0.013499 0.003342 0.055771
v 0.012601 0.004203 0.057139
v 0.012326 0.004594 0.056401
v 0.013791 0.002378 0.054221
v 0.013311 0.002918 0.053720
v 0.013048 0.002204 0.052561
v 0.013440 0.001425 0.052675
v 0.012490 0.000600 0.051320
v 0.012034 0.001324 0.051115
v 0.010957 0.000875 0.050364
v 0.011054 0.000002 0.050320
v 0.009307 -0.000297 0.049794
v 0.009092 0.000556 0.049804
v 0.007705 0.000583 0.049814
v 0.007458 -0.000261 0.049807
v 0.005862 0.000974 0.050400
v 0.005731 0.000106 0.050357
v 0.004815 0.001464 0.051166
v 0.004334 0.000759 0.051378
v 0.003856 0.002383 0.052626
v 0.003435 0.001620 0.052746
v 0.003637 0.003107 0.053789
v 0.003144 0.002585 0.054296
v 0.003495 0.003537 0.055842
v 0.004012 0.004123 0.055438
v 0.004725 0.004742 0.056455
v 0.004445 0.004362 0.057197
v 0.007567 0.005604 0.057916
v 0.007628 0.005259 0.058723
v 0.005881 0.004960 0.058198
v 0.006256 0.005380 0.057522
v 0.014812 -0.001871 0.045240
v 0.015169 -0.002293 0.045924
v 0.013425 -0.001943 0.046427
v 0.013504 -0.001608 0.045618
v 0.017045 -0.003208 0.043194
v 0.017542 -0.003803 0.043609
v 0.016599 -0.002939 0.044945
v 0.016338 -0.002560 0.044196
v 0.017884 -0.004780 0.042077
v 0.017410 -0.004250 0.041559
v 0.017185 -0.004980 0.040401
v 0.017584 -0.005752 0.040533
v 0.016678 -0.006603 0.039164
v 0.016219 -0.005888 0.038940
v 0.015166 -0.006358 0.038168
v 0.015276 -0.007230 0.038135
v 0.013546 -0.007557 0.037570
v 0.013320 -0.006707 0.037565
v 0.011934 -0.006697 0.037540
v 0.011697 -0.007544 0.037536
v 0.010072 -0.006324 0.038077
v 0.009952 -0.007194 0.038039
v 0.008999 -0.005839 0.038810
v 0.008522 -0.006548 0.039018
v 0.007993 -0.004918 0.040236
v 0.007579 -0.005685 0.040354
v 0.007736 -0.004185 0.041385
v 0.007237 -0.004708 0.041886
v 0.007537 -0.003735 0.043430
v 0.008057 -0.003147 0.043033
v 0.008736 -0.002509 0.044060
v 0.008443 -0.002884 0.044799
v 0.011531 -0.001595 0.045582
v 0.011576 -0.001930 0.046394
v 0.009846 -0.002257 0.045829
v 0.010233 -0.001840 0.045158
v -0.002187 -0.001574 0.049155
v 0.000253 -0.002831 0.046908
v 0.001662 -0.004414 0.044062
v 0.001871 -0.006136 0.040966
v 0.000860 -0.007794 0.037996
v -0.001258 -0.009178 0.035506
v -0.004226 -0.010113 0.033802
v -0.007677 -0.010473 0.033091
v -0.011180 -0.010216 0.033457
v -0.014305 -0.009388 0.034841
v -0.016688 -0.008104 0.037066
v -0.018057 -0.006519 0.039864
v -0.018251 -0.004813 0.042901
v -0.017253 -0.003188 0.045820
v -0.015186 -0.001840 0.048288
v -0.012286 -0.000932 0.050026
v -0.008877 -0.000566 0.050809
v -0.005363 -0.000789 0.050515
v -0.011966 -0.002494 0.039221
v -0.010540 -0.003543 0.037329
v -0.008058 -0.003902 0.036681
v -0.005680 -0.003404 0.037581
v -0.004519 -0.002281 0.039606
v -0.005119 -0.001059 0.041811
v -0.007198 -0.000310 0.043162
v -0.009784 -0.000384 0.043029
v -0.011667 -0.001247 0.041472
v -0.016729 -0.007255 0.040565
v -0.013460 -0.009660 0.036227
v -0.007769 -0.010483 0.034741
v -0.002317 -0.009340 0.036803
v 0.000344 -0.006766 0.041448
v -0.001031 -0.003965 0.046501
v -0.005798 -0.002247 0.049600
v -0.011727 -0.002417 0.049293
v -0.016044 -0.004395 0.045725
v -0.014327 -0.004156 0.039500
v -0.011988 -0.005877 0.036396
v -0.007914 -0.006466 0.035332
v -0.004012 -0.005649 0.036808
v -0.002108 -0.003806 0.040132
v -0.003092 -0.001801 0.043749
v -0.006504 -0.000572 0.045967
v -0.010748 -0.000693 0.045747
v -0.013837 -0.002109 0.043194
v -0.011667 0.000252 0.040641
v -0.009784 0.001115 0.042198
v -0.007198 0.001189 0.042332
v -0.005119 0.000440 0.040980
v -0.004519 -0.000782 0.038776
v -0.005680 -0.001905 0.036750
v -0.008058 -0.002403 0.035850
v -0.010540 -0.002044 0.036498
v -0.011966 -0.000995 0.038391
v -0.014520 0.002904 0.038059
v -0.015052 0.001694 0.038800
v -0.014912 0.000549 0.036733
v -0.014395 0.001846 0.036155
v -0.013900 0.003916 0.039889
v -0.014375 0.002794 0.040784
v -0.012595 0.004766 0.041418
v -0.012963 0.003715 0.042446
v -0.010775 0.005348 0.042472
v -0.010986 0.004347 0.043585
v -0.008652 0.005593 0.042909
v -0.008683 0.004612 0.044064
v -0.006484 0.005471 0.042694
v -0.006332 0.004480 0.043826
v -0.004535 0.004997 0.041835
v -0.004215 0.003966 0.042898
v -0.003034 0.004228 0.040451
v -0.002589 0.003132 0.041393
v -0.002171 0.003258 0.038697
v -0.001650 0.002079 0.039493
v -0.002039 0.002200 0.036794
v -0.001510 0.000933 0.037426
v -0.002666 0.001189 0.034965
v -0.002187 -0.000167 0.035442
v -0.003965 0.000337 0.033432
v -0.003599 -0.001088 0.033780
v -0.005788 -0.000241 0.032384
v -0.005576 -0.001720 0.032641
v -0.007910 -0.000490 0.031940
v -0.007879 -0.001985 0.032162
v -0.010077 -0.000364 0.032162
v -0.010230 -0.001853 0.032400
v -0.012030 0.000106 0.033015
v -0.012347 -0.001339 0.033328
v -0.013526 0.000878 0.034403
v -0.013973 -0.000505 0.034833
v -0.014367 0.000327 0.039467
v -0.014242 -0.000702 0.037609
v -0.013397 -0.001649 0.035901
v -0.011936 -0.002399 0.034548
v -0.010033 -0.002861 0.033714
v -0.007920 -0.002980 0.033500
v -0.005849 -0.002741 0.033931
v -0.004073 -0.002174 0.034955
v -0.002803 -0.001346 0.036449
v -0.002195 -0.000357 0.038232
v -0.002321 0.000673 0.040090
v -0.003165 0.001620 0.041798
v -0.004627 0.002369 0.043150
v -0.006529 0.002831 0.043984
v -0.008643 0.002950 0.044199
v -0.010713 0.002712 0.043768
v -0.012490 0.002144 0.042744
v -0.013759 0.001316 0.041250
v -0.008558 0.005424 0.041202
v -0.006935 0.005332 0.041041
v -0.010148 0.005240 0.040874
v -0.012208 0.001893 0.034833
v -0.012859 0.002618 0.036144
v -0.011088 0.001315 0.033793
v -0.009626 0.000963 0.033154
v -0.008003 0.000869 0.032988
v -0.006414 0.001055 0.033320
v -0.005048 0.001488 0.034106
v -0.004076 0.002126 0.035253
v -0.003606 0.002883 0.036623
v -0.003705 0.003675 0.038048
v -0.004351 0.004401 0.039361
v -0.005475 0.004978 0.040398
v -0.011511 0.004805 0.040086
v -0.012488 0.004168 0.038941
v -0.012953 0.003410 0.037570
v -0.008530 0.004538 0.041195
v -0.007072 0.004456 0.041050
v -0.009958 0.004373 0.040901
v -0.011809 0.001366 0.035473
v -0.012393 0.002018 0.036651
v -0.010802 0.000847 0.034539
v -0.009489 0.000531 0.033965
v -0.008031 0.000446 0.033816
v -0.006604 0.000613 0.034114
v -0.005377 0.001002 0.034820
v -0.004503 0.001576 0.035851
v -0.004081 0.002256 0.037081
v -0.004170 0.002968 0.038362
v -0.004751 0.003620 0.039541
v -0.005761 0.004138 0.040472
v -0.011183 0.003982 0.040192
v -0.012060 0.003410 0.039163
v -0.012478 0.002729 0.037932
v -0.007854 0.004276 0.040725
v -0.005588 0.003726 0.039732
v -0.004583 0.002599 0.037697
v -0.005307 0.001421 0.035574
v -0.007423 0.000746 0.034355
v -0.009940 0.000887 0.034610
v -0.011681 0.001780 0.036221
v -0.011830 0.003006 0.038433
v -0.010319 0.003992 0.040212
v 0.012056 -0.009387 0.076611
v 0.011350 -0.011731 0.075863
v 0.012272 0.002005 0.081782
v 0.012172 -0.004771 0.094746
v 0.012163 -0.002125 0.095390
v 0.009210 -0.016259 0.089246
v 0.012678 -0.004769 0.078542
v 0.012427 -0.007149 0.077531
v 0.012624 -0.000268 0.080567
v 0.012715 -0.002619 0.079493
v 0.011834 -0.008960 0.092904
v 0.010275 -0.014216 0.090481
v 0.011239 -0.011391 0.091827
v 0.018031 -0.007412 0.084314
v 0.018570 -0.004946 0.085245
v 0.015850 -0.010131 0.075806
v 0.016673 -0.010267 0.076626
v 0.014376 -0.012353 0.075308
v 0.015199 -0.012526 0.076129
v 0.016873 -0.007874 0.076628
v 0.017573 -0.008268 0.077346
v 0.016816 -0.014344 0.088025
v 0.016013 -0.014895 0.088951
v 0.015321 -0.016381 0.086932
v 0.014524 -0.016883 0.087848
v 0.018225 -0.005656 0.078417
v 0.017496 -0.005270 0.077688
v 0.018054 -0.000475 0.079774
v 0.018768 -0.001127 0.080389
v 0.018559 -0.003164 0.079463
v 0.017815 -0.002822 0.078737
v 0.018572 -0.009993 0.090011
v 0.017932 -0.010161 0.091102
v 0.017707 -0.012419 0.088968
v 0.017058 -0.012593 0.090040
v 0.018705 0.001193 0.081699
v 0.017956 0.001824 0.081083
v 0.019618 -0.005337 0.091861
v 0.019048 -0.005278 0.093038
v 0.019238 -0.002614 0.093551
v 0.019773 -0.002984 0.092324
v 0.018983 -0.000880 0.086619
v 0.018872 -0.002740 0.086018
v 0.018796 0.003036 0.087830
v 0.018950 0.002616 0.089029
v 0.011413 0.005287 0.086371
v 0.011339 0.005434 0.087755
v 0.017926 0.004504 0.086484
v 0.017872 0.004379 0.085133
v 0.018080 0.004264 0.088437
v 0.018245 0.003815 0.089699
v 0.018505 0.002963 0.091049
v 0.018714 0.002025 0.092003
v 0.019139 0.002017 0.090037
v 0.019337 0.001160 0.090970
v 0.011535 0.004038 0.092538
v 0.011669 0.003134 0.093532
v 0.018632 0.003161 0.085154
v 0.018684 0.003239 0.086429
v 0.011329 0.005212 0.089977
v 0.011393 0.004792 0.091268
v 0.012066 -0.017563 0.080748
v 0.012719 -0.016822 0.080988
v 0.010497 -0.018400 0.080540
v 0.011116 -0.016535 0.077229
v 0.010676 -0.017351 0.078326
v 0.012484 -0.016002 0.077883
v 0.012151 -0.016733 0.078908
v 0.010256 -0.013862 0.075994
v 0.009433 -0.015058 0.076536
v 0.011885 -0.015396 0.076148
v 0.012734 -0.014289 0.075577
v 0.012364 -0.017938 0.082679
v 0.012816 -0.017927 0.083893
v 0.010915 -0.018853 0.082850
v 0.011473 -0.018845 0.084161
v 0.013837 -0.014124 0.076423
v 0.013082 -0.015104 0.076961
v 0.007948 -0.018411 0.086370
v 0.008427 -0.017855 0.087570
v 0.013280 -0.018008 0.086796
v 0.012407 -0.018562 0.085731
v 0.013535 -0.017715 0.085141
v 0.014325 -0.017227 0.086097
v 0.007090 -0.018566 0.083130
v 0.007293 -0.018608 0.084494
v 0.007328 -0.018105 0.080977
v 0.008363 -0.016219 0.077660
v 0.007731 -0.017069 0.078795
v 0.011587 0.004758 0.084687
v 0.011821 0.003876 0.083367
v 0.017902 0.003069 0.082258
v 0.017876 0.003874 0.083544
v 0.011998 0.000128 0.095216
v 0.011864 0.001539 0.094698
v 0.019123 -0.000851 0.093432
v 0.018962 0.000569 0.092955
v 0.019531 0.000063 0.091748
v 0.019690 -0.001260 0.092244
v 0.018629 0.002819 0.083897
v 0.018655 0.002121 0.082664
v 0.015374 -0.013581 0.081968
v 0.014379 -0.014959 0.081516
v 0.013506 -0.015991 0.081198
v 0.018978 0.000604 0.087064
v 0.018908 0.001845 0.087436
v 0.016405 -0.011804 0.082612
v 0.017302 -0.009746 0.083406
v 0.012074 -0.017124 0.079632
v 0.010539 -0.017951 0.079411
v 0.007482 -0.017662 0.079864
v 0.012201 -0.017843 0.081882
v 0.010658 -0.018702 0.081674
v 0.007162 -0.018410 0.082032
v 0.019048 0.001461 0.089190
v 0.019166 0.000218 0.089324
v 0.019219 -0.001255 0.089295
v 0.019151 -0.003110 0.088991
v 0.018853 -0.005455 0.088331
v 0.018182 -0.008438 0.087221
v 0.017385 -0.010884 0.086235
v 0.016461 -0.012934 0.085346
v 0.015351 -0.014702 0.084515
v 0.014362 -0.015906 0.083818
v 0.013509 -0.016735 0.083144
v 0.012762 -0.017324 0.082422
v 0.018694 0.002282 0.085659
v 0.018737 0.001220 0.084872
v 0.018743 -0.000124 0.084101
v 0.018667 -0.002041 0.083207
v 0.018407 -0.004167 0.082325
v 0.017953 -0.006529 0.081380
v 0.017268 -0.008873 0.080466
v 0.016367 -0.010951 0.079733
v 0.015244 -0.012853 0.079228
v 0.014160 -0.014349 0.079086
v 0.013301 -0.015455 0.079175
v 0.012658 -0.016372 0.079456
v 0.019800 -0.000856 0.092852
v 0.019893 -0.002680 0.092941
v 0.019724 -0.005208 0.092446
v 0.018611 -0.010152 0.090482
v 0.017697 -0.012712 0.089379
v 0.016734 -0.014798 0.088362
v 0.015159 -0.016939 0.087208
v 0.014071 -0.017872 0.086295
v 0.013226 -0.018397 0.085271
v 0.012435 -0.018631 0.083908
v 0.011894 -0.018642 0.082613
v 0.011674 -0.018514 0.081545
v 0.011548 -0.018235 0.080521
v 0.011559 -0.017857 0.079501
v 0.011666 -0.017327 0.078525
v 0.012082 -0.016544 0.077432
v 0.012738 -0.015561 0.076437
v 0.013549 -0.014509 0.075865
v 0.015026 -0.012774 0.075558
v 0.016581 -0.010397 0.076082
v 0.017547 -0.008250 0.076857
v 0.018232 -0.005496 0.077985
v 0.018582 -0.002874 0.079088
v 0.018806 -0.000680 0.080081
v 0.018735 0.001764 0.081463
v 0.018682 0.002789 0.082512
v 0.018654 0.003541 0.083820
v 0.018656 0.003926 0.085195
v 0.018711 0.004015 0.086551
v 0.018835 0.003796 0.088110
v 0.019000 0.003349 0.089384
v 0.019209 0.002679 0.090497
v 0.019420 0.001764 0.091484
v 0.019633 0.000554 0.092331
v -0.014416 -0.016559 0.073555
v -0.009972 -0.012532 0.125751
v -0.010439 0.008324 0.124936
v -0.012505 -0.015482 0.101124
v 0.000373 -0.018553 0.131411
v 0.000367 -0.024283 0.101419
v -0.011980 0.011433 0.102330
v -0.011062 -0.002570 0.129108
v -0.019554 -0.003411 0.072155
v -0.016183 -0.002732 0.101624
v 0.000369 -0.023496 0.086488
v -0.008606 -0.019755 0.074476
v -0.013639 -0.015996 0.086762
v -0.008765 -0.020370 0.101545
v -0.008987 -0.020606 0.086748
v -0.011013 -0.014770 0.115351
v -0.006966 -0.015625 0.129010
v 0.000361 -0.023332 0.117258
v -0.007690 -0.019491 0.116624
v -0.013045 0.011323 0.087121
v -0.017912 -0.002877 0.086730
v -0.011039 0.010386 0.116540
v -0.014114 -0.002509 0.116250
v -0.018666 -0.015981 0.056471
v 0.000371 0.013030 0.132861
v -0.008488 -0.022320 0.066429
v -0.004225 -0.020508 0.074592
v -0.008863 -0.020144 0.080162
v -0.004715 -0.022700 0.086579
v 0.000362 -0.022021 0.079791
v -0.004513 -0.021474 0.080111
v -0.014063 -0.016244 0.079957
v -0.013122 -0.015738 0.093851
v -0.008951 -0.020600 0.093946
v -0.004835 -0.023064 0.101538
v 0.000370 -0.024094 0.093636
v -0.004837 -0.023044 0.093800
v -0.008265 -0.020096 0.109268
v -0.004373 -0.022040 0.117127
v 0.000367 -0.024072 0.109404
v -0.004656 -0.022782 0.109455
v -0.011765 -0.015196 0.108477
v -0.010351 -0.014050 0.121178
v -0.007191 -0.018230 0.123145
v -0.003924 -0.017482 0.130636
v 0.000366 -0.021694 0.124581
v -0.004072 -0.020483 0.124175
v 0.000363 -0.012545 0.137612
v -0.003230 0.017412 0.118565
v -0.003154 0.018280 0.103201
v -0.003159 0.018061 0.111076
v -0.003577 0.012472 0.131963
v -0.003318 0.015859 0.125385
v -0.010532 0.009471 0.122093
v -0.011515 0.011012 0.109774
v -0.003265 0.018053 0.088332
v -0.003192 0.018236 0.095234
v -0.012442 0.011606 0.094711
v -0.003373 0.017873 0.083653
v -0.018049 0.003118 0.071174
v -0.013840 0.010291 0.079721
v -0.016596 0.004642 0.086958
v -0.018715 -0.003053 0.079257
v -0.017257 0.004129 0.079231
v -0.008448 -0.020299 0.070163
v -0.004030 -0.023328 0.067559
v -0.004078 -0.021206 0.070903
v -0.012614 -0.020558 0.064294
v -0.014324 -0.017270 0.067475
v 0.000367 -0.028455 0.064167
v -0.003824 0.006132 0.137405
v -0.010903 0.003588 0.127581
v -0.020312 -0.004463 0.065843
v -0.006683 -0.010867 0.134403
v -0.003534 -0.012255 0.136376
v -0.013356 0.004302 0.116479
v -0.012943 -0.002456 0.122673
v -0.012361 0.003928 0.122524
v -0.015111 0.004770 0.102009
v -0.015174 -0.002621 0.109106
v -0.014238 0.004627 0.109508
v -0.017096 -0.002795 0.094176
v -0.015905 0.004770 0.094517
v -0.016846 -0.020670 0.054563
v -0.008816 -0.026379 0.062690
v -0.012360 -0.024476 0.060684
v -0.004216 -0.027873 0.063831
v 0.000371 -0.020781 0.074495
v 0.000367 0.018839 0.103304
v 0.000367 0.018529 0.088404
v 0.000367 0.018097 0.118862
v 0.000341 -0.003202 0.140666
v 0.000367 -0.023684 0.067878
v 0.000369 0.006764 0.138410
v 0.000367 0.018688 0.111260
v 0.000365 0.016540 0.125856
v 0.000367 0.018739 0.095285
v 0.000369 -0.021571 0.071138
v 0.013814 -0.013170 0.072408
v 0.011855 -0.011615 0.124846
v 0.013379 -0.013549 0.101047
v 0.011899 -0.002504 0.127749
v 0.016786 -0.002626 0.070483
v 0.014363 -0.002236 0.102693
v 0.008694 -0.018518 0.074193
v 0.009507 -0.020442 0.101543
v 0.009246 -0.019990 0.087367
v 0.013026 -0.013005 0.115062
v 0.008241 -0.015706 0.129418
v 0.008708 -0.020053 0.116612
v 0.013687 -0.002306 0.116015
v 0.007967 0.011184 0.130458
v 0.007788 -0.003390 0.137882
v 0.017508 -0.015935 0.058227
v 0.008984 -0.022025 0.066110
v 0.004847 -0.020101 0.074703
v 0.005364 -0.022510 0.086594
v 0.005110 -0.021123 0.080430
v 0.011335 -0.016507 0.073384
v 0.013222 -0.013666 0.095358
v 0.011749 -0.017396 0.101240
v 0.009402 -0.020313 0.093735
v 0.011667 -0.017253 0.094521
v 0.005638 -0.023203 0.101536
v 0.005539 -0.023036 0.093588
v 0.009267 -0.020399 0.109288
v 0.005233 -0.022346 0.117168
v 0.005497 -0.023024 0.109471
v 0.013352 -0.013337 0.108294
v 0.011257 -0.016947 0.115708
v 0.011667 -0.017266 0.108692
v 0.012436 -0.012472 0.120786
v 0.010411 -0.013779 0.127017
v 0.008406 -0.018579 0.123343
v 0.010649 -0.016008 0.122138
v 0.005070 -0.017704 0.130826
v 0.004958 -0.020801 0.124297
v 0.019842 -0.010565 0.057324
v 0.003990 0.017485 0.118574
v 0.003901 0.018310 0.103261
v 0.003914 0.018132 0.111134
v 0.004334 0.012587 0.132175
v 0.004096 0.015955 0.125419
v 0.003990 0.018019 0.088333
v 0.003921 0.018222 0.095234
v 0.015810 0.004186 0.073318
v 0.008738 -0.019459 0.069573
v 0.004733 -0.023240 0.067461
v 0.004682 -0.020940 0.070762
v 0.013404 -0.019478 0.063216
v 0.015440 -0.013858 0.065065
v 0.012155 -0.017370 0.067772
v 0.004600 -0.003118 0.140071
v 0.004512 0.006424 0.137765
v 0.011381 0.004664 0.127591
v 0.010341 -0.002931 0.133493
v 0.009741 0.004572 0.132750
v 0.019083 -0.003119 0.062949
v 0.015396 -0.009053 0.071882
v 0.017440 -0.009291 0.064142
v 0.007992 -0.011368 0.134271
v 0.004606 -0.012324 0.136919
v 0.012107 -0.008923 0.126200
v 0.010367 -0.010069 0.130513
v 0.012898 0.005410 0.116731
v 0.012993 -0.002356 0.121890
v 0.012256 0.005251 0.122309
v 0.013480 0.005649 0.102342
v 0.014132 -0.002314 0.109551
v 0.013204 0.005738 0.110076
v 0.014111 -0.009953 0.101411
v 0.013648 -0.009570 0.115588
v 0.012967 -0.009275 0.121445
v 0.013666 0.005279 0.096676
v 0.014034 -0.009801 0.108706
v 0.016818 -0.021031 0.055597
v 0.009600 -0.026428 0.062762
v 0.013765 -0.023745 0.059762
v 0.004990 -0.027974 0.064007
v 0.000358 0.010256 0.135941
v -0.003751 0.009627 0.134942
v 0.004448 0.009826 0.135270
v 0.007534 0.008928 0.133754
v 0.000476 0.002075 0.140218
v -0.003909 0.001586 0.138969
v 0.007808 0.001781 0.137628
v 0.010055 0.000657 0.133607
v -0.003599 -0.008017 0.138502
v 0.000264 -0.008049 0.139762
v 0.004405 -0.007713 0.139336
v 0.007737 -0.006850 0.137261
v 0.010457 -0.006228 0.132662
v -0.009840 0.068655 0.042936
v -0.019671 0.064966 0.042844
v -0.027941 0.059366 0.042729
v -0.034254 0.052618 0.042607
v -0.038840 0.045028 0.042474
v -0.041785 0.036834 0.042339
v -0.043044 0.028608 0.042211
v -0.042749 0.019961 0.042056
v -0.040865 0.011729 0.041880
v -0.037597 0.004099 0.041694
v -0.032819 -0.003390 0.041576
v -0.010189 0.069989 0.037323
v -0.020278 0.066213 0.037258
v -0.028792 0.060522 0.037163
v -0.035352 0.053665 0.037048
v -0.040209 0.045913 0.036924
v -0.043444 0.037495 0.036799
v -0.044996 0.028945 0.036676
v -0.044972 0.019970 0.036541
v -0.009734 0.066943 0.025228
v -0.009506 -0.022029 0.024904
v -0.043260 0.011138 0.036404
v -0.039846 0.002718 0.036266
v -0.034785 -0.005076 0.036145
v -0.019060 0.063581 0.025214
v -0.027114 0.058507 0.025196
v -0.033431 0.052424 0.025172
v -0.038363 0.045394 0.025142
v -0.041953 0.037459 0.025116
v -0.043970 0.029226 0.025097
v -0.044458 0.020456 0.025067
v -0.043210 0.011470 0.025036
v -0.039996 0.002571 0.024998
v -0.034951 -0.005435 0.024965
v -0.027173 -0.013171 0.024926
v -0.027596 -0.012860 0.036026
v -0.026522 -0.011562 0.041453
v -0.019727 -0.018355 0.041272
v -0.019089 -0.018325 0.024914
v -0.019754 -0.019014 0.035950
v -0.015060 -0.021949 0.035894
v 0.000367 0.017269 0.077854
v -0.019357 -0.000293 0.053245
v -0.017774 0.001984 0.057158
v -0.016164 0.004372 0.061403
v -0.007030 0.015089 0.075618
v -0.013553 0.008051 0.066879
v -0.003506 0.016735 0.077321
v -0.010283 0.012191 0.072295
v -0.011706 0.010500 0.070186
v -0.008521 0.013899 0.074262
v -0.005241 0.016098 0.076688
v 0.022877 -0.002741 0.055378
v 0.008787 0.015529 0.078813
v 0.015943 0.007737 0.070251
v 0.011473 0.013258 0.076612
v 0.006307 0.016945 0.079974
v 0.020091 -0.000293 0.053245
v 0.017387 0.003595 0.059927
v 0.015907 0.005769 0.063481
v 0.007764 0.015089 0.075618
v 0.014287 0.008052 0.066879
v 0.004240 0.016735 0.077321
v 0.011017 0.012191 0.072295
v 0.012440 0.010500 0.070186
v 0.009255 0.013899 0.074262
v 0.005975 0.016098 0.076688
v -0.006617 0.014789 0.075330
v -0.008054 0.013643 0.074022
v -0.009783 0.011968 0.072091
v -0.011184 0.010297 0.070021
v -0.013018 0.007871 0.066730
v -0.015621 0.004210 0.061265
v -0.017230 0.001811 0.057038
v -0.018821 -0.000504 0.053153
v 0.019555 -0.000504 0.053153
v 0.016843 0.003423 0.059807
v 0.015364 0.005606 0.063343
v 0.013752 0.007871 0.066730
v 0.011918 0.010297 0.070021
v 0.010517 0.011968 0.072091
v 0.008788 0.013643 0.074022
v 0.007351 0.014789 0.075330
v 0.005652 0.015749 0.076344
v 0.004028 0.016343 0.076939
v 0.000367 0.016849 0.077446
v -0.003294 0.016343 0.076939
v -0.004918 0.015749 0.076344
v 0.019737 -0.018467 0.046510
v -0.019258 -0.018104 0.046520
v 0.020059 0.001549 0.061721
v -0.018708 0.002487 0.063110
v 0.000367 0.018249 0.080927
v 0.004159 0.017731 0.080580
v -0.003425 0.017731 0.080580
v 0.004107 0.017873 0.083653
v 0.000367 0.018365 0.083878
v -0.022168 -0.006883 0.055844
v -0.015209 0.007737 0.070251
v -0.022391 -0.003104 0.054781
v -0.008053 0.015529 0.078813
v -0.010739 0.013258 0.076612
v -0.005573 0.016945 0.079974
v -0.013037 0.010673 0.073826
v -0.035193 0.000075 0.041637
v -0.037536 -0.001800 0.024979
v -0.037338 -0.001514 0.036210
v -0.039329 0.007709 0.041798
v -0.041798 0.006783 0.025016
v -0.041690 0.006668 0.036346
v -0.041910 0.015453 0.041983
v -0.044004 0.015606 0.025048
v -0.044256 0.015168 0.036479
v -0.043084 0.023979 0.042148
v -0.044429 0.024568 0.025080
v -0.045191 0.024153 0.036615
v -0.042638 0.032454 0.042288
v -0.044468 0.032951 0.036743
v -0.043213 0.033090 0.025105
v -0.042170 0.041406 0.036863
v -0.040485 0.041171 0.025123
v -0.040638 0.040633 0.042417
v -0.036919 0.048620 0.042556
v -0.038167 0.049589 0.036988
v -0.036244 0.048746 0.025153
v -0.031548 0.055866 0.042685
v -0.032532 0.056975 0.037110
v -0.030701 0.055343 0.025181
v -0.024812 0.063533 0.037219
v -0.023328 0.061181 0.025201
v -0.024077 0.062324 0.042807
v -0.014938 0.067069 0.042913
v -0.014568 0.065486 0.025219
v -0.015443 0.068362 0.037298
v -0.004573 0.069588 0.042956
v -0.004523 0.067845 0.025217
v -0.004760 0.070953 0.037334
v -0.023423 -0.015823 0.024925
v -0.024056 -0.015924 0.035986
v -0.022950 -0.015352 0.041386
v -0.014501 -0.020428 0.024905
v -0.004422 -0.022967 0.024895
v -0.029860 -0.007369 0.041407
v -0.031186 -0.009639 0.024950
v -0.031304 -0.009183 0.036038
v -0.038061 -0.002099 0.030621
v -0.035442 -0.005715 0.030569
v -0.040573 0.002252 0.030679
v -0.042431 0.006399 0.030730
v -0.043945 0.011082 0.030783
v -0.044856 0.015239 0.030823
v -0.045443 0.020144 0.030869
v -0.045544 0.024351 0.030904
v -0.045217 0.029145 0.030941
v -0.043428 0.037685 0.030988
v -0.044577 0.033150 0.030965
v -0.039991 0.046010 0.031026
v -0.042053 0.041563 0.031005
v -0.035030 0.053567 0.031055
v -0.037888 0.049601 0.031040
v -0.028487 0.060200 0.031070
v -0.032210 0.056765 0.031065
v -0.020055 0.065710 0.031055
v -0.024536 0.063111 0.031065
v -0.015304 0.067778 0.031036
v -0.010146 0.069353 0.031011
v -0.004739 0.070303 0.030971
v -0.024066 -0.016241 0.030387
v -0.019544 -0.019031 0.030339
v -0.027735 -0.013484 0.030436
v -0.014884 -0.021508 0.030267
v -0.031705 -0.009898 0.030502
v -0.009812 -0.023545 0.030185
v 0.000367 0.069897 0.042909
v 0.000367 0.068145 0.025229
v 0.000367 0.071255 0.037327
v 0.000367 0.070596 0.030937
v 0.000367 -0.023231 0.024888
v -0.016386 -0.021615 0.041164
v 0.010574 0.068656 0.042936
v 0.020405 0.064966 0.042844
v 0.028675 0.059366 0.042729
v 0.034988 0.052618 0.042607
v 0.039574 0.045028 0.042474
v 0.042519 0.036834 0.042339
v 0.043778 0.028608 0.042211
v 0.043483 0.019961 0.042056
v 0.041599 0.011729 0.041880
v 0.038331 0.004099 0.041694
v 0.033553 -0.003390 0.041576
v 0.010923 0.069989 0.037323
v 0.021012 0.066213 0.037258
v 0.029526 0.060522 0.037163
v 0.036086 0.053665 0.037048
v 0.040943 0.045913 0.036924
v 0.044178 0.037495 0.036799
v 0.045730 0.028946 0.036676
v 0.045706 0.019970 0.036541
v 0.010468 0.066943 0.025228
v 0.010240 -0.022029 0.024904
v 0.043994 0.011138 0.036404
v 0.040580 0.002718 0.036266
v 0.035519 -0.005076 0.036145
v 0.019794 0.063581 0.025214
v 0.027848 0.058507 0.025196
v 0.034165 0.052424 0.025172
v 0.039097 0.045394 0.025142
v 0.042687 0.037459 0.025116
v 0.044704 0.029226 0.025097
v 0.045192 0.020456 0.025067
v 0.043944 0.011470 0.025036
v 0.040730 0.002571 0.024998
v 0.035685 -0.005435 0.024965
v 0.027907 -0.013171 0.024926
v 0.028597 -0.012629 0.036029
v 0.027838 -0.010871 0.041452
v 0.020461 -0.018355 0.041272
v 0.019823 -0.018325 0.024914
v 0.020488 -0.019014 0.035950
v 0.015794 -0.021949 0.035894
v 0.035927 0.000075 0.041638
v 0.038270 -0.001800 0.024979
v 0.038072 -0.001514 0.036210
v 0.040063 0.007709 0.041798
v 0.042532 0.006783 0.025016
v 0.042424 0.006668 0.036346
v 0.042644 0.015453 0.041983
v 0.044738 0.015606 0.025048
v 0.044990 0.015168 0.036479
v 0.043818 0.023979 0.042148
v 0.045163 0.024568 0.025080
v 0.045925 0.024153 0.036615
v 0.043372 0.032454 0.042288
v 0.045202 0.032951 0.036743
v 0.043947 0.033090 0.025105
v 0.042904 0.041406 0.036863
v 0.041219 0.041171 0.025123
v 0.041372 0.040633 0.042417
v 0.037653 0.048620 0.042556
v 0.038901 0.049589 0.036988
v 0.036978 0.048746 0.025153
v 0.032282 0.055866 0.042685
v 0.033266 0.056975 0.037110
v 0.031435 0.055343 0.025181
v 0.025546 0.063533 0.037219
v 0.024062 0.061181 0.025201
v 0.024811 0.062324 0.042807
v 0.015672 0.067069 0.042913
v 0.015302 0.065486 0.025219
v 0.016177 0.068362 0.037298
v 0.005307 0.069588 0.042956
v 0.005257 0.067845 0.025217
v 0.005494 0.070954 0.037334
v 0.024157 -0.015823 0.024925
v 0.024790 -0.015924 0.035986
v 0.023983 -0.015074 0.041397
v 0.015235 -0.020428 0.024905
v 0.005156 -0.022967 0.024895
v 0.030595 -0.007369 0.041407
v 0.031920 -0.009639 0.024950
v 0.032038 -0.009183 0.036038
v 0.038795 -0.002098 0.030621
v 0.036176 -0.005715 0.030569
v 0.041307 0.002252 0.030679
v 0.043165 0.006399 0.030730
v 0.044679 0.011082 0.030783
v 0.045590 0.015239 0.030823
v 0.046177 0.020144 0.030869
v 0.046278 0.024351 0.030904
v 0.045951 0.029145 0.030941
v 0.044162 0.037685 0.030988
v 0.045311 0.033151 0.030965
v 0.040725 0.046010 0.031026
v 0.042787 0.041563 0.031005
v 0.035764 0.053567 0.031055
v 0.038622 0.049601 0.031040
v 0.029221 0.060200 0.031070
v 0.032944 0.056765 0.031065
v 0.020789 0.065710 0.031055
v 0.025270 0.063111 0.031065
v 0.016038 0.067778 0.031036
v 0.010880 0.069353 0.031011
v 0.005473 0.070303 0.030971
v 0.024800 -0.016241 0.030387
v 0.020278 -0.019031 0.030339
v 0.028469 -0.013484 0.030436
v 0.015618 -0.021508 0.030267
v 0.032439 -0.009898 0.030502
v 0.010546 -0.023545 0.030185
v 0.017120 -0.021615 0.041164
v 0.021800 -0.015439 0.046511
v -0.009269 -0.016988 0.023623
v -0.013824 -0.015605 0.026363
v -0.017485 -0.013732 0.029578
v -0.020150 -0.011728 0.033580
v -0.021631 -0.009702 0.037393
v -0.004454 -0.017890 0.022442
v 0.000367 -0.018087 0.022379
v -0.022117 -0.007560 0.041254
v 0.010003 -0.016988 0.023623
v 0.014558 -0.015605 0.026363
v 0.018219 -0.013732 0.029578
v 0.020884 -0.011728 0.033580
v 0.022365 -0.009702 0.037393
v 0.005188 -0.017890 0.022442
v 0.022851 -0.007560 0.041254
v -0.010606 -0.008651 0.128367
v -0.007302 -0.007507 0.135286
v -0.020899 -0.011745 0.056483
v -0.021060 -0.015456 0.046518
v -0.019176 -0.010628 0.067315
v -0.018359 -0.010301 0.073315
v -0.017480 -0.010394 0.079667
v -0.016623 -0.010673 0.086764
v -0.015773 -0.010871 0.093886
v -0.014969 -0.010599 0.101225
v -0.014082 -0.010314 0.108522
v -0.013174 -0.009982 0.115498
v -0.012287 -0.009605 0.121321
v -0.003706 -0.003422 0.139572
v 0.004643 0.002250 0.139583
v 0.009871 0.007000 0.131487
v 0.007709 0.005865 0.135799
v 0.009881 0.008716 0.128617
v 0.010758 0.010084 0.122673
v 0.011098 0.010941 0.117096
v 0.011117 0.011463 0.110244
v 0.011116 0.011777 0.102231
v 0.011397 0.011475 0.095096
v 0.013850 0.010604 0.073699
v 0.011946 0.010977 0.087021
v 0.012845 0.010417 0.080199
v -0.021877 -0.005679 0.044392
v 0.022599 -0.005688 0.044392
v -0.007395 0.013366 0.123580
v -0.007471 0.014740 0.117481
v -0.007562 0.015461 0.110421
v -0.007707 0.015824 0.102800
v -0.007899 0.015910 0.095011
v -0.008190 0.000707 0.134541
v -0.008105 0.004384 0.133452
v -0.008158 0.007995 0.131065
v -0.007653 0.010405 0.128958
v -0.008662 0.015230 0.081944
v -0.008212 0.015719 0.087834
v -0.007976 -0.003051 0.135143
v 0.000367 -0.035102 0.060546
v 0.010375 -0.031322 0.058987
v 0.013981 -0.027598 0.056575
v 0.005568 -0.034177 0.060200
v -0.009641 -0.031322 0.058987
v -0.012570 -0.028297 0.057028
v -0.004834 -0.034177 0.060200
v 0.016383 -0.024349 0.052718
v 0.017447 -0.021724 0.046420
v -0.015666 -0.024329 0.052735
v -0.016713 -0.021724 0.046420
v 0.008592 0.015361 0.087844
v 0.009124 0.014967 0.082022
v 0.008670 0.014753 0.117492
v 0.008577 0.013457 0.123605
v 0.008204 0.015409 0.110449
v 0.008326 0.015630 0.095016
v 0.008223 0.015681 0.102814
v 0.026858 -0.012148 0.020196
v 0.025569 -0.010364 0.021099
v 0.030776 -0.008673 0.020233
v 0.029258 -0.007016 0.021120
v 0.000367 -0.021185 0.020104
v 0.000367 -0.018612 0.021069
v 0.009822 -0.020088 0.020168
v 0.019106 -0.016798 0.020192
v 0.009263 -0.017779 0.021045
v 0.018405 -0.014697 0.021087
v 0.022955 -0.014734 0.020203
v 0.022127 -0.012693 0.021097
v 0.014610 -0.018596 0.020181
v 0.005110 -0.020878 0.020170
v 0.004741 -0.018416 0.021055
v 0.013898 -0.016400 0.021074
v -0.009088 -0.020088 0.020168
v -0.018372 -0.016798 0.020192
v -0.008529 -0.017779 0.021045
v -0.017671 -0.014697 0.021087
v -0.022221 -0.014734 0.020203
v -0.021393 -0.012693 0.021097
v -0.013876 -0.018596 0.020181
v -0.004376 -0.020878 0.020170
v -0.004007 -0.018416 0.021055
v -0.013164 -0.016400 0.021074
v -0.026124 -0.012148 0.020196
v -0.024835 -0.010364 0.021099
v -0.030042 -0.008673 0.020233
v -0.028524 -0.007016 0.021120
v 0.034402 -0.004502 0.020257
v 0.039215 0.003460 0.020305
v 0.037198 0.004680 0.021177
v 0.032562 -0.003010 0.021138
v 0.036845 -0.000853 0.020279
v 0.034920 0.000520 0.021155
v 0.040872 0.007639 0.020334
v 0.038737 0.008640 0.021204
v -0.033668 -0.004502 0.020257
v -0.038481 0.003460 0.020305
v -0.036464 0.004680 0.021177
v -0.031828 -0.003010 0.021138
v -0.036111 -0.000853 0.020279
v -0.034186 0.000520 0.021155
v -0.040138 0.007639 0.020334
v -0.038003 0.008640 0.021204
v 0.042193 0.012144 0.020360
v 0.043187 0.020817 0.020405
v 0.042445 0.029185 0.020448
v 0.039924 0.012825 0.021226
v 0.040826 0.020999 0.021263
v 0.040095 0.028963 0.021297
v 0.042825 0.016148 0.020380
v 0.040499 0.016586 0.021243
v 0.043001 0.024754 0.020426
v 0.040640 0.024748 0.021280
v -0.041459 0.012144 0.020360
v -0.042453 0.020817 0.020405
v -0.041711 0.029185 0.020448
v -0.039190 0.012825 0.021226
v -0.040092 0.020999 0.021263
v -0.039361 0.028963 0.021297
v -0.042091 0.016148 0.020380
v -0.039765 0.016586 0.021243
v -0.042267 0.024754 0.020426
v -0.039906 0.024748 0.021280
v 0.040217 0.036906 0.020480
v 0.037956 0.036230 0.021320
v 0.041545 0.032808 0.020464
v 0.039226 0.032369 0.021309
v -0.039483 0.036906 0.020480
v -0.037222 0.036230 0.021320
v -0.040811 0.032808 0.020464
v -0.038492 0.032369 0.021309
v 0.036551 0.044271 0.020513
v 0.034492 0.043203 0.021345
v 0.038657 0.040357 0.020494
v 0.036481 0.039503 0.021330
v 0.034435 0.047282 0.020529
v 0.032492 0.046023 0.021357
v -0.035817 0.044271 0.020513
v -0.033758 0.043203 0.021345
v -0.037923 0.040357 0.020494
v -0.035747 0.039503 0.021330
v -0.033701 0.047281 0.020529
v -0.031758 0.046023 0.021357
v 0.031742 0.050574 0.020552
v 0.025709 0.055816 0.020600
v 0.024264 0.053952 0.021411
v 0.029953 0.049092 0.021373
v 0.029103 0.053059 0.020575
v 0.027472 0.051383 0.021391
v 0.000367 0.062180 0.021456
v 0.000367 0.064525 0.020655
v 0.018241 0.060283 0.020635
v 0.009790 0.063305 0.020660
v 0.009313 0.061020 0.021462
v 0.017226 0.058149 0.021440
v 0.022161 0.058127 0.020619
v 0.020918 0.056118 0.021427
v 0.014128 0.061968 0.020650
v 0.013352 0.059754 0.021453
v 0.004901 0.064140 0.020655
v 0.004650 0.061817 0.021457
v -0.017507 0.060283 0.020635
v -0.009056 0.063305 0.020660
v -0.008579 0.061020 0.021462
v -0.016492 0.058149 0.021440
v -0.021427 0.058127 0.020619
v -0.020185 0.056118 0.021427
v -0.013394 0.061968 0.020650
v -0.012618 0.059754 0.021453
v -0.004167 0.064140 0.020655
v -0.003916 0.061817 0.021457
v -0.031008 0.050574 0.020552
v -0.024975 0.055816 0.020600
v -0.023530 0.053952 0.021411
v -0.029219 0.049092 0.021373
v -0.028369 0.053059 0.020575
v -0.026738 0.051383 0.021391
v 0.026570 -0.008130 0.046506
v 0.030957 -0.001204 0.046735
v 0.035154 0.006037 0.046636
v 0.029006 0.000327 0.045199
v 0.032992 0.002218 0.046727
v 0.031098 0.003536 0.045206
v 0.028625 -0.004996 0.046792
v 0.026308 -0.002622 0.045244
v 0.023252 -0.004920 0.045083
v -0.022518 -0.004920 0.045083
v -0.030223 -0.001204 0.046735
v -0.034420 0.006037 0.046636
v -0.028272 0.000327 0.045199
v -0.025836 -0.008130 0.046506
v -0.032258 0.002218 0.046727
v -0.030364 0.003536 0.045206
v -0.027891 -0.004996 0.046792
v -0.025574 -0.002622 0.045244
v 0.038054 0.012697 0.046671
v 0.040071 0.020094 0.046697
v 0.033185 0.007214 0.045133
v 0.035967 0.013388 0.045148
v 0.037911 0.020351 0.045174
v 0.036674 0.009247 0.046645
v 0.034651 0.010228 0.045136
v 0.039094 0.016008 0.046678
v 0.036963 0.016489 0.045159
v 0.040462 0.023851 0.046758
v 0.038353 0.023929 0.045191
v -0.037320 0.012697 0.046671
v -0.039337 0.020094 0.046697
v -0.032451 0.007214 0.045133
v -0.035233 0.013388 0.045148
v -0.037177 0.020351 0.045174
v -0.035940 0.009247 0.046645
v -0.033917 0.010228 0.045136
v -0.038360 0.016008 0.046678
v -0.036229 0.016489 0.045159
v -0.039728 0.023851 0.046758
v -0.037619 0.023929 0.045191
v 0.040628 0.028201 0.046804
v 0.039916 0.035943 0.046669
v 0.038554 0.028080 0.045210
v 0.037744 0.035370 0.045238
v 0.035343 0.042797 0.045273
v 0.040449 0.031796 0.046737
v 0.038320 0.031465 0.045224
v 0.038891 0.039544 0.046701
v 0.036797 0.038800 0.045253
v -0.039894 0.028201 0.046804
v -0.039182 0.035943 0.046669
v -0.037820 0.028080 0.045210
v -0.037010 0.035370 0.045238
v -0.034609 0.042797 0.045273
v -0.039715 0.031796 0.046737
v -0.037586 0.031465 0.045224
v -0.038157 0.039544 0.046701
v -0.036063 0.038800 0.045253
v 0.037326 0.043744 0.046749
v 0.033199 0.051045 0.046725
v 0.031442 0.049652 0.045307
v 0.035576 0.047171 0.046737
v 0.033687 0.046020 0.045287
v 0.029088 0.052565 0.045328
v -0.036592 0.043744 0.046749
v -0.032465 0.051045 0.046725
v -0.030708 0.049652 0.045307
v -0.034842 0.047171 0.046737
v -0.032953 0.046020 0.045287
v -0.028354 0.052565 0.045328
v 0.027312 0.057571 0.046771
v 0.025931 0.055817 0.045353
v 0.030665 0.054141 0.046750
v 0.023641 0.060419 0.046735
v 0.018503 0.060973 0.045389
v 0.022449 0.058501 0.045372
v -0.017769 0.060973 0.045389
v -0.021715 0.058501 0.045372
v -0.026578 0.057571 0.046771
v -0.025197 0.055817 0.045353
v -0.029931 0.054141 0.046750
v -0.022907 0.060419 0.046735
v 0.000367 0.067852 0.046757
v 0.000367 0.065592 0.045413
v 0.019480 0.063039 0.046712
v 0.010094 0.066557 0.046773
v 0.009663 0.064357 0.045417
v 0.014918 0.065009 0.046744
v 0.014190 0.062873 0.045405
v 0.005052 0.067438 0.046762
v 0.004827 0.065208 0.045413
v -0.018746 0.063039 0.046712
v -0.009360 0.066557 0.046773
v -0.008929 0.064357 0.045417
v -0.014184 0.065009 0.046744
v -0.013456 0.062873 0.045405
v -0.004318 0.067438 0.046762
v -0.004093 0.065208 0.045413
v 0.010722 -0.015009 0.076718
v 0.012162 -0.012792 0.076037
v 0.013272 -0.009052 0.076760
v 0.013749 -0.002721 0.079469
v 0.013210 0.001909 0.082019
v 0.012685 0.003654 0.083916
v 0.012233 0.004665 0.086764
v 0.012212 0.004465 0.089600
v 0.012433 0.002853 0.092469
v 0.012770 0.000801 0.094067
v 0.013016 -0.001917 0.094630
v 0.013048 -0.005047 0.094104
v 0.012581 -0.008972 0.092636
v 0.011669 -0.012955 0.090808
v 0.010217 -0.016131 0.089011
v 0.009192 -0.017489 0.087527
v 0.008127 -0.018160 0.085515
v 0.007452 -0.018240 0.083303
v 0.007333 -0.017851 0.081415
v 0.008012 -0.017102 0.079387
v 0.009214 -0.016262 0.077855
v -0.011944 -0.023191 0.051548
v -0.012589 -0.021236 0.046965
v -0.010743 -0.021376 0.039879
v -0.009153 -0.021864 0.037556
v -0.006555 -0.022331 0.035201
v -0.003658 -0.022598 0.033620
v 0.000360 -0.022649 0.032857
v 0.004378 -0.022598 0.033620
v 0.007276 -0.022331 0.035201
v 0.009874 -0.021864 0.037556
v 0.011463 -0.021376 0.039879
v 0.013309 -0.021236 0.046965
v 0.012664 -0.023191 0.051548
v 0.010919 -0.025604 0.054454
v 0.008188 -0.028184 0.056253
v 0.004477 -0.030232 0.057232
v 0.000360 -0.031045 0.057675
v -0.003757 -0.030232 0.057232
v -0.007468 -0.028184 0.056253
v -0.010198 -0.025604 0.054454
v -0.012047 -0.020986 0.043431
v 0.012767 -0.020986 0.043431
v 0.004991 -0.033932 0.057774
v 0.009166 -0.031629 0.056673
v 0.012237 -0.028726 0.054650
v 0.000360 -0.034846 0.058273
v -0.004271 -0.033932 0.057774
v -0.008445 -0.031629 0.056673
v -0.011517 -0.028726 0.054650
v 0.014201 -0.026011 0.051381
v 0.014926 -0.023812 0.046226
v 0.000360 -0.025401 0.030356
v 0.005155 -0.025345 0.031215
v 0.011062 -0.024519 0.035643
v 0.008139 -0.025045 0.032993
v 0.012850 -0.023971 0.038255
v 0.014316 -0.023531 0.042251
v -0.013480 -0.026011 0.051381
v -0.014205 -0.023812 0.046226
v -0.004435 -0.025345 0.031215
v -0.010341 -0.024519 0.035643
v -0.007419 -0.025045 0.032993
v -0.012129 -0.023971 0.038255
v -0.013596 -0.023531 0.042251
v 0.008309 -0.019557 0.080699
v 0.009204 -0.019785 0.085491
v 0.011937 -0.015951 0.075349
v 0.008986 -0.018647 0.078340
v 0.010335 -0.017572 0.076619
v 0.008417 -0.019983 0.082868
v 0.013536 -0.013340 0.074673
v 0.014812 -0.009227 0.075635
v 0.010430 -0.018657 0.087635
v 0.011547 -0.017007 0.089143
v 0.013128 -0.013593 0.091152
v 0.014120 -0.009157 0.093130
v 0.014623 -0.005009 0.094737
v 0.014207 0.004647 0.083454
v 0.013731 0.005778 0.086642
v 0.014754 0.002695 0.081360
v 0.014602 -0.001584 0.095312
v 0.014338 0.001413 0.094720
v 0.013621 0.005443 0.089804
v 0.015329 -0.002369 0.078575
v 0.013971 0.003666 0.092952
v 0.011876 0.000488 0.127709
v 0.011991 -0.005736 0.127126
v -0.010812 -0.006010 0.128866
v -0.010993 0.000173 0.128715
v -0.010548 0.006275 0.126589
v 0.021460 -0.006416 0.056306
v 0.025332 -0.010039 0.046508
v 0.021440 -0.011943 0.051878
v 0.023257 -0.008353 0.051353
v 0.024723 -0.005436 0.050942
v 0.021671 -0.002607 0.049164
v 0.021077 -0.003096 0.048772
v 0.023174 -0.013368 0.046511
v 0.013311 -0.022101 0.049392
v 0.014886 -0.024804 0.048948
v 0.017066 -0.022764 0.049819
v 0.018455 -0.019227 0.051389
v 0.019802 -0.015670 0.051967
v -0.012522 -0.021947 0.049136
v -0.014102 -0.024636 0.048659
v -0.016462 -0.022733 0.049385
v -0.018261 -0.019097 0.050777
v -0.020117 -0.015638 0.051504
v -0.023658 -0.008371 0.051213
v -0.020472 -0.003300 0.048419
v -0.021065 -0.002794 0.048834
v -0.024138 -0.005653 0.050583
v -0.024665 -0.009997 0.046501
v -0.022599 -0.013151 0.046513
v -0.021855 -0.012276 0.051496
v 0.014341 0.007015 0.077093
v 0.018022 0.004618 0.066008
v 0.017348 0.000863 0.068940
v -0.015618 -0.018573 0.060794
v -0.014893 -0.022452 0.057663
v -0.014674 -0.025796 0.054794
v -0.012713 -0.027205 0.053158
v -0.011284 -0.024236 0.053147
v -0.020525 -0.000275 0.059010
v -0.021125 -0.005610 0.060675
v -0.019948 -0.011136 0.062054
v -0.017063 -0.016285 0.062542
v 0.014345 -0.005538 0.102261
v 0.014170 -0.005550 0.109125
v 0.013746 -0.005461 0.115688
v 0.013056 -0.005328 0.121565
v 0.013999 0.001501 0.102754
v 0.013764 0.001422 0.109794
v 0.013358 0.001245 0.116274
v 0.012707 0.001088 0.122040
v 0.014163 0.001480 0.098156
v 0.014457 -0.001912 0.098475
v 0.014459 -0.005331 0.097987
v 0.014116 -0.009503 0.096725
vt 0.929400 0.235534
vt 0.929520 0.246760
vt 0.940749 0.246175
vt 0.940331 0.268846
vt 0.941197 0.235383
vt 0.918679 0.246585
vt 0.917721 0.235815
vt 0.907189 0.246381
vt 0.905624 0.236721
vt 0.919549 0.269217
vt 0.910185 0.267292
vt 0.968944 0.208586
vt 0.978321 0.201173
vt 0.965105 0.198509
vt 0.972109 0.193572
vt 0.982820 0.209547
vt 0.966169 0.236428
vt 0.963320 0.245788
vt 0.976413 0.247231
vt 0.968718 0.255640
vt 0.981747 0.238203
vt 0.949639 0.266558
vt 0.951800 0.245541
vt 0.958843 0.262669
vt 0.929939 0.269700
vt 0.969243 0.217300
vt 0.955805 0.215518
vt 0.957487 0.205295
vt 0.888364 0.218658
vt 0.902054 0.216373
vt 0.888399 0.209755
vt 0.900062 0.206499
vt 0.874610 0.211267
vt 0.872738 0.220032
vt 0.968628 0.226643
vt 0.954447 0.225655
vt 0.942268 0.213881
vt 0.928933 0.213241
vt 0.941891 0.225000
vt 0.929130 0.224814
vt 0.916697 0.225419
vt 0.915577 0.214480
vt 0.903756 0.226556
vt 0.873357 0.229977
vt 0.889895 0.228000
vt 0.953380 0.235864
vt 0.984850 0.228029
vt 0.985071 0.218147
vt 0.876917 0.240081
vt 0.892664 0.237746
vt 0.900905 0.263697
vt 0.896487 0.247036
vt 0.882617 0.249013
vt 0.890780 0.257051
vt 0.893151 0.187594
vt 0.885043 0.194602
vt 0.896547 0.191848
vt 0.892528 0.200680
vt 0.900494 0.183174
vt 0.943649 0.202294
vt 0.913935 0.202548
vt 0.928675 0.200723
vt 0.939288 0.184923
vt 0.937175 0.176509
vt 0.928462 0.184084
vt 0.928359 0.176023
vt 0.917750 0.185184
vt 0.919597 0.176773
vt 0.947647 0.178938
vt 0.950858 0.187539
vt 0.909297 0.179477
vt 0.906284 0.188295
vt 0.941439 0.193490
vt 0.954127 0.196297
vt 0.928567 0.192290
vt 0.915868 0.193748
vt 0.903215 0.197273
vt 0.878758 0.202582
vt 0.960776 0.190452
vt 0.963978 0.186721
vt 0.956524 0.182538
vt 0.891222 0.186735
vt 0.899279 0.181747
vt 0.908490 0.177836
vt 0.918754 0.175078
vt 0.928330 0.174187
vt 0.919676 0.271047
vt 0.909372 0.268953
vt 0.899313 0.265006
vt 0.929975 0.271492
vt 0.889266 0.258217
vt 0.880988 0.249887
vt 0.937986 0.174770
vt 0.957750 0.181065
vt 0.948444 0.177263
vt 0.965848 0.185854
vt 0.979932 0.200355
vt 0.973783 0.192653
vt 0.984517 0.208976
vt 0.986595 0.228458
vt 0.983454 0.238751
vt 0.978065 0.248025
vt 0.970263 0.256720
vt 0.986841 0.218002
vt 0.960465 0.263901
vt 0.950530 0.268191
vt 0.940282 0.270687
vt 0.877105 0.201823
vt 0.883276 0.193747
vt 0.872893 0.210761
vt 0.875189 0.240713
vt 0.871626 0.230474
vt 0.870962 0.219954
vt 0.956579 0.885222
vt 0.974001 0.875352
vt 0.950538 0.873428
vt 0.972474 0.862971
vt 0.973995 0.756727
vt 0.976285 0.745928
vt 0.956566 0.746855
vt 0.962902 0.737400
vt 0.972767 0.816046
vt 0.972739 0.806082
vt 0.939920 0.816048
vt 0.940315 0.805319
vt 0.945512 0.859263
vt 0.972266 0.850820
vt 0.972469 0.769114
vt 0.950525 0.758656
vt 0.941839 0.843154
vt 0.972600 0.838567
vt 0.945502 0.772827
vt 0.972263 0.781268
vt 0.972740 0.826010
vt 0.940318 0.826777
vt 0.941832 0.788940
vt 0.972598 0.793524
vt 0.967806 0.901549
vt 0.978968 0.895871
vt 0.962912 0.894674
vt 0.976292 0.886144
vt 0.967799 0.730525
vt 0.978966 0.736207
vt 0.971085 0.723773
vt 0.992080 0.725179
vt 0.971094 0.908297
vt 0.992080 0.906886
vt 0.992080 0.894923
vt 0.992080 0.737148
vt 0.974238 0.716101
vt 0.992080 0.714730
vt 0.992080 0.872558
vt 0.992080 0.861260
vt 0.977078 0.706846
vt 0.992080 0.704653
vt 0.992080 0.748502
vt 0.992080 0.759523
vt 0.992080 0.805273
vt 0.992080 0.816047
vt 0.992080 0.849979
vt 0.980367 0.689614
vt 0.992080 0.685428
vt 0.980585 0.679345
vt 0.992080 0.675419
vt 0.992080 0.770825
vt 0.974249 0.915963
vt 0.977090 0.925211
vt 0.992080 0.917329
vt 0.992080 0.927400
vt 0.980772 0.667816
vt 0.992080 0.664993
vt 0.992080 0.838855
vt 0.978831 0.698772
vt 0.992080 0.694996
vt 0.992080 0.782110
vt 0.980376 0.942428
vt 0.980595 0.952688
vt 0.992080 0.946610
vt 0.992080 0.956611
vt 0.980782 0.964207
vt 0.992080 0.967027
vt 0.980213 0.655688
vt 0.992080 0.653973
vt 0.978842 0.933278
vt 0.992080 0.937033
vt 0.992080 0.826821
vt 0.979637 0.643483
vt 0.992080 0.642534
vt 0.992080 0.793238
vt 0.980224 0.976324
vt 0.992080 0.978038
vt 0.992080 0.883575
vt 0.979648 0.988518
vt 0.992080 0.989466
vt 0.986734 0.208230
vt 0.982035 0.199287
vt 0.989152 0.217812
vt 0.988872 0.229019
vt 0.985682 0.239467
vt 0.980221 0.249062
vt 0.972280 0.258129
vt 0.962584 0.265511
vt 0.951693 0.270324
vt 0.940219 0.273090
vt 0.930022 0.273832
vt 0.919840 0.273437
vt 0.908310 0.271122
vt 0.897234 0.266716
vt 0.887289 0.259741
vt 0.878862 0.251027
vt 0.872932 0.241539
vt 0.869367 0.231123
vt 0.868643 0.219852
vt 0.870651 0.210100
vt 0.874947 0.200832
vt 0.880969 0.192631
vt 0.888704 0.185614
vt 0.897694 0.179885
vt 0.907435 0.175692
vt 0.917652 0.172865
vt 0.928292 0.171788
vt 0.939044 0.172501
vt 0.949486 0.175077
vt 0.959352 0.179142
vt 0.968289 0.184722
vt 0.975970 0.191453
vt 0.124739 0.666610
vt 0.096284 0.636207
vt 0.084092 0.665292
vt 0.037016 0.880237
vt 0.043279 0.897017
vt 0.102768 0.891837
vt 0.111852 0.738656
vt 0.169777 0.793650
vt 0.172663 0.744168
vt 0.186023 0.776338
vt 0.159326 0.839224
vt 0.160490 0.815529
vt 0.096814 0.828981
vt 0.084542 0.950158
vt 0.098832 0.960133
vt 0.120445 0.919576
vt 0.151333 0.938100
vt 0.190225 0.939028
vt 0.175733 0.981004
vt 0.200429 0.978023
vt 0.158987 0.980359
vt 0.135899 0.975949
vt 0.113842 0.968134
vt 0.221633 0.972227
vt 0.237255 0.929083
vt 0.166394 0.861928
vt 0.055498 0.918590
vt 0.071224 0.938153
vt 0.236727 0.965615
vt 0.251230 0.957109
vt 0.264946 0.946730
vt 0.277618 0.934476
vt 0.247604 0.895016
vt 0.032608 0.861087
vt 0.036429 0.801634
vt 0.051675 0.755748
vt 0.291183 0.749732
vt 0.277144 0.709822
vt 0.236235 0.744845
vt 0.230291 0.710522
vt 0.246784 0.633023
vt 0.219837 0.666383
vt 0.260111 0.664345
vt 0.172494 0.710258
vt 0.066688 0.712206
vt 0.031893 0.823187
vt 0.030613 0.841259
vt 0.207220 0.765740
vt 0.230700 0.763214
vt 0.272907 0.781685
vt 0.253484 0.768825
vt 0.286866 0.800110
vt 0.305619 0.790936
vt 0.310954 0.808377
vt 0.292972 0.845263
vt 0.314371 0.854426
vt 0.315387 0.839944
vt 0.307977 0.882514
vt 0.311889 0.868639
vt 0.284024 0.866719
vt 0.201012 0.893455
vt 0.224218 0.898368
vt 0.180903 0.880786
vt 0.171585 0.634584
vt 0.107419 0.614726
vt 0.236139 0.612488
vt 0.119062 0.596468
vt 0.172152 0.596409
vt 0.127887 0.585700
vt 0.138855 0.576832
vt 0.225198 0.596428
vt 0.216380 0.585602
vt 0.205723 0.576827
vt 0.149173 0.571316
vt 0.172155 0.566996
vt 0.195261 0.571108
vt 0.433498 0.061948
vt 0.433498 0.056052
vt 0.415673 0.061948
vt 0.415673 0.056052
vt 0.791657 0.073948
vt 0.805075 0.073948
vt 0.791657 0.068052
vt 0.805075 0.068052
vt 0.528039 0.073948
vt 0.541510 0.073948
vt 0.528039 0.068052
vt 0.541510 0.068052
vt 0.191491 0.835108
vt 0.185803 0.835842
vt 0.195235 0.846891
vt 0.190141 0.849566
vt 0.299258 0.504439
vt 0.320742 0.504439
vt 0.299258 0.491346
vt 0.320742 0.491346
vt 0.299258 0.403182
vt 0.320742 0.403182
vt 0.299258 0.382743
vt 0.320742 0.382743
vt 0.263132 0.852996
vt 0.253127 0.863558
vt 0.278801 0.863289
vt 0.264521 0.878869
vt 0.483286 0.061948
vt 0.483286 0.056052
vt 0.458469 0.061948
vt 0.458469 0.056052
vt 0.831833 0.068052
vt 0.818468 0.068052
vt 0.831834 0.073948
vt 0.818468 0.073948
vt 0.560156 0.073948
vt 0.582290 0.073948
vt 0.560156 0.068052
vt 0.582290 0.068052
vt 0.591328 0.056052
vt 0.591328 0.061948
vt 0.610190 0.056052
vt 0.610190 0.061948
vt 0.192113 0.822783
vt 0.197023 0.811398
vt 0.186520 0.821487
vt 0.192200 0.808230
vt 0.299258 0.476441
vt 0.320742 0.476441
vt 0.299258 0.459931
vt 0.320742 0.459931
vt 0.299258 0.362013
vt 0.320742 0.362013
vt 0.299258 0.341283
vt 0.320742 0.341283
vt 0.256245 0.800070
vt 0.268741 0.786281
vt 0.243903 0.792335
vt 0.251088 0.774702
vt 0.268855 0.839696
vt 0.286943 0.843871
vt 0.702123 0.073948
vt 0.744113 0.073948
vt 0.702123 0.068052
vt 0.744113 0.068052
vt 0.268318 0.883973
vt 0.299555 0.902230
vt 0.166997 0.817018
vt 0.175383 0.797295
vt 0.501314 0.061948
vt 0.501314 0.056052
vt 0.851648 0.073948
vt 0.851648 0.068052
vt 0.614878 0.073948
vt 0.614878 0.068052
vt 0.630881 0.061948
vt 0.630881 0.056052
vt 0.172330 0.666653
vt 0.205614 0.802326
vt 0.202140 0.797675
vt 0.299258 0.442048
vt 0.320742 0.442048
vt 0.299258 0.320843
vt 0.320742 0.320843
vt 0.190052 0.781673
vt 0.565202 0.061948
vt 0.565202 0.056052
vt 0.538707 0.061948
vt 0.538707 0.056052
vt 0.887591 0.073948
vt 0.903711 0.073948
vt 0.887591 0.068052
vt 0.903711 0.068052
vt 0.992328 0.061948
vt 0.992328 0.056052
vt 0.982480 0.061948
vt 0.982480 0.056052
vt 0.745024 0.061948
vt 0.745024 0.056052
vt 0.693981 0.061948
vt 0.693981 0.056052
vt 0.241705 0.797733
vt 0.229373 0.795055
vt 0.229628 0.789221
vt 0.249658 0.858883
vt 0.258300 0.849808
vt 0.299258 0.281973
vt 0.320742 0.281973
vt 0.299258 0.264086
vt 0.320742 0.264086
vt 0.230432 0.769716
vt 0.215133 0.791077
vt 0.209198 0.772074
vt 0.293906 0.822101
vt 0.314438 0.825526
vt 0.240076 0.870126
vt 0.225551 0.871925
vt 0.245722 0.888793
vt 0.224551 0.891758
vt 0.165945 0.838379
vt 0.519755 0.061948
vt 0.519755 0.056052
vt 0.871414 0.073948
vt 0.871414 0.068052
vt 0.968368 0.061948
vt 0.968368 0.056052
vt 0.956384 0.061948
vt 0.956384 0.056052
vt 0.670822 0.061948
vt 0.670822 0.056052
vt 0.651809 0.061948
vt 0.651809 0.056052
vt 0.846590 0.061948
vt 0.846590 0.056052
vt 0.793688 0.061948
vt 0.793688 0.056052
vt 0.216845 0.796652
vt 0.299258 0.423043
vt 0.320742 0.423043
vt 0.299258 0.300980
vt 0.320742 0.300980
vt 0.211293 0.868756
vt 0.203582 0.887280
vt 0.919395 0.073948
vt 0.934661 0.073948
vt 0.919395 0.068052
vt 0.934661 0.068052
vt 0.488948 0.073948
vt 0.502782 0.073948
vt 0.488948 0.068052
vt 0.502782 0.068052
vt 0.879766 0.061948
vt 0.879766 0.056052
vt 0.661479 0.073948
vt 0.661479 0.068052
vt 0.252361 0.804379
vt 0.260051 0.814204
vt 0.265154 0.811508
vt 0.225828 0.866088
vt 0.238380 0.864533
vt 0.299258 0.247572
vt 0.320742 0.247572
vt 0.299258 0.232662
vt 0.320742 0.232662
vt 0.281438 0.802959
vt 0.287817 0.822893
vt 0.269550 0.825271
vt 0.172330 0.858837
vt 0.162529 0.567892
vt 0.263240 0.838394
vt 0.941876 0.061948
vt 0.941876 0.056052
vt 0.927532 0.061948
vt 0.927532 0.056052
vt 0.949572 0.073948
vt 0.969431 0.073948
vt 0.949572 0.068052
vt 0.969431 0.068052
vt 0.761624 0.073948
vt 0.778191 0.073948
vt 0.761624 0.068052
vt 0.778191 0.068052
vt 0.514582 0.073948
vt 0.514582 0.068052
vt 0.263842 0.826021
vt 0.213506 0.863371
vt 0.202885 0.856707
vt 0.198999 0.860996
vt 0.299258 0.219566
vt 0.320742 0.219566
vt 0.299258 0.208466
vt 0.320742 0.208466
vt 0.288673 0.920722
vt 0.479142 0.073948
vt 0.479142 0.068052
vt 0.181808 0.567937
vt 0.991858 0.073948
vt 0.991858 0.068052
vt 0.299258 0.515534
vt 0.320742 0.515534
vt 0.185427 0.875838
vt 0.905049 0.061948
vt 0.905049 0.056052
vt 0.827644 0.578987
vt 0.800356 0.578987
vt 0.814000 0.581393
vt 0.800356 0.504013
vt 0.827643 0.504013
vt 0.814000 0.501607
vt 0.707767 0.125319
vt 0.724424 0.125319
vt 0.707771 0.114606
vt 0.724428 0.114606
vt 0.779451 0.521554
vt 0.774712 0.534573
vt 0.848548 0.521553
vt 0.853286 0.534573
vt 0.691110 0.125319
vt 0.691115 0.114606
vt 0.974236 0.114606
vt 0.974235 0.125319
vt 0.990890 0.114606
vt 0.990889 0.125319
vt 0.788357 0.572060
vt 0.839643 0.572060
vt 0.957582 0.114606
vt 0.957581 0.125319
vt 0.779451 0.561446
vt 0.848548 0.561446
vt 0.924275 0.114606
vt 0.924274 0.125319
vt 0.940928 0.114606
vt 0.940927 0.125319
vt 0.853287 0.548427
vt 0.774712 0.548427
vt 0.791052 0.114606
vt 0.774397 0.114606
vt 0.791048 0.125319
vt 0.774392 0.125319
vt 0.874317 0.114606
vt 0.874316 0.125319
vt 0.890969 0.114606
vt 0.890969 0.125319
vt 0.757741 0.114606
vt 0.741084 0.114606
vt 0.757737 0.125319
vt 0.741080 0.125319
vt 0.841010 0.125319
vt 0.857663 0.125319
vt 0.841012 0.114606
vt 0.857665 0.114606
vt 0.824359 0.114606
vt 0.824357 0.125319
vt 0.907621 0.114606
vt 0.907621 0.125319
vt 0.807706 0.114606
vt 0.807703 0.125319
vt 0.839643 0.510940
vt 0.788357 0.510940
vt 0.378111 0.569339
vt 0.356304 0.556780
vt 0.349953 0.593016
vt 0.331526 0.561174
vt 0.315366 0.580467
vt 0.315394 0.605635
vt 0.331591 0.624895
vt 0.356378 0.629239
vt 0.378160 0.616636
vt 0.386745 0.592978
vt 0.380502 0.444579
vt 0.380501 0.481522
vt 0.404250 0.453221
vt 0.416886 0.475108
vt 0.356755 0.453220
vt 0.344117 0.475104
vt 0.348503 0.499993
vt 0.367863 0.516237
vt 0.393133 0.516237
vt 0.412494 0.499995
vt 0.035574 0.311303
vt 0.035574 0.292901
vt 0.030234 0.311303
vt 0.030234 0.292901
vt 0.030234 0.274497
vt 0.035574 0.274497
vt 0.030234 0.256098
vt 0.035574 0.256098
vt 0.035574 0.348108
vt 0.035574 0.329706
vt 0.030234 0.348108
vt 0.030234 0.329706
vt 0.035574 0.366511
vt 0.030234 0.366511
vt 0.035574 0.384913
vt 0.030234 0.384913
vt 0.035574 0.403316
vt 0.030234 0.403316
vt 0.035574 0.421718
vt 0.030234 0.421718
vt 0.035574 0.440120
vt 0.030235 0.440120
vt 0.035574 0.127283
vt 0.035574 0.102412
vt 0.030235 0.127283
vt 0.030235 0.102412
vt 0.035574 0.145684
vt 0.030234 0.145684
vt 0.035574 0.164086
vt 0.030234 0.164086
vt 0.035574 0.182487
vt 0.030234 0.182487
vt 0.035574 0.200890
vt 0.030234 0.200890
vt 0.035574 0.219293
vt 0.030234 0.219293
vt 0.035574 0.237695
vt 0.030234 0.237695
vt 0.330237 0.543623
vt 0.316951 0.551308
vt 0.297855 0.582280
vt 0.303095 0.567849
vt 0.297881 0.603861
vt 0.303149 0.618278
vt 0.317037 0.634791
vt 0.330337 0.642449
vt 0.366699 0.643494
vt 0.351588 0.646174
vt 0.395233 0.620924
vt 0.385375 0.632690
vt 0.402597 0.600639
vt 0.402577 0.585286
vt 0.385293 0.553273
vt 0.395173 0.565019
vt 0.366596 0.542506
vt 0.351480 0.539857
vt 0.010029 0.440120
vt 0.010029 0.421718
vt 0.010028 0.403316
vt 0.010027 0.384913
vt 0.010027 0.366511
vt 0.010027 0.256098
vt 0.010027 0.274500
vt 0.010026 0.348108
vt 0.010027 0.237695
vt 0.010027 0.329706
vt 0.010026 0.219293
vt 0.010027 0.311303
vt 0.010026 0.200890
vt 0.010028 0.145684
vt 0.010028 0.164086
vt 0.010027 0.292901
vt 0.010027 0.182487
vt 0.010029 0.127283
vt 0.010030 0.102412
vt 0.035574 0.628402
vt 0.035574 0.610000
vt 0.029433 0.628402
vt 0.029433 0.610000
vt 0.029433 0.591598
vt 0.035574 0.591598
vt 0.029433 0.573196
vt 0.035574 0.573196
vt 0.035574 0.665207
vt 0.035574 0.646804
vt 0.029434 0.665207
vt 0.029434 0.646804
vt 0.035574 0.683610
vt 0.029434 0.683610
vt 0.035574 0.702012
vt 0.029433 0.702012
vt 0.035574 0.720414
vt 0.029433 0.720414
vt 0.035574 0.738816
vt 0.029433 0.738816
vt 0.035574 0.757218
vt 0.029433 0.757218
vt 0.035574 0.775619
vt 0.029433 0.775619
vt 0.035574 0.462782
vt 0.035574 0.444381
vt 0.029433 0.462782
vt 0.029432 0.444381
vt 0.035574 0.481184
vt 0.029433 0.481184
vt 0.035574 0.499587
vt 0.029433 0.499587
vt 0.035574 0.517989
vt 0.029434 0.517989
vt 0.035574 0.536391
vt 0.029434 0.536391
vt 0.035574 0.554794
vt 0.029434 0.554794
vt 0.340631 0.445989
vt 0.352437 0.436085
vt 0.329793 0.464751
vt 0.327111 0.479930
vt 0.330870 0.501273
vt 0.338582 0.514623
vt 0.355183 0.528549
vt 0.369666 0.533818
vt 0.405814 0.528547
vt 0.391331 0.533817
vt 0.430122 0.501278
vt 0.422412 0.514623
vt 0.433889 0.479940
vt 0.431217 0.464756
vt 0.408569 0.436084
vt 0.420378 0.445989
vt 0.372797 0.428676
vt 0.388208 0.428675
vt 0.009226 0.757218
vt 0.009227 0.738816
vt 0.009227 0.720414
vt 0.009227 0.702012
vt 0.009227 0.683610
vt 0.009227 0.573196
vt 0.009227 0.591598
vt 0.009227 0.646804
vt 0.009227 0.665207
vt 0.009227 0.536391
vt 0.009227 0.554794
vt 0.009227 0.628402
vt 0.009227 0.517989
vt 0.009227 0.610000
vt 0.009227 0.499587
vt 0.009226 0.481184
vt 0.009226 0.462782
vt 0.009226 0.775619
vt 0.009226 0.444381
vt 0.135507 0.064386
vt 0.149297 0.064386
vt 0.149297 0.044571
vt 0.163376 0.064386
vt 0.177643 0.064386
vt 0.177897 0.044571
vt 0.192061 0.064386
vt 0.206538 0.064386
vt 0.206680 0.044571
vt 0.220992 0.064386
vt 0.235322 0.064386
vt 0.249459 0.064386
vt 0.234039 0.044571
vt 0.021439 0.064386
vt 0.035476 0.064386
vt 0.035476 0.044571
vt 0.049774 0.064386
vt 0.064211 0.064386
vt 0.064211 0.044571
vt 0.078675 0.064386
vt 0.093119 0.064386
vt 0.107441 0.064386
vt 0.093119 0.044571
vt 0.121598 0.044571
vt 0.007637 0.064386
vt 0.007637 0.044571
vt 0.263363 0.064386
vt 0.263363 0.044571
vt 0.121598 0.064386
vt 0.395609 0.123483
vt 0.405739 0.096014
vt 0.367296 0.123457
vt 0.357374 0.095862
vt 0.007637 0.028788
vt 0.035476 0.028788
vt 0.093119 0.085631
vt 0.093119 0.075079
vt 0.078675 0.085631
vt 0.078675 0.075079
vt 0.049774 0.075079
vt 0.035476 0.075079
vt 0.417335 0.141680
vt 0.442645 0.127300
vt 0.064211 0.028788
vt 0.107441 0.085631
vt 0.107441 0.075079
vt 0.021439 0.075079
vt 0.421738 0.169502
vt 0.450355 0.174832
vt 0.093119 0.028788
vt 0.121598 0.085631
vt 0.121598 0.075079
vt 0.007637 0.075079
vt 0.192061 0.075079
vt 0.177643 0.075079
vt 0.402901 0.165924
vt 0.395192 0.178789
vt 0.407392 0.193582
vt 0.121598 0.028788
vt 0.135507 0.085631
vt 0.135507 0.075079
vt 0.206538 0.085631
vt 0.220992 0.085631
vt 0.206538 0.075079
vt 0.220992 0.075079
vt 0.263363 0.075079
vt 0.249459 0.075079
vt 0.163376 0.075079
vt 0.366885 0.178873
vt 0.354640 0.193627
vt 0.381021 0.183884
vt 0.381034 0.203058
vt 0.149297 0.028788
vt 0.177897 0.028788
vt 0.163376 0.085631
vt 0.149297 0.085631
vt 0.149297 0.075079
vt 0.235322 0.085631
vt 0.249459 0.085631
vt 0.235322 0.075079
vt 0.359340 0.166021
vt 0.340318 0.169370
vt 0.425933 0.215984
vt 0.177643 0.085631
vt 0.263363 0.085631
vt 0.362133 0.151283
vt 0.345482 0.141505
vt 0.381004 0.232138
vt 0.192061 0.085631
vt 0.007637 0.085631
vt 0.021439 0.085631
vt 0.373840 0.141656
vt 0.335969 0.215959
vt 0.035476 0.085631
vt 0.388996 0.141625
vt 0.311645 0.174399
vt 0.206680 0.028788
vt 0.049774 0.085631
vt 0.400535 0.151210
vt 0.320179 0.126776
vt 0.234039 0.028788
vt 0.064211 0.085631
vt 0.064211 0.075079
vt 0.263363 0.028788
vt 0.121598 0.098019
vt 0.135507 0.098019
vt 0.149297 0.098019
vt 0.206538 0.098019
vt 0.220992 0.098019
vt 0.235322 0.098019
vt 0.249459 0.098019
vt 0.263363 0.098019
vt 0.007637 0.098019
vt 0.021439 0.098019
vt 0.035476 0.098019
vt 0.049774 0.098019
vt 0.064211 0.098019
vt 0.078675 0.098019
vt 0.093119 0.098019
vt 0.107441 0.098019
vt 0.163376 0.098019
vt 0.177643 0.098019
vt 0.192061 0.098019
vt 0.322347 0.106856
vt 0.321042 0.102836
vt 0.308216 0.108473
vt 0.308487 0.104272
vt 0.294372 0.105202
vt 0.296185 0.101366
vt 0.276446 0.045062
vt 0.270780 0.058109
vt 0.280224 0.047909
vt 0.275193 0.059515
vt 0.286199 0.034711
vt 0.288897 0.038698
vt 0.298925 0.028359
vt 0.300217 0.033043
vt 0.313050 0.026699
vt 0.312784 0.031565
vt 0.326881 0.030012
vt 0.325090 0.034514
vt 0.338769 0.037818
vt 0.335664 0.041464
vt 0.347235 0.049247
vt 0.343189 0.051633
vt 0.351325 0.062871
vt 0.346818 0.063750
vt 0.350464 0.077069
vt 0.346044 0.076374
vt 0.344840 0.090137
vt 0.341036 0.087986
vt 0.335055 0.100461
vt 0.332336 0.097157
vt 0.282508 0.097354
vt 0.285640 0.094398
vt 0.274007 0.085948
vt 0.278079 0.084264
vt 0.269961 0.072310
vt 0.274474 0.072142
vt 0.293083 0.094587
vt 0.314311 0.099636
vt 0.342493 0.069825
vt 0.333822 0.089859
vt 0.318024 0.036880
vt 0.336258 0.048900
vt 0.281334 0.055275
vt 0.296328 0.039399
vt 0.280057 0.077071
vt 0.240570 0.801695
vt 0.229876 0.799163
vt 0.249749 0.807714
vt 0.209128 0.805324
vt 0.218956 0.800423
vt 0.197214 0.823315
vt 0.201577 0.813274
vt 0.199709 0.844717
vt 0.196565 0.834235
vt 0.206266 0.853497
vt 0.215445 0.859516
vt 0.226139 0.862048
vt 0.237059 0.860787
vt 0.246887 0.855887
vt 0.254438 0.847936
vt 0.258801 0.837896
vt 0.259450 0.826976
vt 0.256306 0.816494
vt 0.557676 0.341458
vt 0.556434 0.334926
vt 0.545349 0.342528
vt 0.545402 0.335143
vt 0.524117 0.402359
vt 0.525764 0.394087
vt 0.513228 0.399936
vt 0.513895 0.390829
vt 0.749200 0.132440
vt 0.738281 0.132440
vt 0.745698 0.150883
vt 0.733503 0.145929
vt 0.760426 0.132440
vt 0.758554 0.154478
vt 0.529191 0.372408
vt 0.530710 0.361092
vt 0.516449 0.369628
vt 0.517951 0.358314
vt 0.772386 0.156365
vt 0.773112 0.132440
vt 0.556904 0.363141
vt 0.543581 0.362755
vt 0.555764 0.375049
vt 0.542111 0.374703
vt 0.784903 0.132440
vt 0.784661 0.157156
vt 0.797240 0.157190
vt 0.796066 0.132440
vt 0.881030 0.164661
vt 0.893086 0.164254
vt 0.880836 0.132440
vt 0.892333 0.132440
vt 0.808522 0.157533
vt 0.807267 0.132440
vt 0.527495 0.384026
vt 0.515042 0.380831
vt 0.915715 0.132440
vt 0.915278 0.162482
vt 0.552836 0.397268
vt 0.539973 0.388750
vt 0.929057 0.161293
vt 0.927882 0.132440
vt 0.532118 0.350780
vt 0.533536 0.341531
vt 0.519618 0.348067
vt 0.521827 0.338511
vt 0.945213 0.158893
vt 0.939671 0.132440
vt 0.557420 0.353229
vt 0.544630 0.352260
vt 0.957296 0.156849
vt 0.951090 0.132440
vt 0.835008 0.161463
vt 0.833331 0.132440
vt 0.830086 0.160669
vt 0.827549 0.132440
vt 0.841571 0.132440
vt 0.842704 0.162707
vt 0.847362 0.132440
vt 0.847601 0.163314
vt 0.859904 0.132440
vt 0.854140 0.132440
vt 0.858005 0.164164
vt 0.852915 0.163776
vt 0.545621 0.412977
vt 0.549582 0.406930
vt 0.534744 0.406637
vt 0.537515 0.399075
vt 0.522660 0.408836
vt 0.514040 0.412243
vt 0.521430 0.414249
vt 0.514971 0.417475
vt 0.513299 0.406588
vt 0.534873 0.334031
vt 0.524582 0.331022
vt 0.716523 0.132440
vt 0.711989 0.132440
vt 0.711854 0.143777
vt 0.706236 0.144399
vt 0.718437 0.142507
vt 0.724296 0.142907
vt 0.724135 0.132440
vt 0.728986 0.132440
vt 0.985740 0.148797
vt 0.977541 0.132440
vt 0.980617 0.150540
vt 0.972925 0.132440
vt 0.958881 0.132440
vt 0.967277 0.153719
vt 0.963518 0.132440
vt 0.973078 0.152170
vt 0.982807 0.132440
vt 0.988909 0.147178
vt 0.707646 0.132440
vt 0.703304 0.132440
vt 0.702987 0.144472
vt 0.699738 0.144544
vt 0.814223 0.132440
vt 0.817900 0.158795
vt 0.819017 0.132449
vt 0.823940 0.159682
vt 0.865559 0.164664
vt 0.871753 0.164809
vt 0.867161 0.132440
vt 0.873574 0.132440
vt 0.540976 0.416712
vt 0.531727 0.412148
vt 0.535710 0.419076
vt 0.528597 0.416460
vt 0.554129 0.329889
vt 0.544780 0.329293
vt 0.535997 0.328123
vt 0.527412 0.325641
vt 0.545802 0.321801
vt 0.541921 0.319915
vt 0.543483 0.324295
vt 0.536974 0.323192
vt 0.550152 0.325264
vt 0.530503 0.321687
vt 0.533672 0.318124
vt 0.523992 0.319621
vt 0.537931 0.318554
vt 0.525592 0.420403
vt 0.520361 0.419498
vt 0.510442 0.414558
vt 0.506398 0.410537
vt 0.992079 0.145559
vt 0.988074 0.132440
vt 0.503284 0.405394
vt 0.501647 0.399996
vt 0.501564 0.388577
vt 0.502319 0.378893
vt 0.503592 0.367092
vt 0.505061 0.354649
vt 0.506607 0.344934
vt 0.509656 0.333756
vt 0.514143 0.326298
vt 0.518359 0.322329
vt 0.529367 0.318216
vt 0.530539 0.420275
vt 0.506970 0.421080
vt 0.511965 0.424216
vt 0.509172 0.417668
vt 0.513962 0.420719
vt 0.519044 0.426750
vt 0.519780 0.422854
vt 0.525016 0.427954
vt 0.525396 0.423869
vt 0.532197 0.427602
vt 0.530913 0.423696
vt 0.537319 0.426063
vt 0.536226 0.422377
vt 0.545022 0.422550
vt 0.542136 0.419717
vt 0.550052 0.418125
vt 0.547017 0.415741
vt 0.554527 0.411549
vt 0.551223 0.409402
vt 0.558462 0.399995
vt 0.554704 0.399097
vt 0.561689 0.376093
vt 0.557834 0.375430
vt 0.562872 0.363732
vt 0.559010 0.362884
vt 0.563524 0.351585
vt 0.559579 0.352212
vt 0.563675 0.339384
vt 0.559844 0.339832
vt 0.561778 0.330110
vt 0.558507 0.332623
vt 0.559410 0.324852
vt 0.556170 0.327406
vt 0.554098 0.318471
vt 0.551800 0.322261
vt 0.549383 0.314619
vt 0.547132 0.318537
vt 0.544406 0.312486
vt 0.542859 0.316559
vt 0.539429 0.310354
vt 0.538498 0.314975
vt 0.534053 0.310296
vt 0.533839 0.314611
vt 0.528678 0.310239
vt 0.529199 0.314641
vt 0.523568 0.311767
vt 0.523628 0.316132
vt 0.515519 0.315319
vt 0.517250 0.319149
vt 0.510131 0.320663
vt 0.512633 0.323607
vt 0.505095 0.329908
vt 0.508090 0.331569
vt 0.501752 0.341716
vt 0.504904 0.343288
vt 0.499839 0.353437
vt 0.503238 0.353700
vt 0.498207 0.366275
vt 0.501679 0.366813
vt 0.496856 0.378223
vt 0.500320 0.379261
vt 0.495894 0.389699
vt 0.499515 0.389661
vt 0.495850 0.401575
vt 0.499603 0.401692
vt 0.497827 0.408909
vt 0.501327 0.407519
vt 0.501113 0.414813
vt 0.504596 0.413018
vt 0.696604 0.652906
vt 0.697850 0.664968
vt 0.731354 0.650052
vt 0.732881 0.667074
vt 0.466642 0.614835
vt 0.475067 0.579285
vt 0.449600 0.595533
vt 0.459226 0.576870
vt 0.483459 0.549287
vt 0.464721 0.561724
vt 0.467905 0.549716
vt 0.494087 0.416849
vt 0.469514 0.429127
vt 0.499715 0.428312
vt 0.478483 0.452035
vt 0.751637 0.487429
vt 0.737965 0.510364
vt 0.768999 0.498323
vt 0.752646 0.529980
vt 0.723987 0.629704
vt 0.755159 0.620157
vt 0.755809 0.647695
vt 0.346487 0.776308
vt 0.350909 0.750363
vt 0.325457 0.769073
vt 0.319863 0.739801
vt 0.343057 0.727920
vt 0.317842 0.730646
vt 0.347985 0.742005
vt 0.319316 0.737321
vt 0.690160 0.490382
vt 0.710240 0.503520
vt 0.698803 0.475298
vt 0.722275 0.491322
vt 0.688141 0.627189
vt 0.693095 0.638011
vt 0.715745 0.614152
vt 0.719719 0.519024
vt 0.728886 0.535712
vt 0.729495 0.476508
vt 0.733199 0.461201
vt 0.705070 0.464073
vt 0.709163 0.450111
vt 0.708953 0.537096
vt 0.704670 0.522977
vt 0.689237 0.591406
vt 0.677943 0.584625
vt 0.672162 0.605632
vt 0.663406 0.599688
vt 0.734404 0.556924
vt 0.757501 0.561032
vt 0.714951 0.697667
vt 0.692385 0.686122
vt 0.744679 0.594197
vt 0.772692 0.616247
vt 0.431509 0.656717
vt 0.467734 0.648067
vt 0.423346 0.632894
vt 0.466320 0.481446
vt 0.459280 0.462611
vt 0.445667 0.470623
vt 0.439690 0.456188
vt 0.341606 0.796501
vt 0.327683 0.792836
vt 0.407737 0.382690
vt 0.420563 0.363792
vt 0.381485 0.357179
vt 0.391404 0.342605
vt 0.377233 0.316256
vt 0.402663 0.325670
vt 0.385521 0.303167
vt 0.416008 0.301290
vt 0.470665 0.529249
vt 0.485525 0.529897
vt 0.481867 0.480393
vt 0.469611 0.496655
vt 0.486061 0.510369
vt 0.471047 0.508754
vt 0.423748 0.401790
vt 0.436652 0.421851
vt 0.443241 0.388640
vt 0.450278 0.407828
vt 0.397198 0.396167
vt 0.410167 0.410086
vt 0.421967 0.425764
vt 0.700105 0.508108
vt 0.688530 0.521357
vt 0.686532 0.507576
vt 0.660852 0.515307
vt 0.662657 0.500007
vt 0.437977 0.613929
vt 0.398602 0.660305
vt 0.427501 0.600289
vt 0.435558 0.586259
vt 0.392037 0.643772
vt 0.377531 0.656530
vt 0.380552 0.676827
vt 0.405695 0.629135
vt 0.667478 0.678072
vt 0.434870 0.263050
vt 0.423480 0.243735
vt 0.410249 0.273564
vt 0.401915 0.255086
vt 0.176226 0.551378
vt 0.192440 0.557696
vt 0.173393 0.546387
vt 0.173393 0.528278
vt 0.164607 0.528303
vt 0.145555 0.557720
vt 0.164607 0.546412
vt 0.161774 0.551475
vt 0.288607 0.540170
vt 0.210832 0.567865
vt 0.049393 0.540192
vt 0.127162 0.567888
vt 0.574070 0.312092
vt 0.572719 0.319651
vt 0.602233 0.320034
vt 0.576755 0.347300
vt 0.574913 0.374332
vt 0.588978 0.352032
vt 0.588994 0.379800
vt 0.527549 0.305906
vt 0.519307 0.281117
vt 0.507640 0.297873
vt 0.546216 0.288246
vt 0.542141 0.304165
vt 0.512097 0.436137
vt 0.508343 0.458373
vt 0.526763 0.436037
vt 0.541933 0.461842
vt 0.544068 0.428682
vt 0.552582 0.437392
vt 0.557330 0.418450
vt 0.572075 0.422914
vt 0.514521 0.310485
vt 0.495945 0.310826
vt 0.553730 0.305709
vt 0.576380 0.291777
vt 0.565462 0.311025
vt 0.575644 0.329613
vt 0.596541 0.336324
vt 0.572542 0.389163
vt 0.585289 0.394031
vt 0.609776 0.382951
vt 0.604515 0.401786
vt 0.640922 0.396717
vt 0.634392 0.414552
vt 0.519323 0.179962
vt 0.495872 0.171694
vt 0.500402 0.185760
vt 0.503215 0.147076
vt 0.476833 0.143136
vt 0.486907 0.155694
vt 0.576327 0.476013
vt 0.583761 0.448345
vt 0.490020 0.389544
vt 0.488700 0.352814
vt 0.460598 0.375493
vt 0.471873 0.347504
vt 0.482394 0.327967
vt 0.492708 0.330944
vt 0.502695 0.318193
vt 0.519480 0.895560
vt 0.500579 0.889688
vt 0.495997 0.903700
vt 0.476845 0.932162
vt 0.489806 0.960599
vt 0.503251 0.928379
vt 0.512161 0.952173
vt 0.486971 0.919661
vt 0.673382 0.752337
vt 0.683816 0.772245
vt 0.705005 0.733642
vt 0.718614 0.750225
vt 0.507327 0.530894
vt 0.506150 0.548914
vt 0.786785 0.505137
vt 0.776502 0.473438
vt 0.795183 0.475522
vt 0.669435 0.410980
vt 0.661858 0.427428
vt 0.636973 0.510776
vt 0.640469 0.493773
vt 0.575629 0.498439
vt 0.540272 0.490164
vt 0.754729 0.443980
vt 0.744440 0.413802
vt 0.733170 0.440628
vt 0.727076 0.417480
vt 0.697201 0.409843
vt 0.693030 0.424004
vt 0.712213 0.421826
vt 0.711821 0.435499
vt 0.490198 0.257445
vt 0.475385 0.234766
vt 0.472447 0.269973
vt 0.457105 0.248518
vt 0.570469 0.574138
vt 0.536378 0.573817
vt 0.569107 0.600641
vt 0.535612 0.602321
vt 0.654529 0.578605
vt 0.651235 0.597889
vt 0.551174 0.734997
vt 0.559031 0.764371
vt 0.584398 0.727501
vt 0.593864 0.755360
vt 0.471856 0.682436
vt 0.439312 0.687940
vt 0.395330 0.398112
vt 0.368663 0.374227
vt 0.370371 0.372151
vt 0.449212 0.551896
vt 0.446564 0.551254
vt 0.446112 0.562968
vt 0.443550 0.562110
vt 0.418974 0.612640
vt 0.832544 0.340729
vt 0.818276 0.324911
vt 0.811650 0.356953
vt 0.798274 0.342499
vt 0.625089 0.240788
vt 0.633660 0.214384
vt 0.604009 0.232848
vt 0.610581 0.206664
vt 0.759423 0.243961
vt 0.739727 0.232321
vt 0.744154 0.265270
vt 0.725661 0.254423
vt 0.838681 0.307564
vt 0.824987 0.294060
vt 0.805609 0.312299
vt 0.884043 0.427600
vt 0.910098 0.417712
vt 0.875813 0.407963
vt 0.900890 0.396655
vt 0.617655 0.181849
vt 0.624954 0.157200
vt 0.594149 0.174761
vt 0.600758 0.150043
vt 0.612179 0.486066
vt 0.619022 0.461502
vt 0.805968 0.763829
vt 0.786791 0.745241
vt 0.790748 0.777303
vt 0.772520 0.757463
vt 0.901428 0.582767
vt 0.903758 0.559588
vt 0.875428 0.578918
vt 0.877739 0.557720
vt 0.740025 0.843768
vt 0.725990 0.821653
vt 0.722680 0.852996
vt 0.709793 0.830301
vt 0.854412 0.751523
vt 0.832887 0.735392
vt 0.839037 0.768555
vt 0.818631 0.751215
vt 0.891610 0.627302
vt 0.884268 0.648463
vt 0.918476 0.635481
vt 0.910339 0.658311
vt 0.582539 0.850008
vt 0.559966 0.857125
vt 0.588003 0.875818
vt 0.567435 0.881718
vt 0.398475 0.861355
vt 0.423919 0.839952
vt 0.388227 0.838587
vt 0.410240 0.820858
vt 0.650724 0.910701
vt 0.625056 0.918698
vt 0.657767 0.932563
vt 0.631244 0.940661
vt 0.950571 0.702125
vt 0.926850 0.691118
vt 0.937624 0.725262
vt 0.915011 0.713574
vt 0.926063 0.744101
vt 0.725174 0.907055
vt 0.714300 0.886472
vt 0.703225 0.916343
vt 0.693707 0.895271
vt 0.961062 0.511604
vt 0.988338 0.509049
vt 0.957672 0.483490
vt 0.984072 0.478047
vt 0.827866 0.259760
vt 0.845423 0.275288
vt 0.844910 0.242654
vt 0.863525 0.259017
vt 0.281949 0.662798
vt 0.282166 0.684802
vt 0.288607 0.665035
vt 0.288607 0.684903
vt 0.788773 0.039744
vt 0.765626 0.039744
vt 0.788773 0.050911
vt 0.765626 0.050911
vt 0.570171 0.039744
vt 0.553474 0.039744
vt 0.570171 0.050911
vt 0.553474 0.050911
vt 0.880777 0.039744
vt 0.859690 0.039744
vt 0.880777 0.050911
vt 0.859690 0.050911
vt 0.737303 0.034658
vt 0.737303 0.023491
vt 0.720318 0.034658
vt 0.720318 0.023491
vt 0.463649 0.023491
vt 0.463649 0.034658
vt 0.484172 0.023491
vt 0.484172 0.034658
vt 0.759271 0.308497
vt 0.743030 0.297145
vt 0.743138 0.328639
vt 0.727453 0.318413
vt 0.875336 0.497163
vt 0.871299 0.476266
vt 0.855338 0.500056
vt 0.851626 0.480654
vt 0.728767 0.788356
vt 0.713841 0.766285
vt 0.711417 0.798159
vt 0.697368 0.774730
vt 0.833028 0.648796
vt 0.852275 0.657485
vt 0.840464 0.632242
vt 0.859969 0.639448
vt 0.288607 0.364850
vt 0.288607 0.349218
vt 0.173393 0.353472
vt 0.173393 0.335650
vt 0.173393 0.368950
vt 0.288607 0.383776
vt 0.164607 0.266617
vt 0.049393 0.281155
vt 0.164607 0.285113
vt 0.049393 0.296534
vt 0.049393 0.263419
vt 0.164607 0.250549
vt 0.049393 0.383799
vt 0.164607 0.368973
vt 0.049393 0.364873
vt 0.164607 0.353495
vt 0.164607 0.388117
vt 0.049393 0.400532
vt 0.049393 0.516651
vt 0.164607 0.509332
vt 0.275814 0.005353
vt 0.254254 0.005353
vt 0.275423 0.019511
vt 0.253879 0.019511
vt 0.522622 0.005353
vt 0.522928 0.019511
vt 0.547240 0.005353
vt 0.547806 0.019511
vt 0.783868 0.005353
vt 0.784431 0.019511
vt 0.801182 0.005353
vt 0.801712 0.019511
vt 0.991897 0.005353
vt 0.973822 0.005353
vt 0.987895 0.019511
vt 0.970214 0.019511
vt 0.417839 0.231831
vt 0.399495 0.241261
vt 0.690016 0.108312
vt 0.706028 0.108312
vt 0.691192 0.100690
vt 0.707317 0.100690
vt 0.816120 0.108312
vt 0.814338 0.100690
vt 0.805916 0.108312
vt 0.804879 0.100690
vt 0.554190 0.095380
vt 0.552246 0.080619
vt 0.532550 0.095381
vt 0.528945 0.080619
vt 0.674081 0.699212
vt 0.691933 0.718832
vt 0.632209 0.624658
vt 0.602778 0.628673
vt 0.637154 0.653243
vt 0.606362 0.660230
vt 0.436774 0.857269
vt 0.455991 0.840131
vt 0.444656 0.822905
vt 0.646518 0.381261
vt 0.674461 0.395986
vt 0.508436 0.485863
vt 0.508228 0.512671
vt 0.539625 0.515726
vt 0.538826 0.532901
vt 0.636082 0.544769
vt 0.636775 0.531394
vt 0.606707 0.540889
vt 0.607808 0.526673
vt 0.581331 0.269144
vt 0.550260 0.266736
vt 0.503464 0.575365
vt 0.537875 0.549666
vt 0.537246 0.637058
vt 0.503050 0.641643
vt 0.540106 0.671963
vt 0.506217 0.677113
vt 0.469695 0.298953
vt 0.487350 0.285292
vt 0.679248 0.615023
vt 0.705166 0.601129
vt 0.563957 0.786754
vt 0.530756 0.794141
vt 0.569337 0.810560
vt 0.535901 0.817228
vt 0.375861 0.654413
vt 0.347114 0.675674
vt 0.348575 0.677932
vt 0.450315 0.528166
vt 0.453030 0.528420
vt 0.453656 0.505086
vt 0.452515 0.494108
vt 0.441430 0.575272
vt 0.611443 0.694913
vt 0.578768 0.702569
vt 0.617844 0.719179
vt 0.790391 0.298824
vt 0.776631 0.287731
vt 0.772158 0.318663
vt 0.754341 0.209696
vt 0.775369 0.222039
vt 0.860210 0.289791
vt 0.936571 0.407380
vt 0.926558 0.384885
vt 0.527166 0.155012
vt 0.751485 0.672798
vt 0.769990 0.675962
vt 0.774130 0.646251
vt 0.669124 0.481278
vt 0.647078 0.471455
vt 0.776985 0.788393
vt 0.759637 0.767619
vt 0.759900 0.800706
vt 0.743394 0.778959
vt 0.897332 0.605633
vt 0.871435 0.599821
vt 0.736094 0.876130
vt 0.754613 0.866413
vt 0.860569 0.786316
vt 0.877080 0.767963
vt 0.945603 0.644055
vt 0.936828 0.668601
vt 0.580091 0.931581
vt 0.600811 0.925757
vt 0.574023 0.906835
vt 0.594288 0.901030
vt 0.518240 0.870417
vt 0.501718 0.870067
vt 0.499717 0.982353
vt 0.479602 0.991321
vt 0.469467 0.969434
vt 0.904027 0.731663
vt 0.747842 0.896198
vt 0.564689 0.115656
vt 0.557650 0.137772
vt 0.584655 0.121682
vt 0.580055 0.144178
vt 0.812077 0.247228
vt 0.828074 0.229555
vt 0.288607 0.581612
vt 0.288607 0.562762
vt 0.228651 0.580781
vt 0.809459 0.039744
vt 0.809459 0.050911
vt 0.534104 0.039744
vt 0.534104 0.050911
vt 0.948074 0.039744
vt 0.948074 0.050911
vt 0.970421 0.039744
vt 0.970421 0.050911
vt 0.757052 0.023491
vt 0.757052 0.034658
vt 0.971706 0.023491
vt 0.948661 0.023491
vt 0.971706 0.034658
vt 0.948661 0.034658
vt 0.728406 0.287736
vt 0.713452 0.309783
vt 0.846786 0.461912
vt 0.866378 0.456172
vt 0.696405 0.806013
vt 0.683394 0.781413
vt 0.846953 0.614218
vt 0.866556 0.619922
vt 0.173393 0.300944
vt 0.173393 0.319747
vt 0.288607 0.315190
vt 0.288607 0.331147
vt 0.288607 0.296511
vt 0.173393 0.285090
vt 0.049393 0.331169
vt 0.164607 0.319770
vt 0.049393 0.315214
vt 0.164607 0.300967
vt 0.164607 0.335672
vt 0.049393 0.349238
vt 0.236246 0.005353
vt 0.235645 0.019511
vt 0.500000 0.005353
vt 0.500000 0.019511
vt 0.763754 0.005353
vt 0.764355 0.019511
vt 0.952407 0.005353
vt 0.950904 0.019511
vt 0.489927 0.114782
vt 0.458173 0.130495
vt 0.469647 0.105811
vt 0.511939 0.846872
vt 0.497747 0.851919
vt 0.440614 0.225930
vt 0.433150 0.216406
vt 0.721057 0.108312
vt 0.749559 0.108312
vt 0.722318 0.100690
vt 0.749574 0.100690
vt 0.587955 0.080620
vt 0.593613 0.095381
vt 0.603321 0.080620
vt 0.609074 0.095381
vt 0.570402 0.632845
vt 0.600709 0.599563
vt 0.691694 0.537066
vt 0.727841 0.332020
vt 0.692184 0.308816
vt 0.714005 0.350083
vt 0.680710 0.329927
vt 0.435391 0.337240
vt 0.692459 0.552054
vt 0.662425 0.548227
vt 0.662822 0.534932
vt 0.609102 0.299757
vt 0.616618 0.277081
vt 0.602240 0.575220
vt 0.600076 0.777795
vt 0.495989 0.779222
vt 0.469753 0.786738
vt 0.500816 0.800101
vt 0.476085 0.807038
vt 0.390178 0.641830
vt 0.403673 0.627364
vt 0.450937 0.505262
vt 0.449650 0.442245
vt 0.432980 0.443227
vt 0.608448 0.505937
vt 0.575012 0.521165
vt 0.428662 0.765643
vt 0.420908 0.725500
vt 0.401979 0.758060
vt 0.396106 0.730281
vt 0.759553 0.275406
vt 0.901327 0.493265
vt 0.897193 0.470406
vt 0.722397 0.223079
vt 0.735842 0.199963
vt 0.854058 0.324583
vt 0.876718 0.308128
vt 0.918276 0.440525
vt 0.945389 0.431903
vt 0.573907 0.168900
vt 0.634209 0.557955
vt 0.605122 0.554895
vt 0.630446 0.576571
vt 0.744495 0.810829
vt 0.876077 0.668111
vt 0.702250 0.862824
vt 0.794217 0.808363
vt 0.812412 0.828904
vt 0.808982 0.796551
vt 0.828213 0.816369
vt 0.879769 0.717572
vt 0.890244 0.700519
vt 0.550513 0.913505
vt 0.557646 0.937908
vt 0.934210 0.537983
vt 0.932550 0.561860
vt 0.962062 0.537957
vt 0.961116 0.564315
vt 0.475110 0.191522
vt 0.457023 0.207067
vt 0.492692 0.221958
vt 0.988369 0.537932
vt 0.988392 0.566817
vt 0.961528 0.678494
vt 0.789520 0.873036
vt 0.775669 0.854087
vt 0.767415 0.886037
vt 0.535247 0.131005
vt 0.542904 0.108675
vt 0.879505 0.274399
vt 0.288607 0.622543
vt 0.288607 0.600762
vt 0.263222 0.618462
vt 0.247507 0.598124
vt 0.109342 0.580804
vt 0.049393 0.562786
vt 0.590560 0.039744
vt 0.590560 0.050911
vt 0.924525 0.039744
vt 0.924525 0.050911
vt 0.681680 0.023491
vt 0.681680 0.034658
vt 0.699758 0.023491
vt 0.699758 0.034658
vt 0.907421 0.023491
vt 0.907421 0.034658
vt 0.927896 0.023491
vt 0.927896 0.034658
vt 0.835227 0.039744
vt 0.835227 0.050911
vt 0.711056 0.277898
vt 0.696051 0.270021
vt 0.696972 0.301297
vt 0.683004 0.294595
vt 0.859748 0.436656
vt 0.840260 0.443893
vt 0.662873 0.821187
vt 0.679202 0.814061
vt 0.653179 0.794320
vt 0.668078 0.788144
vt 0.823843 0.665247
vt 0.842873 0.675498
vt 0.173393 0.266594
vt 0.288607 0.281130
vt 0.288607 0.263396
vt 0.173393 0.250527
vt 0.288607 0.516629
vt 0.288607 0.497415
vt 0.173393 0.509307
vt 0.173393 0.491077
vt 0.216132 0.005353
vt 0.198818 0.005353
vt 0.215569 0.019511
vt 0.198288 0.019511
vt 0.477378 0.005353
vt 0.452759 0.005353
vt 0.477072 0.019511
vt 0.452194 0.019511
vt 0.724186 0.005353
vt 0.724577 0.019511
vt 0.745746 0.005353
vt 0.746121 0.019511
vt 0.008103 0.005353
vt 0.011983 0.019511
vt 0.026179 0.005353
vt 0.029696 0.019511
vt 0.367182 0.808678
vt 0.360307 0.820338
vt 0.376569 0.816753
vt 0.368116 0.826928
vt 0.780839 0.100690
vt 0.769010 0.100690
vt 0.780740 0.108312
vt 0.769220 0.108312
vt 0.662569 0.108312
vt 0.675878 0.108312
vt 0.662669 0.100690
vt 0.676420 0.100690
vt 0.851905 0.080619
vt 0.855780 0.095380
vt 0.864976 0.080619
vt 0.866811 0.095380
vt 0.623787 0.080619
vt 0.627436 0.095380
vt 0.572624 0.551991
vt 0.573973 0.536651
vt 0.628566 0.598534
vt 0.431380 0.804840
vt 0.615497 0.366338
vt 0.685694 0.439734
vt 0.448242 0.285431
vt 0.447704 0.315956
vt 0.762431 0.405374
vt 0.776469 0.445521
vt 0.782479 0.396538
vt 0.796004 0.444721
vt 0.625454 0.349165
vt 0.501113 0.606412
vt 0.731221 0.708145
vt 0.526213 0.772295
vt 0.506171 0.821727
vt 0.482501 0.827210
vt 0.642204 0.686399
vt 0.648689 0.709718
vt 0.786433 0.330892
vt 0.877691 0.518357
vt 0.903708 0.516439
vt 0.709475 0.245754
vt 0.891421 0.448748
vt 0.664578 0.646035
vt 0.690784 0.839268
vt 0.856426 0.703728
vt 0.866188 0.687853
vt 0.543957 0.888242
vt 0.527220 0.920514
vt 0.904601 0.538013
vt 0.520484 0.974410
vt 0.971008 0.652467
vt 0.606483 0.127932
vt 0.897043 0.293820
vt 0.607893 0.039744
vt 0.607893 0.050911
vt 0.901312 0.039744
vt 0.901312 0.050911
vt 0.852023 0.418626
vt 0.832792 0.427345
vt 0.833936 0.690152
vt 0.815359 0.678601
vt 0.173393 0.115030
vt 0.173393 0.133503
vt 0.288607 0.115029
vt 0.288607 0.134333
vt 0.047593 0.005353
vt 0.049082 0.019511
vt 0.449481 0.198716
vt 0.643410 0.095380
vt 0.653864 0.095380
vt 0.643066 0.080619
vt 0.655454 0.080619
vt 0.663349 0.733865
vt 0.756823 0.470649
vt 0.726790 0.579824
vt 0.668869 0.349248
vt 0.700273 0.365825
vt 0.742048 0.374491
vt 0.725653 0.387329
vt 0.645201 0.313304
vt 0.635060 0.333900
vt 0.415158 0.786344
vt 0.396405 0.804126
vt 0.606647 0.801423
vt 0.416833 0.611012
vt 0.701991 0.213219
vt 0.690481 0.236756
vt 0.808633 0.279581
vt 0.793874 0.267769
vt 0.856111 0.372372
vt 0.865895 0.388236
vt 0.879442 0.358503
vt 0.889941 0.375540
vt 0.932500 0.514111
vt 0.449205 0.720770
vt 0.457212 0.756208
vt 0.683055 0.870960
vt 0.673011 0.847037
vt 0.825343 0.782065
vt 0.901163 0.679383
vt 0.929735 0.587353
vt 0.878433 0.538038
vt 0.538787 0.863867
vt 0.535282 0.839242
vt 0.952581 0.618949
vt 0.978620 0.625796
vt 0.808046 0.861215
vt 0.793094 0.842817
vt 0.512245 0.123301
vt 0.520690 0.101081
vt 0.889735 0.324362
vt 0.903688 0.344385
vt 0.911035 0.310929
vt 0.925710 0.331922
vt 0.276516 0.640535
vt 0.288607 0.644362
vt 0.061476 0.640515
vt 0.049393 0.644337
vt 0.056050 0.662770
vt 0.049393 0.665008
vt 0.644626 0.039744
vt 0.627643 0.039744
vt 0.644626 0.050911
vt 0.627643 0.050911
vt 0.660100 0.023491
vt 0.660100 0.034658
vt 0.867310 0.023491
vt 0.867310 0.034658
vt 0.886794 0.023491
vt 0.886794 0.034658
vt 0.529718 0.023491
vt 0.529718 0.034658
vt 0.555485 0.023491
vt 0.555485 0.034658
vt 0.678853 0.261941
vt 0.667686 0.287830
vt 0.842598 0.400623
vt 0.833636 0.385974
vt 0.823572 0.410896
vt 0.815070 0.397546
vt 0.822454 0.706094
vt 0.804204 0.692941
vt 0.811984 0.719183
vt 0.794079 0.704718
vt 0.324473 0.687580
vt 0.327861 0.689849
vt 0.288607 0.475994
vt 0.173393 0.470971
vt 0.164607 0.133527
vt 0.049393 0.134356
vt 0.164607 0.153830
vt 0.049393 0.155594
vt 0.164607 0.115053
vt 0.049393 0.115054
vt 0.177877 0.005353
vt 0.177370 0.019511
vt 0.428390 0.005353
vt 0.427987 0.019511
vt 0.705681 0.005353
vt 0.706074 0.019511
vt 0.933258 0.005353
vt 0.932207 0.019511
vt 0.378391 0.845660
vt 0.793258 0.108312
vt 0.793134 0.100690
vt 0.645826 0.108312
vt 0.646682 0.100690
vt 0.738298 0.080619
vt 0.714893 0.080619
vt 0.734036 0.095381
vt 0.708077 0.095381
vt 0.878590 0.095380
vt 0.894564 0.095380
vt 0.878934 0.080619
vt 0.898213 0.080619
vt 0.629645 0.745746
vt 0.362477 0.340460
vt 0.368824 0.330093
vt 0.654472 0.290409
vt 0.395443 0.772439
vt 0.380745 0.792220
vt 0.545544 0.709550
vt 0.512557 0.713796
vt 0.425235 0.598827
vt 0.449849 0.494557
vt 0.357100 0.695710
vt 0.714079 0.189592
vt 0.914695 0.362454
vt 0.550429 0.162142
vt 0.845778 0.800831
vt 0.957785 0.592437
vt 0.534942 0.236318
vt 0.538527 0.211738
vt 0.511617 0.228622
vt 0.517998 0.205098
vt 0.984188 0.597829
vt 0.828406 0.846580
vt 0.631220 0.135236
vt 0.670792 0.172271
vt 0.693514 0.180761
vt 0.679135 0.150439
vt 0.703081 0.159697
vt 0.055835 0.684777
vt 0.049393 0.684879
vt 0.393238 0.039744
vt 0.393238 0.050911
vt 0.416284 0.039744
vt 0.416284 0.050911
vt 0.641555 0.023491
vt 0.641555 0.034658
vt 0.505253 0.023491
vt 0.505253 0.034658
vt 0.662533 0.254784
vt 0.652790 0.281640
vt 0.582243 0.225759
vt 0.582171 0.253669
vt 0.597832 0.260911
vt 0.288607 0.248343
vt 0.288607 0.230005
vt 0.173393 0.231243
vt 0.173393 0.212696
vt 0.288607 0.456871
vt 0.173393 0.455051
vt 0.164607 0.173579
vt 0.049393 0.174578
vt 0.049393 0.497439
vt 0.164607 0.491102
vt 0.159709 0.005353
vt 0.159061 0.019511
vt 0.404489 0.005353
vt 0.404002 0.019511
vt 0.683818 0.005353
vt 0.684426 0.019511
vt 0.912143 0.005353
vt 0.911397 0.019511
vt 0.388864 0.867202
vt 0.865902 0.108312
vt 0.886243 0.108312
vt 0.865744 0.100690
vt 0.887551 0.100690
vt 0.761000 0.080619
vt 0.761000 0.095380
vt 0.948502 0.095381
vt 0.967810 0.095380
vt 0.953079 0.080619
vt 0.969755 0.080619
vt 0.758731 0.360391
vt 0.527078 0.261537
vt 0.503153 0.270962
vt 0.516038 0.254507
vt 0.652112 0.454700
vt 0.657322 0.440406
vt 0.624675 0.443676
vt 0.630192 0.428256
vt 0.657401 0.364466
vt 0.710639 0.554368
vt 0.460189 0.813603
vt 0.469385 0.832110
vt 0.449749 0.794507
vt 0.487209 0.749175
vt 0.518665 0.742152
vt 0.433214 0.584950
vt 0.449856 0.481830
vt 0.447270 0.482635
vt 0.682816 0.205053
vt 0.672721 0.228952
vt 0.929636 0.488626
vt 0.411177 0.695579
vt 0.387436 0.703823
vt 0.661613 0.879346
vt 0.652478 0.854950
vt 0.776094 0.821468
vt 0.844153 0.721170
vt 0.866583 0.736307
vt 0.924937 0.612115
vt 0.535201 0.944577
vt 0.863883 0.817098
vt 0.845256 0.833473
vt 0.650596 0.165248
vt 0.657691 0.143404
vt 0.937294 0.350735
vt 0.950271 0.373841
vt 0.724986 0.169029
vt 0.049393 0.581630
vt 0.665186 0.039744
vt 0.665186 0.050911
vt 0.437048 0.039744
vt 0.437048 0.050911
vt 0.620078 0.023491
vt 0.620078 0.034658
vt 0.830840 0.023491
vt 0.830840 0.034658
vt 0.847231 0.023491
vt 0.847231 0.034658
vt 0.394578 0.023491
vt 0.372365 0.023491
vt 0.394578 0.034658
vt 0.372365 0.034658
vt 0.642902 0.247260
vt 0.633957 0.274755
vt 0.822135 0.370038
vt 0.803898 0.383209
vt 0.793752 0.371428
vt 0.604317 0.842973
vt 0.625412 0.835099
vt 0.598208 0.814898
vt 0.617314 0.807699
vt 0.798621 0.733639
vt 0.781379 0.717880
vt 0.770133 0.728431
vt 0.288607 0.437329
vt 0.173393 0.438844
vt 0.173393 0.423488
vt 0.164607 0.193206
vt 0.049393 0.193364
vt 0.049393 0.476016
vt 0.164607 0.470995
vt 0.139502 0.005353
vt 0.138980 0.019511
vt 0.380841 0.005353
vt 0.380258 0.019511
vt 0.664577 0.005353
vt 0.665236 0.019511
vt 0.895062 0.005353
vt 0.894653 0.019511
vt 0.339373 0.810539
vt 0.328081 0.807665
vt 0.807107 0.080619
vt 0.813923 0.095380
vt 0.829516 0.080619
vt 0.836062 0.095380
vt 0.849118 0.100690
vt 0.851449 0.108312
vt 0.787964 0.095381
vt 0.783702 0.080619
vt 0.934045 0.080619
vt 0.928387 0.095380
vt 0.637434 0.766651
vt 0.748121 0.719763
vt 0.711878 0.397463
vt 0.686726 0.380015
vt 0.675484 0.465322
vt 0.681279 0.451877
vt 0.660201 0.561185
vt 0.430659 0.444589
vt 0.419762 0.427301
vt 0.652204 0.220991
vt 0.843819 0.354942
vt 0.661400 0.196617
vt 0.775762 0.254656
vt 0.792776 0.233317
vt 0.866239 0.339786
vt 0.924788 0.463875
vt 0.952424 0.456990
vt 0.642122 0.189774
vt 0.642316 0.886155
vt 0.670948 0.903713
vt 0.759741 0.832154
vt 0.890089 0.751710
vt 0.564200 0.829301
vt 0.542758 0.966938
vt 0.564588 0.960037
vt 0.879870 0.801698
vt 0.961256 0.397445
vt 0.767161 0.190091
vt 0.789236 0.203100
vt 0.074765 0.618466
vt 0.049393 0.622538
vt 0.723391 0.039744
vt 0.704847 0.039744
vt 0.723391 0.050911
vt 0.704847 0.050911
vt 0.457523 0.039744
vt 0.457523 0.050911
vt 0.478147 0.039744
vt 0.478147 0.050911
vt 0.576171 0.023491
vt 0.576171 0.034658
vt 0.811469 0.023491
vt 0.811469 0.034658
vt 0.416923 0.023491
vt 0.416923 0.034658
vt 0.335318 0.709160
vt 0.781030 0.358259
vt 0.616933 0.268159
vt 0.756136 0.738883
vt 0.855424 0.576069
vt 0.857604 0.556306
vt 0.173393 0.173556
vt 0.173393 0.193182
vt 0.288607 0.174555
vt 0.288607 0.193340
vt 0.288607 0.400511
vt 0.173393 0.388095
vt 0.173393 0.404855
vt 0.288607 0.420289
vt 0.049393 0.248366
vt 0.164607 0.231267
vt 0.049393 0.437351
vt 0.164607 0.423510
vt 0.049393 0.420309
vt 0.164607 0.404878
vt 0.164607 0.438868
vt 0.049393 0.456892
vt 0.087857 0.005353
vt 0.088606 0.019511
vt 0.104938 0.005353
vt 0.105348 0.019511
vt 0.335423 0.005353
vt 0.316181 0.005353
vt 0.334764 0.019511
vt 0.315574 0.019511
vt 0.595511 0.005353
vt 0.595998 0.019511
vt 0.619159 0.005353
vt 0.619742 0.019511
vt 0.840291 0.005353
vt 0.840939 0.019511
vt 0.860498 0.005353
vt 0.861020 0.019511
vt 0.501484 0.205370
vt 0.961533 0.100690
vt 0.947350 0.100690
vt 0.960938 0.108312
vt 0.947500 0.108312
vt 0.835974 0.100690
vt 0.839420 0.108312
vt 0.912926 0.095380
vt 0.918679 0.080619
vt 0.645564 0.788996
vt 0.573481 0.666535
vt 0.688525 0.566615
vt 0.408117 0.411826
vt 0.479249 0.717364
vt 0.617822 0.894016
vt 0.911401 0.765123
vt 0.679253 0.925573
vt 0.978446 0.450097
vt 0.970779 0.423446
vt 0.807735 0.214924
vt 0.744868 0.039744
vt 0.744868 0.050911
vt 0.517713 0.039744
vt 0.517713 0.050911
vt 0.992631 0.050911
vt 0.992631 0.039744
vt 0.774384 0.023491
vt 0.774384 0.034658
vt 0.440449 0.023491
vt 0.440449 0.034658
vt 0.352613 0.358602
vt 0.755770 0.337242
vt 0.858355 0.538060
vt 0.857566 0.519816
vt 0.743516 0.747468
vt 0.727837 0.757676
vt 0.851755 0.595473
vt 0.173393 0.153806
vt 0.288607 0.155571
vt 0.049393 0.230030
vt 0.164607 0.212719
vt 0.066742 0.005353
vt 0.067797 0.019511
vt 0.294319 0.005353
vt 0.293926 0.019511
vt 0.571610 0.005353
vt 0.572013 0.019511
vt 0.822123 0.005353
vt 0.822630 0.019511
vt 0.467136 0.184425
vt 0.976685 0.108312
vt 0.977147 0.100690
vt 0.825151 0.100690
vt 0.828187 0.108312
vt 0.568922 0.080620
vt 0.573498 0.095381
vt 0.437256 0.457347
vt 0.593115 0.431512
vt 0.599877 0.415851
vt 0.705857 0.571774
vt 0.443172 0.471613
vt 0.633918 0.861518
vt 0.643233 0.828666
vt 0.606459 0.947892
vt 0.584587 0.954071
vt 0.897414 0.782255
vt 0.499949 0.093060
vt 0.747614 0.179917
vt 0.049393 0.600770
vt 0.090483 0.598141
vt 0.683266 0.039744
vt 0.683266 0.050911
vt 0.497632 0.039744
vt 0.497632 0.050911
vt 0.599320 0.023491
vt 0.599320 0.034658
vt 0.794772 0.023491
vt 0.794772 0.034658
vt 0.769772 0.347702
vt 0.349085 0.360461
vt 0.288607 0.212197
vt 0.049393 0.212222
vt 0.164607 0.455075
vt 0.122808 0.005353
vt 0.122512 0.019511
vt 0.358493 0.005353
vt 0.357820 0.019511
vt 0.641508 0.005353
vt 0.642180 0.019511
vt 0.877191 0.005353
vt 0.877488 0.019511
vt 0.458117 0.944662
vt 0.692484 0.080619
vt 0.681128 0.080619
vt 0.685938 0.095381
vt 0.675937 0.095381
vt 0.920729 0.108312
vt 0.921162 0.100690
vt 0.657457 0.620248
vt 0.505138 0.244315
vt 0.438986 0.574107
vt 0.610820 0.869173
vt 0.479874 0.084005
vt 0.992605 0.023491
vt 0.992605 0.034658
vt 0.386800 0.256118
vt 0.387153 0.241945
vt 0.993055 0.080619
vt 0.989450 0.095380
vt 0.587792 0.199946
vt 0.411350 0.881419
vt 0.372338 0.039744
vt 0.372338 0.050911
vt 0.401682 0.885939
vt 0.991352 0.108312
vt 0.991022 0.100690
vt 0.369510 0.395939
vt 0.362848 0.390058
vt 0.368405 0.396230
vt 0.362696 0.391191
vt 0.366990 0.396262
vt 0.362840 0.392599
vt 0.365696 0.395976
vt 0.363285 0.393848
vt 0.364288 0.395141
vt 0.370583 0.385520
vt 0.373053 0.387701
vt 0.372063 0.386333
vt 0.368868 0.385218
vt 0.367216 0.385439
vt 0.373565 0.389365
vt 0.373552 0.391032
vt 0.372530 0.393433
vt 0.373075 0.392627
vt 0.364872 0.386827
vt 0.365692 0.386110
vt 0.366443 0.385779
vt 0.370848 0.395212
vt 0.363403 0.388640
vt 0.371949 0.394293
vt 0.364179 0.387434
vt 0.359893 0.388543
vt 0.361326 0.388274
vt 0.363339 0.384877
vt 0.363202 0.386119
vt 0.362435 0.387492
vt 0.362898 0.383624
vt 0.361918 0.382471
vt 0.358666 0.388280
vt 0.356472 0.387007
vt 0.358619 0.379943
vt 0.357041 0.378918
vt 0.352570 0.383614
vt 0.356018 0.378564
vt 0.352221 0.382353
vt 0.360831 0.381538
vt 0.353809 0.385056
vt 0.354881 0.378539
vt 0.352206 0.381265
vt 0.352460 0.380280
vt 0.353814 0.378844
vt 0.353050 0.379367
vt 0.559686 0.218544
vt 0.563839 0.246387
vt 0.634342 0.801149
vt 0.388306 0.276696
vt 0.582541 0.822073
vt 0.575023 0.825036
vt 0.567435 0.828026
vt 0.346438 0.317559
vt 0.350035 0.310385
vt 0.342874 0.324667
vt 0.334854 0.345054
vt 0.329507 0.346694
vt 0.370660 0.257219
vt 0.373974 0.242675
vt 0.363911 0.280206
vt 0.351569 0.307327
vt 0.543784 0.187355
vt 0.567242 0.193962
vt 0.666220 0.095380
vt 0.670095 0.080620
vt 0.352719 0.813936
vt 0.358062 0.800832
vt 0.365163 0.782495
vt 0.372877 0.756657
vt 0.370060 0.735818
vt 0.305217 0.697705
vt 0.310244 0.699983
vt 0.315726 0.721054
vt 0.364134 0.713805
vt 0.566264 0.247351
vt 0.572791 0.249943
vt 0.497444 0.223509
vt 0.567119 0.405364
vt 0.580069 0.408515
vn -0.0004 -0.6990 -0.7151
vn -0.0002 -0.6834 -0.7300
vn -0.1848 -0.6717 -0.7174
vn -0.1777 -0.7166 -0.6745
vn -0.1947 -0.6871 -0.7000
vn 0.1853 -0.6717 -0.7173
vn 0.1957 -0.6868 -0.7000
vn 0.3609 -0.6543 -0.6646
vn 0.3609 -0.6542 -0.6646
vn 0.3662 -0.6648 -0.6511
vn 0.1783 -0.7168 -0.6741
vn 0.3529 -0.6894 -0.6327
vn -0.5069 -0.7337 -0.4524
vn -0.6229 -0.6554 -0.4271
vn -0.4621 -0.7549 -0.4653
vn -0.5908 -0.6497 -0.4784
vn -0.6449 -0.6481 -0.4052
vn -0.5375 -0.6323 -0.5579
vn -0.5167 -0.6329 -0.5766
vn -0.6557 -0.5994 -0.4591
vn -0.6312 -0.6375 -0.4418
vn -0.6595 -0.5983 -0.4550
vn -0.3534 -0.6893 -0.6324
vn -0.3605 -0.6547 -0.6644
vn -0.5069 -0.6706 -0.5416
vn -0.3606 -0.6547 -0.6643
vn -0.3605 -0.6547 -0.6643
vn -0.5069 -0.6706 -0.5415
vn -0.0003 -0.6834 -0.7300
vn -0.0002 -0.7258 -0.6879
vn -0.5345 -0.7013 -0.4718
vn -0.3548 -0.7555 -0.5508
vn -0.3192 -0.7954 -0.5153
vn 0.5340 -0.7025 -0.4705
vn 0.3537 -0.7562 -0.5505
vn 0.5070 -0.7344 -0.4513
vn 0.5070 -0.7344 -0.4512
vn 0.3176 -0.7961 -0.5151
vn 0.6451 -0.6481 -0.4048
vn 0.5341 -0.7025 -0.4705
vn 0.6451 -0.6480 -0.4048
vn 0.6558 -0.6321 -0.4127
vn -0.5435 -0.6591 -0.5198
vn -0.3698 -0.7041 -0.6062
vn -0.1896 -0.7788 -0.5979
vn -0.0000 -0.7864 -0.6177
vn -0.1985 -0.7303 -0.6537
vn -0.0000 -0.7411 -0.6714
vn 0.2000 -0.7297 -0.6538
vn 0.1913 -0.7784 -0.5979
vn 0.3706 -0.7037 -0.6062
vn 0.6613 -0.6100 -0.4365
vn 0.5429 -0.6599 -0.5194
vn 0.2001 -0.7297 -0.6538
vn -0.3660 -0.6649 -0.6511
vn -0.3697 -0.7041 -0.6062
vn -0.3547 -0.7555 -0.5508
vn -0.6621 -0.6093 -0.4364
vn -0.6562 -0.6316 -0.4129
vn -0.5069 -0.7337 -0.4525
vn -0.6449 -0.6480 -0.4052
vn -0.5345 -0.7013 -0.4717
vn 0.3705 -0.7037 -0.6062
vn 0.6579 -0.5993 -0.4560
vn 0.5374 -0.6328 -0.5574
vn -0.3698 -0.7042 -0.6062
vn 0.5072 -0.6697 -0.5425
vn 0.5170 -0.6319 -0.5775
vn 0.5169 -0.6319 -0.5775
vn 0.6541 -0.6004 -0.4601
vn 0.6299 -0.6364 -0.4453
vn 0.6579 -0.5993 -0.4561
vn 0.5300 -0.6526 -0.5415
vn 0.5900 -0.6498 -0.4791
vn 0.4084 -0.7700 -0.4902
vn 0.5900 -0.6499 -0.4791
vn 0.4616 -0.7550 -0.4658
vn 0.3752 -0.7415 -0.5563
vn -0.1689 -0.8165 -0.5521
vn 0.1912 -0.7784 -0.5979
vn 0.1699 -0.8164 -0.5520
vn 0.0005 -0.8223 -0.5690
vn -0.1301 -0.8498 -0.5108
vn -0.1223 -0.8090 -0.5750
vn 0.0005 -0.8575 -0.5145
vn 0.0002 -0.8192 -0.5735
vn 0.1309 -0.8498 -0.5105
vn 0.1229 -0.8089 -0.5749
vn -0.2459 -0.7859 -0.5673
vn -0.2614 -0.8266 -0.4985
vn 0.2464 -0.7862 -0.5667
vn 0.2612 -0.8264 -0.4988
vn 0.2612 -0.8265 -0.4988
vn -0.1459 -0.8465 -0.5120
vn -0.2848 -0.8228 -0.4918
vn 0.0005 -0.8526 -0.5226
vn -0.1459 -0.8465 -0.5121
vn 0.0005 -0.8224 -0.5690
vn 0.1468 -0.8464 -0.5119
vn 0.2834 -0.8231 -0.4921
vn 0.1699 -0.8163 -0.5520
vn 0.2834 -0.8232 -0.4921
vn 0.4616 -0.7549 -0.4658
vn 0.6239 -0.6544 -0.4271
vn 0.6240 -0.6544 -0.4271
vn -0.4104 -0.7699 -0.4887
vn -0.5310 -0.6527 -0.5404
vn -0.2849 -0.8228 -0.4918
vn -0.3750 -0.7421 -0.5555
vn -0.2614 -0.8266 -0.4984
vn -0.3750 -0.7421 -0.5556
vn 0.4084 -0.7701 -0.4902
vn 0.2834 -0.8231 -0.4920
vn -0.5310 -0.6528 -0.5403
vn 0.6650 -0.3482 -0.6607
vn 0.5300 -0.6526 -0.5414
vn 0.5331 -0.3751 -0.7584
vn 0.5301 -0.6526 -0.5414
vn 0.3735 -0.4086 -0.8328
vn 0.3734 -0.4086 -0.8328
vn 0.1930 -0.4139 -0.8896
vn 0.1229 -0.8089 -0.5750
vn -0.0002 -0.4193 -0.9078
vn -0.0001 -0.4193 -0.9079
vn 0.2524 -0.9550 -0.1561
vn 0.4862 -0.8659 -0.1172
vn 0.4863 -0.8659 -0.1172
vn 0.1783 -0.7168 -0.6742
vn 0.3529 -0.6894 -0.6326
vn 0.6596 -0.7483 -0.0703
vn -0.0000 -0.9791 -0.2036
vn 0.2524 -0.9549 -0.1561
vn -0.0001 -0.7258 -0.6879
vn 0.7596 -0.6474 -0.0624
vn 0.8493 -0.5273 -0.0267
vn 0.7595 -0.6475 -0.0624
vn -0.1927 -0.4153 -0.8891
vn -0.0001 -0.4193 -0.9078
vn 0.0002 -0.8192 -0.5736
vn -0.5315 -0.3792 -0.7575
vn -0.3737 -0.4082 -0.8329
vn -0.6670 -0.3427 -0.6615
vn -0.5314 -0.3792 -0.7575
vn -0.8532 -0.2786 -0.4410
vn -0.7771 -0.2919 -0.5576
vn -0.9146 -0.2523 -0.3159
vn -0.9482 -0.3063 -0.0849
vn -0.9082 -0.4162 -0.0431
vn -0.9082 -0.4163 -0.0431
vn -0.8503 -0.5258 -0.0220
vn -0.8503 -0.5258 -0.0219
vn -0.7620 -0.6457 -0.0494
vn -0.9481 -0.3063 -0.0849
vn -0.9505 -0.2511 -0.1829
vn -0.6600 -0.7489 -0.0595
vn -0.5069 -0.6707 -0.5415
vn -0.4854 -0.8664 -0.1169
vn -0.2524 -0.9550 -0.1561
vn -0.2523 -0.9550 -0.1561
vn -0.6600 -0.7489 -0.0596
vn 0.8540 -0.2759 -0.4410
vn 0.7730 -0.3017 -0.5581
vn 0.9159 -0.2493 -0.3147
vn 0.9059 -0.4206 -0.0496
vn 0.8493 -0.5273 -0.0268
vn 0.9477 -0.3074 -0.0855
vn 0.9059 -0.4205 -0.0495
vn 0.6580 -0.5993 -0.4560
vn 0.9506 -0.2511 -0.1825
vn 0.6558 -0.6321 -0.4128
vn 0.9158 -0.2494 -0.3147
vn -0.8259 -0.2618 0.4994
vn -0.8233 -0.3063 0.4779
vn -0.6896 -0.3503 0.6338
vn -0.6839 -0.4123 0.6019
vn 0.8233 -0.3062 0.4779
vn 0.9243 -0.2010 0.3246
vn 0.8259 -0.2618 0.4994
vn 0.9251 -0.1746 0.3371
vn 0.0000 -0.6462 0.7632
vn 0.1755 -0.6286 0.7576
vn 0.0000 -0.5729 0.8196
vn 0.1755 -0.6286 0.7577
vn 0.1905 -0.5504 0.8129
vn -0.5369 -0.4294 0.7262
vn -0.5317 -0.5016 0.6824
vn 0.6839 -0.4123 0.6019
vn 0.8233 -0.3063 0.4779
vn 0.6896 -0.3503 0.6338
vn -0.3700 -0.4989 0.7837
vn -0.3580 -0.5780 0.7333
vn 0.5369 -0.4294 0.7262
vn 0.5318 -0.5016 0.6824
vn -0.1755 -0.6286 0.7576
vn -0.1906 -0.5504 0.8129
vn -0.1905 -0.5504 0.8129
vn 0.3700 -0.4989 0.7837
vn 0.5317 -0.5016 0.6824
vn 0.5318 -0.5016 0.6823
vn 0.3581 -0.5780 0.7333
vn -0.9827 -0.0918 0.1606
vn -0.9850 -0.0953 0.1437
vn -0.9251 -0.1746 0.3371
vn -0.9850 -0.0952 0.1437
vn -0.9243 -0.2010 0.3246
vn 0.1906 -0.5504 0.8129
vn 0.9827 -0.0918 0.1606
vn 0.9850 -0.0952 0.1437
vn 0.9998 -0.0153 0.0129
vn 0.9997 -0.0125 -0.0220
vn -0.8233 -0.3062 0.4779
vn -0.0000 -0.6461 0.7632
vn -0.1755 -0.6286 0.7577
vn 0.9850 -0.0953 0.1437
vn -0.9998 -0.0153 0.0129
vn -0.9997 -0.0125 -0.0220
vn -0.9861 -0.1134 0.1217
vn 0.9861 -0.1135 0.1215
vn 0.9998 -0.0153 0.0128
vn 0.9879 0.0716 -0.1374
vn 0.9771 0.0684 -0.2015
vn -0.8445 -0.3676 0.3894
vn -0.7146 -0.4947 0.4945
vn 0.9771 0.0685 -0.2015
vn 0.9459 0.1327 -0.2962
vn 0.9219 0.1080 -0.3720
vn 0.9364 -0.2397 0.2563
vn 0.8446 -0.3679 0.3890
vn 0.1835 -0.7503 0.6352
vn 0.0000 -0.7682 0.6402
vn -0.5661 -0.5987 0.5666
vn 0.7417 0.2250 -0.6319
vn 0.7060 0.1643 -0.6889
vn 0.5873 0.2672 -0.7640
vn 0.5515 0.1995 -0.8100
vn 0.6839 -0.4124 0.6019
vn 0.7152 -0.4959 0.4926
vn -0.9879 0.0716 -0.1374
vn -0.9459 0.1326 -0.2962
vn -0.9771 0.0680 -0.2018
vn -0.9459 0.1327 -0.2962
vn -0.9221 0.1072 -0.3719
vn 0.4057 0.3007 -0.8631
vn 0.3767 0.2140 -0.9013
vn -0.9998 -0.0153 0.0128
vn -0.9771 0.0680 -0.2017
vn -0.3798 -0.6896 0.6167
vn 0.9219 0.1080 -0.3721
vn 0.8634 0.1783 -0.4720
vn 0.8306 0.1389 -0.5393
vn 0.7152 -0.4958 0.4926
vn 0.5670 -0.5995 0.5648
vn -0.7414 0.2253 -0.6322
vn -0.5873 0.2672 -0.7639
vn -0.7057 0.1664 -0.6887
vn -0.5873 0.2673 -0.7640
vn -0.5517 0.1974 -0.8104
vn 0.8633 0.1783 -0.4721
vn 0.7060 0.1643 -0.6888
vn -0.5873 0.2672 -0.7640
vn -0.4057 0.3008 -0.8631
vn -0.5516 0.1974 -0.8104
vn -0.4057 0.3007 -0.8631
vn -0.3768 0.2138 -0.9013
vn 0.2035 0.3225 -0.9244
vn 0.3767 0.2139 -0.9013
vn 0.1936 0.2283 -0.9542
vn -0.8635 0.1785 -0.4718
vn -0.7414 0.2253 -0.6321
vn -0.8305 0.1409 -0.5390
vn -0.8304 0.1409 -0.5390
vn -0.1835 -0.7503 0.6352
vn 0.1935 0.2283 -0.9542
vn 0.0000 0.3269 -0.9450
vn -0.0000 0.2380 -0.9713
vn 0.3800 -0.6895 0.6166
vn -0.9221 0.1072 -0.3718
vn -0.2035 0.3226 -0.9244
vn -0.3768 0.2139 -0.9013
vn -0.1936 0.2274 -0.9544
vn -0.9861 -0.1134 0.1216
vn -0.9243 -0.2010 0.3245
vn -0.9363 -0.2387 0.2575
vn -0.0000 0.2381 -0.9713
vn 0.9243 -0.2010 0.3245
vn -0.6671 -0.3427 -0.6615
vn -0.1927 -0.4152 -0.8891
vn -0.2460 -0.7859 -0.5673
vn -0.1928 -0.4153 -0.8890
vn -0.8445 -0.3675 0.3894
vn -0.7147 -0.4947 0.4945
vn -0.7146 -0.4948 0.4945
vn -0.5662 -0.5987 0.5666
vn -0.3798 -0.6895 0.6167
vn -0.3797 -0.6896 0.6167
vn -0.1835 -0.7502 0.6352
vn 0.0001 -0.7682 0.6402
vn -0.0000 -0.9790 -0.2036
vn 0.1835 -0.7503 0.6351
vn -0.0000 -0.9790 -0.2037
vn 0.1834 -0.7503 0.6352
vn 0.3799 -0.6895 0.6166
vn 0.5670 -0.5996 0.5649
vn 0.7595 -0.6474 -0.0624
vn 0.9059 -0.4205 -0.0496
vn 0.9158 -0.2493 -0.3147
vn 0.9219 0.1079 -0.3721
vn 0.7060 0.1644 -0.6889
vn 0.1936 0.2282 -0.9542
vn -0.1928 -0.4152 -0.8891
vn -0.1928 -0.4153 -0.8891
vn -0.0001 0.2380 -0.9713
vn -0.3769 0.2138 -0.9013
vn -0.6671 -0.3426 -0.6615
vn -0.7771 -0.2920 -0.5576
vn -0.0255 0.8327 -0.5531
vn -0.0219 0.7947 -0.6066
vn -0.0363 0.8350 -0.5491
vn -0.0273 0.8770 -0.4796
vn -0.0284 0.8792 -0.4756
vn -0.0170 0.8760 -0.4820
vn -0.0143 0.8655 -0.5008
vn 0.0104 0.8777 -0.4790
vn 0.0005 0.8711 -0.4911
vn 0.0005 0.8711 -0.4910
vn 0.0103 0.8777 -0.4790
vn 0.0154 0.8799 -0.4749
vn 0.0124 0.8727 -0.4880
vn 0.0117 0.8750 -0.4840
vn -0.0143 0.8731 -0.4873
vn -0.0304 0.8794 -0.4751
vn -0.0285 0.8794 -0.4752
vn -0.0173 0.8761 -0.4818
vn -0.0174 0.8761 -0.4818
vn -0.0074 0.8742 -0.4855
vn 0.0079 0.8744 -0.4851
vn 0.0015 0.8742 -0.4856
vn 0.0186 0.8743 -0.4851
vn -0.0092 0.8745 -0.4850
vn -0.0258 0.8747 -0.4841
vn -0.0287 0.8739 -0.4853
vn 0.0186 0.8743 -0.4850
vn 0.0221 0.8762 -0.4814
vn 0.0079 0.8744 -0.4852
vn 0.0078 0.8744 -0.4852
vn 0.0221 0.8762 -0.4815
vn 0.0208 0.8770 -0.4800
vn -0.0144 0.8731 -0.4873
vn 0.0105 0.8699 -0.4932
vn -0.0283 0.8799 -0.4743
vn -0.0282 0.8800 -0.4742
vn -0.0293 0.8797 -0.4746
vn 0.0372 0.8810 -0.4717
vn 0.0351 0.8811 -0.4716
vn 0.0353 0.8810 -0.4717
vn 0.0345 0.8815 -0.4709
vn 0.0346 0.8815 -0.4710
vn 0.0341 0.8821 -0.4698
vn 0.0209 0.8770 -0.4800
vn 0.0341 0.8821 -0.4699
vn 0.0135 0.8619 -0.5070
vn -0.0270 0.8757 -0.4822
vn -0.0271 0.8756 -0.4823
vn -0.0144 0.8731 -0.4874
vn -0.0273 0.8662 -0.4990
vn -0.0315 0.8651 -0.5007
vn 0.0361 0.8635 -0.5030
vn 0.0398 0.8485 -0.5277
vn 0.0221 0.8685 -0.4952
vn 0.0254 0.8474 -0.5304
vn 0.0209 0.7939 -0.6077
vn 0.0203 0.8254 -0.5642
vn 0.0367 0.8301 -0.5564
vn -0.0032 0.8457 -0.5337
vn -0.0143 0.8655 -0.5007
vn -0.0355 0.8421 -0.5381
vn -0.0292 0.8695 -0.4932
vn -0.0270 0.8757 -0.4821
vn -0.0288 0.8728 -0.4871
vn -0.0288 0.8729 -0.4871
vn -0.0292 0.8694 -0.4932
vn 0.0174 0.8780 -0.4783
vn 0.0175 0.8780 -0.4783
vn 0.0191 0.8800 -0.4746
vn 0.0048 0.8809 -0.4733
vn 0.0362 0.8636 -0.5030
vn 0.0172 0.8837 -0.4678
vn -0.0103 0.8763 -0.4816
vn 0.0294 0.8648 -0.5013
vn 0.0048 0.8809 -0.4732
vn 0.0284 0.8680 -0.4958
vn -0.0175 0.8688 -0.4948
vn 0.0263 0.8753 -0.4828
vn 0.0266 0.8729 -0.4873
vn 0.0274 0.8786 -0.4768
vn 0.0277 0.8766 -0.4805
vn -0.0096 0.8649 -0.5019
vn 0.0156 0.8649 -0.5018
vn 0.0153 0.8655 -0.5006
vn 0.0106 0.8699 -0.4932
vn 0.0154 0.8666 -0.4988
vn -0.0219 0.7947 -0.6065
vn -0.0013 0.7809 -0.6247
vn -0.0134 0.7683 -0.6400
vn 0.0132 0.7710 -0.6367
vn -0.0116 0.7578 -0.6523
vn -0.0018 0.7456 -0.6664
vn -0.0102 0.7307 -0.6827
vn -0.0017 0.7151 -0.6990
vn 0.0122 0.7498 -0.6615
vn 0.0108 0.7324 -0.6807
vn 0.0108 0.7324 -0.6808
vn 0.0011 0.7149 -0.6992
vn 0.0007 0.7122 -0.7020
vn 0.0005 0.7122 -0.7019
vn -0.0001 0.7118 -0.7023
vn -0.0012 0.7119 -0.7023
vn -0.0013 0.7119 -0.7023
vn 0.0000 0.7118 -0.7023
vn 0.1477 -0.4756 -0.8672
vn 0.1463 -0.4757 -0.8674
vn -0.0352 -0.4805 -0.8763
vn -0.0350 -0.4805 -0.8763
vn -0.9999 -0.0071 -0.0130
vn -0.9927 -0.0580 -0.1058
vn -0.9999 -0.0073 -0.0134
vn -0.9926 -0.0582 -0.1061
vn -0.6911 0.3476 0.6337
vn -0.7963 0.2909 0.5304
vn -0.7062 0.3405 0.6207
vn -0.8019 0.2873 0.5238
vn -0.3641 0.8336 -0.4154
vn 0.6721 0.6055 -0.4262
vn -0.3277 0.8929 -0.3089
vn 0.6721 0.6055 -0.4261
vn 0.6050 0.4960 -0.6229
vn 0.0555 -0.7542 -0.6543
vn 0.3731 -0.7174 -0.5883
vn 0.7850 -0.0464 0.6178
vn 0.5607 0.0689 0.8251
vn -0.5580 0.4702 -0.6837
vn -0.3990 0.3860 -0.8317
vn -0.6482 0.3490 -0.6768
vn -0.4646 0.2535 -0.8485
vn -0.0116 0.7578 -0.6524
vn 0.4128 -0.4380 -0.7986
vn 0.4104 -0.4385 -0.7996
vn 0.2830 -0.4612 -0.8410
vn 0.2807 -0.4615 -0.8416
vn -0.9366 -0.1685 -0.3073
vn -0.9745 -0.1078 -0.1966
vn -0.9367 -0.1683 -0.3070
vn -0.9746 -0.1076 -0.1963
vn -0.8544 0.2498 0.4556
vn -0.9050 0.2045 0.3730
vn -0.8608 0.2447 0.4462
vn -0.9050 0.2045 0.3729
vn -0.9076 0.2018 0.3680
vn 0.9078 -0.2016 -0.3677
vn 0.9081 -0.2014 -0.3672
vn 0.9629 -0.1298 -0.2367
vn 0.9630 -0.1296 -0.2363
vn -0.3566 0.7718 -0.5265
vn -0.3061 0.7150 -0.6286
vn 0.6582 0.7196 -0.2211
vn 0.6582 0.7196 -0.2212
vn -0.3060 0.7150 -0.6286
vn 0.5650 0.8245 -0.0328
vn 0.6457 -0.6301 -0.4313
vn 0.8405 -0.5027 -0.2023
vn 0.2688 0.1400 0.9529
vn -0.0555 0.1583 0.9858
vn -0.4582 0.8866 0.0634
vn -0.5343 0.8258 0.1803
vn -0.2646 0.9479 0.1776
vn -0.3103 0.8984 0.3107
vn -0.6494 0.5751 -0.4975
vn -0.7535 0.4694 -0.4604
vn 0.0014 0.8742 -0.4856
vn -0.0091 0.8745 -0.4850
vn 0.2831 -0.4612 -0.8409
vn 0.1478 -0.4756 -0.8672
vn -0.9462 0.1556 0.2837
vn -0.9503 0.1497 0.2730
vn -0.9463 0.1555 0.2836
vn -0.9463 0.1555 0.2835
vn -0.9503 0.1498 0.2731
vn -0.9503 0.1496 0.2729
vn -0.0363 0.8350 -0.5490
vn -0.3641 0.8336 -0.4155
vn 0.3731 -0.7175 -0.5883
vn 0.2688 0.1400 0.9530
vn 0.0010 0.8613 -0.5080
vn 0.0289 0.8794 -0.4752
vn 0.7537 0.6383 -0.1568
vn 0.6458 0.7609 0.0635
vn 0.5412 -0.4043 -0.7373
vn 0.5397 -0.4048 -0.7382
vn 0.4105 -0.4385 -0.7995
vn -0.9367 -0.1683 -0.3069
vn -0.8882 -0.2209 -0.4028
vn -0.8880 -0.2211 -0.4032
vn -0.9295 0.1773 0.3234
vn -0.9076 0.2018 0.3681
vn -0.9304 0.1762 0.3214
vn 0.9891 -0.0707 -0.1289
vn 0.9891 -0.0709 -0.1294
vn 0.9630 -0.1296 -0.2364
vn 0.0024 0.8263 -0.5632
vn -0.2186 0.6700 -0.7094
vn 0.5649 0.8245 -0.0328
vn 0.4036 0.9076 0.1159
vn 0.9338 -0.3506 0.0711
vn -0.3731 0.1216 0.9198
vn 0.4037 0.9075 0.1159
vn 0.4569 0.8574 0.2370
vn 0.8374 -0.2628 -0.4793
vn 0.8369 -0.2632 -0.4800
vn 0.7492 -0.3185 -0.5808
vn 0.7483 -0.3190 -0.5817
vn -0.7291 -0.3291 -0.6001
vn -0.6391 -0.3698 -0.6744
vn -0.7283 -0.3295 -0.6008
vn -0.6379 -0.3703 -0.6753
vn -0.0032 0.4808 0.8768
vn -0.0033 0.4809 0.8768
vn 0.1739 0.4735 0.8635
vn -0.0033 0.4808 0.8768
vn 0.1781 0.4732 0.8628
vn 0.9466 0.1550 0.2827
vn 0.9466 0.1550 0.2826
vn 0.9547 0.1430 0.2608
vn 0.9549 0.1428 0.2603
vn 0.1455 0.6495 -0.7463
vn 0.0216 0.6352 -0.7721
vn -0.0382 0.9730 0.2276
vn 0.2186 0.9561 -0.1953
vn -0.3991 0.3860 -0.8317
vn 0.3060 0.9111 -0.2761
vn -0.8405 -0.0932 0.5338
vn -0.9338 -0.2453 0.2604
vn -0.0381 0.9730 0.2275
vn -0.0495 0.9292 0.3661
vn 0.1941 0.9591 0.2063
vn 0.2167 0.9149 0.3404
vn 0.0266 0.8728 -0.4873
vn -0.0183 0.8730 -0.4874
vn 0.0265 0.8707 -0.4912
vn -0.1911 0.3327 -0.9234
vn 0.0409 0.3174 -0.9474
vn -0.2250 0.1943 -0.9548
vn 0.0411 0.1786 -0.9831
vn 0.7682 0.5107 -0.3862
vn -0.0293 0.8797 -0.4745
vn -0.0295 0.8797 -0.4745
vn 0.6392 -0.3698 -0.6743
vn 0.6380 -0.3702 -0.6752
vn 0.5413 -0.4043 -0.7373
vn -0.8198 -0.2754 -0.5021
vn -0.8192 -0.2757 -0.5028
vn 0.3323 0.4536 0.8269
vn 0.3453 0.4515 0.8227
vn 0.5370 0.4056 0.7396
vn 0.5370 0.4056 0.7397
vn 0.5505 0.4016 0.7319
vn 0.9890 0.0712 0.1298
vn 0.9891 0.0708 0.1290
vn 1.0000 -0.0045 -0.0081
vn 0.9891 0.0707 0.1290
vn 0.9999 -0.0048 -0.0088
vn 0.9307 0.1759 0.3207
vn 0.9315 0.1749 0.3189
vn 0.9422 0.1611 0.2937
vn 0.9424 0.1608 0.2933
vn -0.1048 0.6423 -0.7593
vn 0.4036 0.9076 0.1158
vn 0.1940 0.9591 0.2063
vn 0.9146 -0.1921 0.3559
vn -0.6457 0.0342 0.7628
vn -0.0381 0.9730 0.2276
vn 0.2688 0.3423 -0.9003
vn 0.2689 0.3423 -0.9003
vn 0.3022 0.2080 -0.9303
vn -0.0286 0.8739 -0.4852
vn -0.5414 -0.4043 -0.7372
vn -0.4384 -0.4322 -0.7880
vn -0.5399 -0.4047 -0.7380
vn -0.4385 -0.4322 -0.7880
vn -0.4366 -0.4326 -0.7889
vn -0.1671 0.4741 0.8645
vn -0.3289 0.4542 0.8280
vn -0.1705 0.4739 0.8639
vn -0.3288 0.4542 0.8280
vn -0.3432 0.4518 0.8235
vn 0.9045 0.2051 0.3740
vn 0.9073 0.2022 0.3687
vn 0.9307 0.1758 0.3206
vn -0.9420 0.1614 0.2943
vn -0.9462 0.1555 0.2836
vn -0.9422 0.1611 0.2938
vn 0.2517 0.6835 -0.6851
vn 0.3277 0.7332 -0.5959
vn -0.4582 0.8866 0.0633
vn -0.4583 0.8866 0.0633
vn -0.5963 0.7964 -0.1008
vn -0.0216 0.9909 -0.1326
vn 0.0408 0.3174 -0.9474
vn 0.1048 0.9838 -0.1454
vn -0.1911 0.3327 -0.9235
vn -0.9146 -0.4037 -0.0244
vn -0.7850 -0.5494 -0.2863
vn 0.2167 0.9149 0.3405
vn 0.1941 0.9590 0.2063
vn -0.6912 0.7227 -0.0052
vn -0.7675 0.6000 -0.2256
vn -0.6626 0.6883 -0.2952
vn 0.6050 0.4959 -0.6229
vn 0.6913 0.3856 -0.6110
vn -0.0005 0.7066 -0.7076
vn 0.0006 0.7122 -0.7020
vn -0.0000 0.7119 -0.7023
vn 0.7492 -0.3185 -0.5807
vn 0.3324 0.4535 0.8269
vn 0.3324 0.4536 0.8269
vn 0.9890 0.0711 0.1297
vn -0.5580 0.4702 -0.6838
vn 0.3566 0.8543 -0.3782
vn -0.5581 0.4702 -0.6837
vn -0.6626 0.6883 -0.2953
vn 0.0254 0.8473 -0.5304
vn -0.0032 0.8456 -0.5337
vn 0.6833 0.3511 0.6402
vn 0.6991 0.3439 0.6269
vn 0.8057 0.2848 0.5193
vn 0.8132 0.2798 0.5102
vn -0.3056 -0.4578 -0.8349
vn -0.1681 -0.4740 -0.8643
vn -0.3032 -0.4582 -0.8355
vn -0.1663 -0.4741 -0.8646
vn -0.9745 0.1078 0.1966
vn -0.9936 0.0542 0.0987
vn -0.9747 0.1074 0.1959
vn -0.9937 0.0538 0.0980
vn -0.5442 0.4033 0.7356
vn -0.5590 0.3987 0.7271
vn -0.5590 0.3987 0.7270
vn -0.7063 0.3405 0.6207
vn 0.3641 0.7925 -0.4892
vn -0.1455 0.9766 -0.1584
vn -0.2517 0.9426 -0.2196
vn 0.4649 0.4044 -0.7876
vn -0.5607 -0.6648 -0.4936
vn -0.2688 -0.7359 -0.6214
vn -0.6911 0.7227 -0.0051
vn 0.0009 0.8613 -0.5080
vn 0.0308 0.8800 -0.4740
vn 0.0010 0.8614 -0.5080
vn 0.0308 0.8800 -0.4741
vn 0.0208 0.7939 -0.6077
vn 0.8374 -0.2629 -0.4793
vn -0.5415 -0.4042 -0.7372
vn -0.5415 -0.4043 -0.7372
vn -0.2647 0.9479 0.1775
vn 0.1048 0.9838 -0.1455
vn -0.3990 0.3860 -0.8318
vn -0.1912 0.3327 -0.9234
vn 0.0001 0.7080 -0.7063
vn -0.0013 0.7118 -0.7023
vn 0.6833 0.3510 0.6402
vn -0.9999 -0.0071 -0.0129
vn -0.2518 0.9425 -0.2196
vn 0.3022 0.2079 -0.9303
vn 0.5270 0.2789 -0.8028
vn -0.0012 0.7809 -0.6247
vn 0.0133 0.7710 -0.6367
vn 0.8606 0.2449 0.4466
vn 0.8652 0.2411 0.4396
vn -0.4365 -0.4326 -0.7889
vn -0.3031 -0.4582 -0.8356
vn -0.9503 0.1497 0.2731
vn -0.9746 0.1078 0.1965
vn 0.0202 0.8254 -0.5642
vn 0.3641 0.7925 -0.4893
vn 0.3277 0.7332 -0.5958
vn -0.0007 0.7661 -0.6427
vn -0.3424 -0.6041 -0.7196
vn -0.6431 -0.4926 -0.5864
vn -0.6431 -0.4926 -0.5863
vn -0.0004 -0.6427 -0.7661
vn 0.3417 -0.6039 -0.7201
vn 0.6425 -0.4922 -0.5873
vn 0.6425 -0.4922 -0.5874
vn 0.3416 -0.6038 -0.7202
vn 0.3416 -0.6039 -0.7202
vn 0.9847 -0.1113 -0.1338
vn 0.8658 -0.3211 -0.3837
vn -0.8658 0.3211 0.3837
vn -0.9847 0.1113 0.1338
vn 0.6431 0.4926 0.5864
vn 0.8662 0.3216 0.3824
vn 0.6431 0.4925 0.5864
vn -0.9849 -0.1119 -0.1323
vn -0.8662 -0.3216 -0.3824
vn 0.0004 0.6428 0.7660
vn 0.3424 0.6041 0.7196
vn 0.0004 0.6427 0.7661
vn -0.3417 0.6039 0.7201
vn -0.3417 0.6039 0.7202
vn 0.9849 0.1119 0.1323
vn -0.6425 0.4922 0.5873
vn -0.6425 0.4921 0.5874
vn -0.6425 0.4922 0.5874
vn 0.8662 0.3217 0.3824
vn -0.3416 0.6039 0.7202
vn -0.1969 0.8927 -0.4054
vn -0.0673 0.9467 -0.3151
vn 0.0128 0.8501 -0.5265
vn 0.0996 0.9434 -0.3163
vn 0.0996 0.9434 -0.3162
vn 0.2257 0.8845 -0.4084
vn 0.2520 0.7974 -0.5483
vn 0.1662 0.7230 -0.6706
vn 0.0085 0.6960 -0.7180
vn -0.1474 0.7291 -0.6684
vn -0.2285 0.8067 -0.5449
vn -0.2285 0.8068 -0.5449
vn -0.0712 0.9424 -0.3268
vn 0.0153 0.8446 -0.5351
vn -0.1979 0.8858 -0.4197
vn -0.2249 0.7981 -0.5590
vn -0.0713 0.9424 -0.3268
vn 0.0957 0.9413 -0.3238
vn 0.0956 0.9413 -0.3238
vn 0.2247 0.8830 -0.4121
vn 0.2556 0.7948 -0.5504
vn 0.1738 0.7180 -0.6740
vn 0.0177 0.6885 -0.7250
vn 0.0176 0.6885 -0.7250
vn -0.1398 0.7201 -0.6796
vn 0.4261 0.8951 -0.1317
vn 0.3080 0.9507 -0.0363
vn 0.7633 0.4582 0.4554
vn 0.5138 0.5832 0.6292
vn 0.1813 0.6448 0.7425
vn 0.0940 0.9955 0.0098
vn 0.0939 0.9955 0.0098
vn 0.3081 0.9507 -0.0363
vn -0.1471 0.6599 0.7369
vn -0.0675 0.9968 0.0425
vn 0.1812 0.6448 0.7425
vn 0.5598 0.7087 -0.4293
vn 0.5404 0.7896 -0.2907
vn 0.9891 0.1207 -0.0841
vn 0.9891 0.1206 -0.0841
vn 0.9353 0.3017 0.1850
vn 0.4260 0.8951 -0.1317
vn 0.5353 0.5827 -0.6114
vn 0.5598 0.7088 -0.4292
vn 0.9202 -0.0529 -0.3880
vn 0.5598 0.7088 -0.4293
vn 0.4304 0.5333 -0.7283
vn 0.5353 0.5828 -0.6114
vn 0.7531 -0.2099 -0.6235
vn 0.7531 -0.2099 -0.6236
vn 0.5354 0.5828 -0.6114
vn 0.2757 0.4342 -0.8576
vn 0.4304 0.5333 -0.7282
vn 0.4755 -0.3147 -0.8215
vn 0.4755 -0.3148 -0.8215
vn 0.1148 0.4364 -0.8924
vn 0.1656 -0.3788 -0.9105
vn 0.2758 0.4342 -0.8576
vn -0.1080 0.4103 -0.9055
vn -0.1906 -0.3613 -0.9128
vn -0.2495 0.4703 -0.8465
vn -0.4984 -0.3070 -0.8108
vn -0.1079 0.4103 -0.9056
vn -0.1906 -0.3612 -0.9128
vn -0.4294 0.5325 -0.7294
vn -0.2494 0.4703 -0.8465
vn -0.7665 -0.1707 -0.6191
vn -0.5025 0.6130 -0.6098
vn -0.4294 0.5326 -0.7294
vn -0.9282 -0.0281 -0.3710
vn -0.9282 -0.0281 -0.3709
vn -0.5554 0.7176 -0.4202
vn -0.9827 0.1678 -0.0779
vn -0.5024 0.6130 -0.6098
vn -0.4992 0.8134 -0.2987
vn -0.5554 0.7176 -0.4203
vn -0.9228 0.3274 0.2031
vn -0.9228 0.3274 0.2032
vn -0.4002 0.9082 -0.1221
vn -0.7381 0.4958 0.4576
vn -0.2710 0.9617 -0.0411
vn -0.4003 0.9082 -0.1221
vn -0.4846 0.5931 0.6429
vn -0.4846 0.5932 0.6429
vn 0.1662 0.7229 -0.6706
vn 0.0085 0.6959 -0.7180
vn -0.1474 0.7290 -0.6684
vn -0.5024 0.6130 -0.6097
vn -0.1896 -0.5149 -0.8360
vn 0.1576 -0.5217 -0.8384
vn -0.1080 0.4103 -0.9056
vn 0.4858 -0.4655 -0.7398
vn 0.7554 -0.3532 -0.5519
vn 0.1576 -0.5217 -0.8385
vn 0.9202 -0.0529 -0.3879
vn 0.9339 -0.1983 -0.2974
vn -0.1576 0.5217 0.8384
vn -0.1576 0.5216 0.8385
vn 0.1896 0.5150 0.8360
vn 0.9998 -0.0194 -0.0071
vn -0.4858 0.4655 0.7398
vn -0.1576 0.5217 0.8385
vn -0.1471 0.6598 0.7369
vn 0.9450 0.1617 0.2841
vn 0.9450 0.1618 0.2841
vn 0.9998 -0.0195 -0.0071
vn -0.7554 0.3532 0.5519
vn 0.9451 0.1617 0.2841
vn 0.7763 0.3234 0.5410
vn -0.9339 0.1983 0.2974
vn -0.7763 -0.3234 -0.5410
vn -0.9451 -0.1617 -0.2841
vn 0.5140 0.4461 0.7327
vn -0.9998 0.0195 0.0071
vn -0.1968 0.8927 -0.4054
vn -0.9450 -0.1618 -0.2841
vn -0.9998 0.0194 0.0071
vn -0.5140 -0.4461 -0.7327
vn 0.4180 0.8990 -0.1307
vn 0.2969 0.9541 -0.0389
vn 0.7459 0.4726 0.4693
vn 0.2969 0.9541 -0.0388
vn 0.4906 0.5962 0.6354
vn 0.1546 0.6548 0.7398
vn 0.0849 0.9963 0.0134
vn -0.1736 0.6656 0.7259
vn 0.1547 0.6548 0.7398
vn -0.0766 0.9969 0.0180
vn 0.5615 0.7113 -0.4228
vn 0.5375 0.7934 -0.2857
vn 0.9893 0.1324 -0.0608
vn 0.9265 0.3155 0.2048
vn 0.5431 0.5831 -0.6042
vn 0.9301 -0.0452 -0.3644
vn 0.5614 0.7113 -0.4228
vn 0.4417 0.5312 -0.7230
vn 0.5431 0.5832 -0.6042
vn 0.7710 -0.2068 -0.6024
vn 0.7709 -0.2068 -0.6024
vn 0.5431 0.5832 -0.6041
vn 0.2915 0.4287 -0.8551
vn 0.4997 -0.3172 -0.8060
vn 0.1315 0.4285 -0.8939
vn 0.1930 -0.3861 -0.9020
vn 0.2916 0.4287 -0.8551
vn -0.0905 0.3994 -0.9123
vn -0.1633 -0.3731 -0.9133
vn 0.1930 -0.3862 -0.9020
vn -0.2342 0.4583 -0.8574
vn -0.4741 -0.3218 -0.8196
vn -0.4742 -0.3218 -0.8195
vn -0.4178 0.5194 -0.7455
vn -0.2341 0.4583 -0.8574
vn -0.7487 -0.1869 -0.6360
vn -0.7486 -0.1869 -0.6361
vn -0.4947 0.6001 -0.6286
vn -0.4177 0.5194 -0.7455
vn -0.9183 -0.0439 -0.3935
vn -0.9183 -0.0438 -0.3935
vn -0.7487 -0.1869 -0.6361
vn -0.5431 0.7132 -0.4432
vn -0.9825 0.1544 -0.1041
vn -0.5108 0.8012 -0.3116
vn -0.5431 0.7131 -0.4432
vn -0.9316 0.3176 0.1767
vn -0.9316 0.3177 0.1767
vn -0.9825 0.1544 -0.1040
vn -0.4181 0.8985 -0.1339
vn -0.7554 0.4911 0.4338
vn -0.2784 0.9579 -0.0700
vn -0.5079 0.5936 0.6243
vn -0.5078 0.5936 0.6243
vn 0.0849 0.9963 0.0133
vn 0.4417 0.5311 -0.7231
vn -0.2249 0.7980 -0.5590
vn -0.1978 0.8858 -0.4197
vn -0.0767 0.9969 0.0180
vn -0.4947 0.6002 -0.6285
vn -0.1623 -0.5260 -0.8349
vn -0.1632 -0.3731 -0.9133
vn 0.1850 -0.5284 -0.8286
vn 0.1850 -0.5283 -0.8286
vn 0.5099 -0.4670 -0.7225
vn 0.4998 -0.3172 -0.8060
vn 0.7733 -0.3493 -0.5291
vn 0.7733 -0.3493 -0.5292
vn 0.9435 -0.1894 -0.2720
vn -0.1736 0.6655 0.7259
vn -0.1850 0.5283 0.8286
vn 0.1546 0.6548 0.7399
vn 0.1623 0.5260 0.8349
vn 0.9265 0.3155 0.2049
vn 0.9356 0.1767 0.3057
vn 0.9998 -0.0068 0.0179
vn -0.7733 0.3493 0.5291
vn -0.5099 0.4670 0.7225
vn 0.9998 -0.0067 0.0179
vn 0.7585 0.3389 0.5566
vn -0.7733 0.3493 0.5292
vn -0.9435 0.1894 0.2720
vn -0.7554 0.4910 0.4338
vn 0.4906 0.5962 0.6355
vn 0.4899 0.4602 0.7404
vn -0.9998 0.0068 -0.0179
vn 0.5614 0.7114 -0.4228
vn -0.9356 -0.1768 -0.3057
vn -0.9356 -0.1767 -0.3057
vn -0.7585 -0.3389 -0.5566
vn -0.4741 -0.3218 -0.8195
vn -0.4899 -0.4602 -0.7404
vn 0.2970 0.9541 -0.0389
vn 0.4179 0.8990 -0.1307
vn 0.0153 0.8799 -0.4749
vn 0.0153 0.8799 -0.4748
vn 0.0103 0.8778 -0.4790
vn 0.7536 0.6383 -0.1568
vn 0.0117 0.8750 -0.4839
vn 0.7681 0.5107 -0.3862
vn 0.0124 0.8727 -0.4881
vn 0.0156 0.8649 -0.5017
vn 0.0153 0.8656 -0.5006
vn 0.0136 0.8619 -0.5069
vn 0.0135 0.8619 -0.5069
vn 0.0010 0.8613 -0.5081
vn -0.4645 0.2535 -0.8485
vn -0.0175 0.8688 -0.4949
vn -0.0103 0.8763 -0.4817
vn -0.0102 0.8763 -0.4816
vn 0.0173 0.8837 -0.4678
vn -0.0423 -0.2623 0.9640
vn -0.2920 -0.2651 0.9190
vn -0.3233 -0.1446 0.9352
vn -0.4926 -0.3567 0.7937
vn -0.6577 -0.4327 0.6166
vn -0.7284 -0.3301 0.6004
vn -0.7125 -0.5694 0.4101
vn -0.7157 -0.6750 0.1794
vn -0.7926 -0.5985 0.1162
vn -0.7926 -0.5986 0.1161
vn -0.7157 -0.6750 0.1795
vn -0.5989 -0.8008 -0.0073
vn -0.4388 -0.8787 -0.1880
vn -0.2051 -0.9427 -0.2633
vn -0.4859 -0.8242 -0.2909
vn 0.2847 -0.9286 -0.2380
vn 0.5053 -0.8516 -0.1392
vn 0.5596 -0.7942 -0.2368
vn 0.5597 -0.7942 -0.2368
vn 0.6412 -0.7653 0.0568
vn 0.7308 -0.6335 0.2543
vn 0.8093 -0.5527 0.1990
vn 0.6412 -0.7652 0.0568
vn 0.6412 -0.7653 0.0567
vn 0.7307 -0.6335 0.2542
vn 0.6978 -0.5290 0.4830
vn 0.8093 -0.5526 0.1990
vn 0.6143 -0.3962 0.6824
vn 0.4278 -0.3304 0.8413
vn 0.6803 -0.2898 0.6732
vn 0.4278 -0.3303 0.8414
vn 0.2330 -0.1286 0.9639
vn 0.0434 -0.9485 -0.3139
vn 0.0481 -0.9014 -0.4302
vn 0.0481 -0.9014 -0.4303
vn 0.2846 -0.9286 -0.2380
vn -0.4388 -0.8787 -0.1881
vn -0.4860 -0.8242 -0.2908
vn -0.5989 -0.8008 -0.0074
vn -0.4860 -0.8241 -0.2909
vn 0.0480 -0.9014 -0.4303
vn -0.6577 -0.4326 0.6167
vn -0.7284 -0.3302 0.6003
vn -0.7926 -0.5986 0.1162
vn -0.2919 -0.2651 0.9190
vn -0.3234 -0.1446 0.9352
vn -0.4926 -0.3567 0.7938
vn -0.7284 -0.3302 0.6004
vn 0.2104 -0.2507 0.9449
vn -0.0423 -0.2623 0.9641
vn -0.3233 -0.1445 0.9352
vn 0.2103 -0.2507 0.9449
vn 0.6978 -0.5289 0.4831
vn 0.2113 0.9325 0.2928
vn 0.2271 0.9004 0.3710
vn 0.6171 0.7864 0.0290
vn 0.6632 0.7433 0.0877
vn 0.0590 -0.4839 -0.8731
vn 0.6869 -0.3523 -0.6357
vn 0.6869 -0.3523 -0.6356
vn 0.6887 0.7145 0.1229
vn 0.8340 0.2235 0.5045
vn 0.7594 0.6343 -0.1450
vn 0.9717 0.0696 0.2258
vn 0.5053 -0.8516 -0.1393
vn 0.8930 -0.2595 -0.3678
vn 0.6860 -0.3948 -0.6111
vn -0.2933 0.9181 0.2667
vn -0.3152 0.8849 0.3430
vn 0.2114 0.9325 0.2928
vn 0.2271 0.9004 0.3711
vn 0.9933 -0.0558 -0.1008
vn 0.4656 0.8504 0.2450
vn 0.5958 0.3461 0.7248
vn 0.5957 0.3461 0.7248
vn 0.2847 -0.9286 -0.2379
vn 0.6861 -0.3948 -0.6111
vn 0.3964 -0.4870 -0.7783
vn -0.6607 0.7497 -0.0370
vn -0.7100 0.7040 0.0166
vn 0.9933 -0.0559 -0.1008
vn 0.8350 0.2668 0.4813
vn 0.2358 0.8777 0.4172
vn 0.2856 0.4210 0.8609
vn 0.0434 -0.9484 -0.3139
vn 0.0589 -0.5263 -0.8483
vn -0.9922 0.0132 0.1243
vn -0.8930 0.1739 0.4152
vn -0.4896 0.8508 -0.1910
vn -0.5328 0.6703 -0.5165
vn -0.7190 0.5063 -0.4762
vn 0.8350 0.2668 0.4812
vn 0.2860 0.4646 0.8381
vn -0.0461 0.9244 0.3785
vn -0.0589 0.4408 0.8957
vn 0.2359 0.8777 0.4172
vn -0.0590 0.4408 0.8957
vn -0.8024 0.4019 -0.4411
vn -0.6518 0.3384 -0.6787
vn -0.9717 -0.1551 -0.1784
vn -0.8340 -0.3090 -0.4571
vn 0.0590 -0.5263 -0.8482
vn -0.2856 -0.5065 -0.8135
vn -0.4927 -0.3568 0.7937
vn -0.8929 0.1739 0.4152
vn -0.8929 0.1740 0.4152
vn -0.6861 0.3094 0.6585
vn 0.0323 0.4667 -0.8838
vn 0.0436 0.2315 -0.9718
vn -0.3266 0.5187 -0.7901
vn -0.3267 0.5186 -0.7901
vn 0.0436 0.2316 -0.9718
vn -0.4408 0.3016 -0.8454
vn -0.3969 0.4450 0.8028
vn -0.8940 0.2171 0.3919
vn -0.8940 0.2172 0.3918
vn -0.5362 0.8217 0.1932
vn -0.6860 0.3093 0.6585
vn -0.3274 0.8615 0.3881
vn -0.6860 0.3094 0.6585
vn -0.3964 0.4015 0.8256
vn -0.4920 0.1735 -0.8531
vn -0.2232 0.1840 -0.9572
vn -0.5957 -0.4316 -0.6774
vn -0.2920 -0.2650 0.9190
vn -0.0423 -0.2624 0.9640
vn -0.3964 0.4015 0.8257
vn -0.0424 -0.2624 0.9640
vn -0.3234 -0.1445 0.9352
vn 0.2859 0.4646 0.8381
vn -0.0461 0.9244 0.3786
vn -0.2856 -0.5066 -0.8135
vn -0.4927 -0.3567 0.7937
vn -0.6861 0.3093 0.6585
vn 0.3762 0.5388 -0.7538
vn 0.5076 0.3288 -0.7964
vn -0.7189 0.5063 -0.4762
vn -0.7727 0.4423 -0.4554
vn -0.8930 0.1740 0.4152
vn -0.7374 0.6736 0.0491
vn 0.0487 0.0953 -0.9943
vn -0.9717 -0.1550 -0.1784
vn -0.0424 -0.2623 0.9640
vn 0.2104 -0.2506 0.9449
vn 0.2856 0.4211 0.8609
vn 0.5440 0.7012 -0.4608
vn 0.7341 0.5479 -0.4011
vn -0.4737 0.2224 -0.8521
vn -0.7754 0.5903 -0.2244
vn -0.7754 0.5903 -0.2243
vn -0.9922 0.0132 0.1242
vn 0.3098 0.1993 -0.9297
vn 0.0590 -0.5263 -0.8483
vn -0.7124 -0.5694 0.4101
vn 0.4573 0.8779 -0.1420
vn 0.6171 0.7863 0.0291
vn 0.6171 0.7864 0.0291
vn 0.0469 0.1471 -0.9880
vn -0.9922 0.0133 0.1243
vn -0.7754 0.5902 -0.2244
vn 0.5665 0.2039 -0.7984
vn 0.5666 0.2039 -0.7984
vn 0.4278 -0.3303 0.8413
vn 0.1566 0.9862 0.0534
vn 0.5455 0.2516 -0.7994
vn -0.8940 0.2172 0.3919
vn -0.9728 -0.1122 -0.2025
vn 0.6979 0.3771 -0.6089
vn 0.6977 -0.5290 0.4831
vn 0.9717 0.0695 0.2258
vn -0.2173 0.9755 0.0341
vn 0.7889 0.4871 -0.3746
vn -0.9728 -0.1122 -0.2024
vn -0.5964 -0.3891 -0.7020
vn 0.8193 0.4484 -0.3572
vn 0.9921 -0.0987 -0.0769
vn 0.7308 -0.6335 0.2542
vn -0.2174 0.9755 0.0341
vn -0.2174 0.9755 0.0340
vn 0.6632 0.7433 0.0876
vn 0.0480 -0.9014 -0.4302
vn 0.0590 -0.4840 -0.8731
vn 0.8193 0.4484 -0.3573
vn 0.9921 -0.0987 -0.0768
vn 0.0233 0.9077 -0.4191
vn -0.0017 0.8895 -0.4568
vn -0.0316 0.9061 -0.4218
vn -0.0460 0.9244 0.3786
vn -0.0018 0.8895 -0.4569
vn -0.8025 0.4019 -0.4411
vn -0.0750 0.8632 -0.4992
vn -0.0751 0.8632 -0.4992
vn -0.0179 0.8684 -0.4956
vn -0.4919 0.1735 -0.8532
vn -0.0453 0.8418 -0.5379
vn -0.0453 0.8418 -0.5378
vn -0.0180 0.8684 -0.4955
vn -0.2233 0.1840 -0.9572
vn -0.0049 0.8640 -0.5034
vn 0.0041 0.8401 -0.5425
vn 0.0486 0.0953 -0.9943
vn 0.0041 0.8400 -0.5425
vn 0.0076 0.8644 -0.5027
vn 0.0525 0.8446 -0.5328
vn 0.0525 0.8446 -0.5327
vn 0.0193 0.8695 -0.4935
vn 0.8193 0.4485 -0.3572
vn 0.0768 0.8676 -0.4913
vn 0.6978 0.3771 -0.6089
vn 0.0208 0.8767 -0.4806
vn 0.6887 0.7145 0.1228
vn 0.0648 0.8924 -0.4465
vn 0.0648 0.8925 -0.4465
vn 0.0207 0.8767 -0.4806
vn 0.0130 0.8822 -0.4707
vn 0.0233 0.9077 -0.4190
vn 0.0131 0.8822 -0.4707
vn -0.3273 0.8615 0.3881
vn -0.0148 0.8815 -0.4719
vn -0.7374 0.6737 0.0492
vn -0.0692 0.8887 -0.4533
vn -0.0692 0.8886 -0.4533
vn -0.0213 0.8755 -0.4827
vn -0.1738 0.3926 -0.9031
vn -0.1739 0.3926 -0.9031
vn 0.0306 0.4962 -0.8677
vn -0.0317 0.9061 -0.4218
vn 0.2423 0.4051 -0.8816
vn 0.4295 0.8860 -0.1747
vn -0.0751 0.8633 -0.4992
vn 0.5913 0.7603 -0.2689
vn 0.3610 0.9322 0.0275
vn -0.0049 0.8641 -0.5034
vn -0.0454 0.8418 -0.5378
vn 0.1484 0.9889 0.0051
vn 0.3610 0.9322 0.0276
vn -0.0050 0.8641 -0.5034
vn -0.0355 0.9899 0.1376
vn 0.0040 0.8401 -0.5425
vn -0.2050 0.9787 -0.0127
vn 0.0077 0.8645 -0.5027
vn 0.0526 0.8447 -0.5327
vn -0.4154 0.9096 -0.0112
vn -0.4604 0.8600 -0.2200
vn -0.6048 0.7250 -0.3295
vn 0.0767 0.8676 -0.4913
vn -0.5046 0.6859 -0.5244
vn 0.0207 0.8767 -0.4805
vn 0.0648 0.8925 -0.4464
vn -0.5046 0.6858 -0.5244
vn -0.5126 0.5199 -0.6833
vn 0.0647 0.8925 -0.4464
vn 0.0130 0.8822 -0.4706
vn -0.3101 0.5371 -0.7845
vn -0.3101 0.5371 -0.7844
vn 0.0234 0.9076 -0.4191
vn 0.0233 0.9076 -0.4191
vn -0.3100 0.5371 -0.7845
vn 0.3574 0.5571 -0.7496
vn 0.3573 0.5571 -0.7496
vn -0.0316 0.9062 -0.4218
vn -0.0148 0.8815 -0.4720
vn 0.5480 0.5517 -0.6288
vn 0.5145 0.7161 -0.4718
vn 0.5145 0.7161 -0.4717
vn -0.0212 0.8755 -0.4828
vn -0.0212 0.8755 -0.4827
vn 0.5145 0.7160 -0.4717
vn 0.0000 0.8746 -0.4848
vn -0.1738 0.3926 -0.9032
vn -0.0003 0.8749 -0.4843
vn -0.0005 0.8741 -0.4857
vn 0.0007 0.8742 -0.4855
vn -0.5046 0.6859 -0.5243
vn 0.0002 0.8750 -0.4842
vn 0.0002 0.8749 -0.4842
vn -0.0011 0.8744 -0.4852
vn 0.0001 0.8741 -0.4858
vn 0.0006 0.8748 -0.4845
vn -0.0011 0.8748 -0.4845
vn -0.0006 0.8742 -0.4856
vn 0.0007 0.8746 -0.4849
vn -0.0006 0.8751 -0.4840
vn -0.0354 0.9899 0.1375
vn -0.0011 0.8745 -0.4850
vn 0.0005 0.8744 -0.4852
vn 0.0005 0.8743 -0.4853
vn 0.0001 0.8752 -0.4838
vn -0.0010 0.8749 -0.4844
vn 0.0001 0.8743 -0.4854
vn 0.0000 0.8743 -0.4855
vn 0.0009 0.8750 -0.4841
vn -0.0004 0.8751 -0.4839
vn -0.0004 0.8743 -0.4853
vn 0.0012 0.8747 -0.4847
vn 0.0003 0.8751 -0.4839
vn -0.0007 0.8745 -0.4850
vn 0.0009 0.8743 -0.4854
vn 0.0009 0.8749 -0.4843
vn 0.0305 0.4962 -0.8677
vn -0.0006 0.8748 -0.4845
vn -0.0006 0.8748 -0.4846
vn 0.0003 0.8741 -0.4858
vn 0.0011 0.8746 -0.4849
vn 0.0000 0.8739 -0.4862
vn 0.8140 -0.4731 -0.3370
vn 0.7729 -0.5230 -0.3593
vn 0.8412 -0.4721 -0.2636
vn 0.8412 -0.4721 -0.2637
vn 0.7976 -0.5449 -0.2588
vn 0.9955 -0.0019 -0.0942
vn 0.9929 -0.0662 -0.0984
vn 0.9986 0.0023 -0.0536
vn 0.9975 -0.0594 -0.0381
vn -0.0377 0.3077 -0.9507
vn -0.0619 0.1511 -0.9866
vn -0.1191 0.3583 -0.9260
vn -0.0618 0.1511 -0.9866
vn -0.1380 0.1806 -0.9738
vn -0.0330 0.3714 -0.9279
vn -0.1194 0.3957 -0.9106
vn -0.1194 0.3958 -0.9106
vn 0.9709 -0.2126 -0.1101
vn 0.9462 -0.2983 -0.1251
vn 0.9755 -0.2169 -0.0363
vn 0.9462 -0.2984 -0.1251
vn 0.9477 -0.3170 -0.0384
vn -0.1191 0.4014 -0.9081
vn -0.0339 0.3905 -0.9200
vn 0.9324 -0.2646 -0.2462
vn 0.9395 -0.2738 -0.2060
vn 0.9610 -0.1771 -0.2123
vn 0.9652 -0.1894 -0.1805
vn -0.0340 0.3905 -0.9200
vn -0.1191 0.4013 -0.9082
vn -0.0396 0.4019 -0.9148
vn -0.0396 0.4018 -0.9149
vn -0.1175 0.4068 -0.9059
vn -0.1059 0.4413 -0.8911
vn -0.0362 0.4510 -0.8918
vn -0.1175 0.4069 -0.9059
vn 0.2448 -0.0744 0.9667
vn 0.2076 -0.3336 0.9196
vn 0.2887 -0.0977 0.9524
vn 0.2588 -0.3355 0.9058
vn -0.0736 0.5656 -0.8214
vn -0.0242 0.5615 -0.8272
vn -0.1059 0.4412 -0.8911
vn -0.0242 0.5614 -0.8272
vn -0.0363 0.4510 -0.8918
vn 0.9845 -0.1412 -0.1045
vn 0.9709 -0.2126 -0.1100
vn 0.9888 -0.1427 -0.0445
vn 0.9709 -0.2127 -0.1101
vn 0.2440 -0.4227 0.8728
vn 0.1853 -0.4134 0.8915
vn 0.9762 -0.1032 -0.1908
vn 0.9773 -0.1261 -0.1701
vn 0.1741 -0.4560 0.8728
vn 0.2268 -0.4766 0.8494
vn 0.9055 -0.3953 -0.1544
vn 0.8529 -0.4870 -0.1882
vn 0.8983 -0.4339 -0.0690
vn 0.8347 -0.5378 -0.1189
vn 0.1623 -0.5162 0.8410
vn 0.2197 -0.5343 0.8162
vn 0.2267 -0.4766 0.8494
vn 0.8864 -0.3612 -0.2895
vn 0.8992 -0.3658 -0.2400
vn 0.1173 -0.6548 0.7466
vn 0.1776 -0.6395 0.7480
vn 0.1623 -0.5162 0.8409
vn 0.1776 -0.6396 0.7479
vn 0.1485 0.9882 0.0377
vn 0.1855 0.9825 0.0157
vn 0.1017 0.9770 -0.1874
vn 0.1406 0.9659 -0.2174
vn 0.2196 0.9591 0.1784
vn 0.1790 0.9661 0.1858
vn 0.2590 0.8814 0.3950
vn 0.2180 0.8917 0.3967
vn 0.2992 0.6257 0.7204
vn 0.2844 0.7816 0.5552
vn 0.2559 0.6531 0.7128
vn 0.2402 0.7970 0.5542
vn 0.2844 0.7816 0.5553
vn 0.2402 0.7970 0.5541
vn 0.9847 0.0456 -0.1681
vn 0.9841 -0.0070 -0.1775
vn 0.9913 0.0114 -0.1310
vn 0.9871 -0.0482 -0.1528
vn 0.9762 -0.1031 -0.1908
vn 0.9949 0.0529 -0.0858
vn 0.9949 0.0775 -0.0639
vn 0.9929 0.0888 -0.0787
vn 0.9967 0.0409 -0.0705
vn 0.9972 0.0507 -0.0550
vn 0.9929 -0.0662 -0.0983
vn 0.9844 -0.1412 -0.1045
vn 0.9975 -0.0594 -0.0382
vn 0.8046 -0.5527 -0.2171
vn 0.7919 -0.5841 -0.1781
vn -0.1145 -0.6942 -0.7106
vn -0.1050 -0.8137 -0.5717
vn -0.1829 -0.6914 -0.6989
vn -0.1643 -0.8094 -0.5639
vn -0.1956 -0.5113 -0.8369
vn -0.1807 -0.1361 -0.9741
vn -0.1181 -0.4984 -0.8589
vn -0.1015 -0.1399 -0.9849
vn -0.0837 -0.9941 -0.0693
vn -0.0223 -0.9987 -0.0448
vn -0.0580 -0.9964 0.0623
vn 0.0126 -0.9949 0.1001
vn 0.1162 -0.8030 0.5846
vn 0.0625 -0.8180 0.5718
vn 0.0608 -0.9525 0.2982
vn -0.0131 -0.9705 0.2407
vn -0.0453 -0.9819 -0.1839
vn -0.1025 -0.9723 -0.2099
vn -0.1956 -0.5113 -0.8368
vn -0.0853 -0.8956 -0.4366
vn -0.0692 -0.9473 -0.3128
vn -0.1459 -0.8892 -0.4337
vn -0.0691 -0.9473 -0.3127
vn -0.1230 -0.9376 -0.3253
vn 0.0178 0.7503 -0.6608
vn -0.0180 0.7496 -0.6617
vn 0.0959 0.8993 -0.4267
vn 0.0959 0.8993 -0.4266
vn 0.0568 0.9192 -0.3897
vn 0.2659 0.4960 0.8266
vn 0.2629 0.2112 0.9414
vn 0.3107 0.4498 0.8374
vn 0.3045 0.1872 0.9340
vn 0.2659 0.4959 0.8267
vn 0.2991 0.6257 0.7204
vn 0.2658 0.4959 0.8267
vn 0.3107 0.4497 0.8374
vn 0.9848 0.0526 -0.1654
vn 0.9924 0.0555 -0.1102
vn 0.9851 0.0576 -0.1622
vn 0.9924 0.0555 -0.1103
vn 0.9921 0.0774 -0.0985
vn 0.7660 -0.5437 -0.3430
vn 0.7579 -0.5970 -0.2630
vn 0.7631 -0.6034 -0.2317
vn 0.7627 -0.6121 -0.2088
vn 0.7903 -0.5459 -0.2782
vn 0.7939 -0.5624 -0.2313
vn 0.7472 -0.6156 -0.2504
vn 0.7938 -0.5624 -0.2313
vn 0.7465 -0.6243 -0.2301
vn 0.7692 -0.5504 -0.3247
vn 0.7580 -0.5970 -0.2630
vn 0.7495 -0.6208 -0.2300
vn 0.7831 -0.5828 -0.2169
vn 0.7631 -0.6033 -0.2317
vn 0.7739 -0.6170 -0.1430
vn 0.7885 -0.5714 -0.2276
vn 0.7884 -0.5715 -0.2276
vn 0.7660 -0.5436 -0.3430
vn 0.9848 0.0527 -0.1653
vn 0.9848 0.0526 -0.1653
vn 0.9923 0.0555 -0.1103
vn 0.9922 0.0522 -0.1131
vn 0.9944 0.0611 -0.0861
vn 0.9949 0.0775 -0.0638
vn 0.9997 0.0138 -0.0204
vn 0.9996 0.0289 -0.0016
vn -0.0853 -0.8956 -0.4365
vn -0.0454 -0.9819 -0.1839
vn -0.0692 -0.9473 -0.3127
vn 0.9955 -0.0019 -0.0943
vn 0.9929 -0.0663 -0.0984
vn 0.9773 -0.1261 -0.1702
vn 0.9652 -0.1894 -0.1804
vn 0.9652 -0.1895 -0.1805
vn 0.9996 0.0265 0.0100
vn 0.9996 0.0036 0.0272
vn 0.9996 0.0036 0.0273
vn 0.9981 -0.0580 0.0223
vn 0.9905 -0.1367 0.0123
vn 0.9755 -0.2169 -0.0364
vn 0.9776 -0.2088 0.0254
vn 0.9776 -0.2088 0.0253
vn 0.9455 -0.3254 0.0129
vn 0.8983 -0.4339 -0.0691
vn 0.8833 -0.4679 -0.0304
vn 0.8347 -0.5378 -0.1190
vn 0.8091 -0.5847 -0.0593
vn 0.7659 -0.6382 -0.0778
vn 0.7654 -0.6333 -0.1146
vn 0.7659 -0.6382 -0.0777
vn 0.7627 -0.6122 -0.2088
vn 0.7766 -0.6007 -0.1898
vn 0.9854 0.0430 -0.1646
vn 0.9854 0.0429 -0.1646
vn 0.1855 0.9825 0.0156
vn 0.8241 0.5536 -0.1197
vn 0.8344 0.5507 -0.0228
vn 0.8334 0.5517 0.0314
vn 0.8609 0.4988 0.0999
vn 0.8334 0.5518 0.0315
vn 0.2843 0.7816 0.5553
vn 0.8650 0.4701 0.1755
vn 0.2590 0.8814 0.3951
vn 0.8650 0.4700 0.1755
vn 0.8849 0.3905 0.2538
vn 0.2843 0.7816 0.5552
vn 0.8650 0.4700 0.1756
vn 0.8794 0.3191 0.3534
vn 0.8793 0.3192 0.3534
vn 0.3044 0.1872 0.9340
vn 0.8941 0.1565 0.4197
vn 0.3044 0.1871 0.9340
vn 0.8846 -0.0630 0.4620
vn 0.8847 -0.0630 0.4620
vn 0.8338 -0.2910 0.4691
vn 0.8338 -0.2911 0.4691
vn 0.2441 -0.4227 0.8728
vn 0.8176 -0.3930 0.4208
vn 0.7711 -0.4976 0.3973
vn 0.7711 -0.4976 0.3972
vn 0.7455 -0.5971 0.2961
vn 0.6485 -0.7279 0.2226
vn 0.5751 -0.8141 0.0807
vn 0.6485 -0.7280 0.2226
vn 0.0608 -0.9525 0.2983
vn 0.5314 -0.8430 -0.0838
vn 0.5313 -0.8430 -0.0838
vn 0.4939 -0.8561 -0.1521
vn 0.0608 -0.9526 0.2982
vn 0.4681 -0.8626 -0.1920
vn 0.4802 -0.8430 -0.2424
vn 0.4803 -0.8430 -0.2424
vn 0.4517 -0.8406 -0.2990
vn 0.4516 -0.8406 -0.2990
vn 0.4647 -0.8143 -0.3477
vn -0.1050 -0.8138 -0.5717
vn 0.4388 -0.8025 -0.4042
vn -0.1049 -0.8137 -0.5717
vn 0.4530 -0.7705 -0.4485
vn -0.1180 -0.4984 -0.8589
vn 0.4655 -0.7146 -0.5222
vn -0.1016 -0.1399 -0.9849
vn 0.4863 -0.5659 -0.6658
vn 0.4864 -0.5659 -0.6658
vn 0.5753 -0.3951 -0.7162
vn 0.5754 -0.3951 -0.7161
vn 0.6785 -0.1725 -0.7141
vn 0.6785 -0.1724 -0.7140
vn -0.0330 0.3713 -0.9279
vn 0.7168 0.0197 -0.6970
vn 0.7411 0.1330 -0.6580
vn 0.7411 0.1330 -0.6581
vn 0.7412 0.1330 -0.6580
vn 0.7174 0.2047 -0.6660
vn -0.0363 0.4509 -0.8918
vn 0.7173 0.2047 -0.6660
vn 0.7174 0.2046 -0.6660
vn 0.7625 0.2813 -0.5827
vn -0.0362 0.4509 -0.8918
vn 0.7625 0.2813 -0.5826
vn -0.0242 0.5615 -0.8271
vn 0.7069 0.4280 -0.5632
vn 0.0178 0.7503 -0.6609
vn 0.7791 0.5076 -0.3680
vn 0.7916 0.5655 -0.2314
vn 0.0960 0.8993 -0.4267
vn 0.1407 0.9659 -0.2174
vn 0.8242 0.5536 -0.1197
vn 0.8176 -0.3930 0.4207
vn 0.8864 -0.3612 -0.2894
vn 0.6484 -0.7280 0.2226
vn 0.7729 -0.5230 -0.3594
vn 0.5751 -0.8141 0.0806
vn 0.7832 -0.5828 -0.2169
vn 0.4864 -0.5658 -0.6658
vn 0.4655 -0.7146 -0.5221
vn 0.8090 -0.5847 -0.0593
vn 0.5753 -0.3951 -0.7161
vn 0.5753 -0.3952 -0.7162
vn 0.8090 -0.5848 -0.0593
vn 0.6785 -0.1725 -0.7140
vn 0.9455 -0.3254 0.0130
vn 0.7411 0.1331 -0.6580
vn 0.7625 0.2814 -0.5827
vn 0.7624 0.2814 -0.5827
vn 0.7068 0.4280 -0.5632
vn 0.7069 0.4280 -0.5631
vn 0.7791 0.5076 -0.3679
vn 0.9996 0.0288 -0.0016
vn 0.8242 0.5536 -0.1196
vn 0.8334 0.5517 0.0315
vn 0.9854 0.0429 -0.1647
vn 0.8609 0.4988 0.1000
vn 0.9847 0.0455 -0.1681
vn 0.8793 0.3191 0.3534
vn -0.9301 -0.1226 0.3462
vn -0.8900 -0.2826 0.3579
vn -0.7926 -0.1902 0.5793
vn -0.7442 -0.4174 0.5215
vn -0.8167 0.5771 0.0004
vn -0.6051 0.7959 -0.0178
vn -0.6955 0.7182 -0.0220
vn -0.5769 0.8161 -0.0342
vn -0.3191 0.9474 -0.0270
vn -0.4519 0.8917 0.0276
vn -0.3191 0.9473 -0.0270
vn -0.2198 0.9747 -0.0414
vn 0.9844 0.1180 0.1308
vn 0.9499 0.2728 0.1527
vn 0.9578 0.2708 0.0965
vn 0.8921 0.4366 0.1164
vn 0.7413 -0.0385 0.6701
vn 0.7299 0.1528 0.6662
vn 0.3364 -0.0326 0.9412
vn 0.3308 0.2240 0.9167
vn -0.8142 -0.0326 0.5797
vn -0.5274 -0.0400 0.8487
vn -0.4822 -0.2955 0.8247
vn -0.8681 -0.4828 0.1154
vn -0.8605 -0.4773 0.1780
vn -0.8238 -0.5588 0.0954
vn -0.8238 -0.5588 0.0955
vn -0.8006 -0.5691 0.1874
vn -0.9096 -0.2519 0.3305
vn -0.7971 -0.4834 0.3618
vn -0.8712 -0.4380 0.2218
vn -0.7788 -0.5557 0.2910
vn 0.9572 0.1883 0.2196
vn 0.9119 0.1615 0.3774
vn 0.9706 0.0822 0.2262
vn 0.9706 0.0823 0.2263
vn 0.9180 0.0974 0.3845
vn -0.9327 0.1070 0.3445
vn -0.9290 -0.0213 0.3694
vn -0.8184 0.1159 0.5629
vn 0.6882 0.3622 0.6286
vn 0.3424 0.4669 0.8153
vn 0.9205 -0.0052 0.3908
vn 0.9141 -0.1505 0.3766
vn 0.9741 -0.0039 0.2260
vn 0.9703 -0.0455 0.2376
vn 0.6883 0.3622 0.6286
vn 0.3306 0.6354 0.6979
vn 0.3306 0.6354 0.6978
vn 0.6363 0.5317 0.5590
vn -0.7822 0.4079 0.4710
vn -0.7081 0.6085 0.3582
vn -0.8981 0.2926 0.3285
vn -0.8630 0.4296 0.2658
vn -0.0637 0.4684 0.8812
vn 0.3308 0.2240 0.9168
vn -0.0761 0.2150 0.9736
vn -0.7438 -0.5424 0.3907
vn -0.7438 -0.5424 0.3906
vn -0.8592 -0.4241 0.2862
vn -0.5387 0.1757 0.8240
vn -0.0670 -0.0341 0.9972
vn -0.5386 0.1757 0.8240
vn -0.9284 0.3680 0.0526
vn -0.9370 0.3458 0.0492
vn -0.8518 0.5239 0.0071
vn -0.8518 0.5238 0.0071
vn -0.8167 0.5771 0.0005
vn 0.4274 0.8674 -0.2547
vn 0.5224 0.8150 -0.2506
vn 0.4970 0.8300 -0.2531
vn 0.5530 0.7937 -0.2532
vn -0.9080 -0.4180 0.0293
vn -0.8077 -0.5893 0.0168
vn -0.8238 -0.5587 0.0955
vn 0.9177 -0.0537 0.3936
vn 0.9191 -0.1404 0.3683
vn 0.8739 -0.1812 0.4510
vn 0.8807 -0.2400 0.4083
vn 0.8489 -0.3726 0.3750
vn 0.8878 -0.3000 0.3490
vn 0.8852 -0.3643 0.2893
vn 0.8878 -0.3000 0.3489
vn 0.8671 -0.3364 0.3674
vn -0.2198 0.9747 -0.0413
vn -0.0000 0.9991 -0.0414
vn 0.0013 0.9994 -0.0357
vn 0.6888 0.7228 0.0551
vn 0.6230 0.7790 0.0710
vn 0.5023 0.8609 0.0813
vn 0.3588 0.9333 -0.0100
vn 0.3588 0.9333 -0.0101
vn 0.2198 0.9747 -0.0413
vn 0.9250 0.1163 0.3617
vn 0.9314 0.1920 0.3093
vn 0.9465 0.0288 0.3214
vn 0.9465 0.0288 0.3215
vn 0.9698 0.1378 0.2012
vn 0.6657 0.7288 -0.1600
vn 0.6495 0.7345 -0.1965
vn 0.6743 0.7200 -0.1638
vn 0.6743 0.7200 -0.1639
vn 0.6418 0.7363 -0.2142
vn 0.6128 0.7526 -0.2408
vn 0.6225 0.7493 -0.2257
vn 0.8860 0.3047 0.3495
vn 0.6516 0.6664 0.3623
vn 0.8920 0.3925 0.2244
vn 0.6815 0.6986 0.2179
vn 0.9052 0.3930 0.1614
vn -0.7506 0.6581 -0.0596
vn -0.9431 0.3156 0.1043
vn -0.5569 0.7916 -0.2515
vn -0.5239 0.8141 -0.2505
vn -0.4970 0.8300 -0.2531
vn -0.4274 0.8674 -0.2547
vn -0.6584 0.7328 -0.1721
vn -0.6808 0.7159 -0.1550
vn -0.6597 0.7289 -0.1831
vn -0.6808 0.7159 -0.1551
vn -0.6944 0.7028 -0.1544
vn -0.6268 0.7452 -0.2275
vn -0.6159 0.7507 -0.2389
vn -0.9301 -0.1225 0.3462
vn -0.9524 -0.2290 0.2011
vn 0.7793 -0.3623 0.5113
vn 0.7925 -0.3579 0.4938
vn 0.8810 -0.3187 0.3496
vn 0.7925 -0.3580 0.4938
vn 0.9138 -0.3440 0.2159
vn 0.3564 0.7755 -0.5211
vn 0.7172 0.6618 -0.2182
vn 0.4711 0.7423 -0.4766
vn 0.4711 0.7422 -0.4766
vn 0.7172 0.6619 -0.2182
vn 0.7174 0.6636 -0.2121
vn -0.7174 0.6636 -0.2121
vn -0.7172 0.6619 -0.2182
vn -0.4681 0.7428 -0.4788
vn -0.3578 0.7742 -0.5220
vn 0.7173 0.6637 -0.2121
vn 0.7286 0.6559 -0.1974
vn 0.7354 0.6459 -0.2049
vn -0.7173 0.6637 -0.2121
vn -0.7286 0.6559 -0.1974
vn -0.7354 0.6459 -0.2049
vn 0.6117 -0.7878 -0.0722
vn 0.7940 -0.6070 -0.0337
vn 0.6784 -0.7339 -0.0342
vn 0.9437 -0.3293 -0.0313
vn 0.9850 -0.1719 -0.0175
vn 0.9524 -0.3041 -0.0223
vn 0.9850 -0.1718 -0.0175
vn 0.9885 -0.1510 -0.0102
vn 0.4503 -0.8821 -0.1380
vn 0.2924 -0.9559 -0.0288
vn 0.4821 -0.8732 0.0708
vn 0.3045 -0.9313 -0.2001
vn 0.3044 -0.9313 -0.2001
vn 0.4442 -0.8728 -0.2023
vn 0.9458 0.3216 0.0447
vn 0.8826 0.4675 0.0487
vn 0.9477 0.3176 0.0315
vn 0.8876 0.4604 0.0167
vn 0.9834 0.1815 0.0017
vn 0.9556 0.2942 0.0137
vn 0.9901 0.1360 0.0358
vn 0.9556 0.2943 0.0138
vn 0.9922 0.1189 0.0371
vn 0.5956 -0.8006 -0.0659
vn 0.5956 -0.8005 -0.0659
vn 0.7232 -0.6777 0.1332
vn 0.4815 -0.8574 -0.1819
vn 0.3371 -0.9318 -0.1344
vn 0.5712 -0.8143 -0.1029
vn 0.7940 -0.6070 -0.0336
vn 0.8624 -0.5054 -0.0294
vn 0.6784 -0.7339 -0.0343
vn 0.8639 -0.5029 -0.0282
vn 0.9974 -0.0648 0.0305
vn 0.9885 -0.1509 -0.0102
vn 0.9985 -0.0469 0.0265
vn 0.9918 -0.1276 0.0053
vn 0.9992 -0.0338 0.0211
vn 0.9932 -0.1103 0.0371
vn 0.9988 -0.0182 0.0445
vn -0.5045 -0.8601 -0.0751
vn -0.4219 -0.8940 -0.1509
vn -0.5087 -0.8540 -0.1089
vn -0.3081 -0.9135 -0.2659
vn -0.1689 -0.9248 -0.3410
vn -0.3016 -0.9237 -0.2363
vn 0.8826 0.4699 0.0149
vn 0.9556 0.2942 0.0138
vn 0.9614 0.2744 0.0211
vn 0.9578 0.2708 0.0966
vn 0.8921 0.4367 0.1164
vn 0.9859 -0.0254 0.1655
vn 0.9676 -0.1949 0.1607
vn 0.9684 -0.0813 0.2356
vn 0.9483 -0.2358 0.2126
vn 0.8765 -0.4406 0.1938
vn 0.8924 -0.4475 0.0579
vn 0.7826 -0.6192 -0.0642
vn 0.8924 -0.4475 0.0580
vn 0.5039 -0.8605 -0.0750
vn 0.5074 -0.8549 -0.1083
vn 0.4213 -0.8944 -0.1503
vn 0.1686 -0.9249 -0.3407
vn 0.1296 -0.9218 -0.3653
vn 0.3079 -0.9136 -0.2654
vn 0.3079 -0.9136 -0.2655
vn 0.2407 -0.9152 -0.3233
vn 0.3010 -0.9241 -0.2355
vn -0.4253 -0.8921 0.1526
vn -0.0324 -0.9875 0.1542
vn -0.4298 -0.8525 0.2975
vn -0.0355 -0.9468 0.3199
vn 0.0042 0.9995 -0.0311
vn -0.3137 0.9493 -0.0215
vn -0.3138 0.9493 -0.0215
vn 0.3364 -0.0327 0.9412
vn 0.3382 -0.2998 0.8920
vn 0.3382 -0.2998 0.8921
vn -0.0794 -0.3154 0.9456
vn 0.9932 -0.1102 0.0371
vn 0.9908 -0.1020 0.0887
vn 0.9988 -0.0182 0.0446
vn 0.9959 -0.0110 0.0895
vn 0.9053 0.3930 0.1614
vn 0.6783 0.7284 0.0967
vn 0.9052 0.3931 0.1614
vn 0.9076 0.4125 0.0776
vn 0.6699 0.7423 0.0140
vn 0.8826 0.4698 0.0149
vn 0.6647 0.7471 -0.0008
vn 0.7270 -0.4360 0.5305
vn 0.7027 -0.5820 0.4094
vn 0.8899 -0.2778 0.3619
vn 0.8508 -0.4219 0.3133
vn 0.9384 -0.3098 0.1533
vn 0.9845 -0.0957 0.1473
vn 0.9281 -0.2897 0.2341
vn 0.9565 -0.1260 0.2632
vn 0.2777 -0.6567 0.7012
vn 0.2558 -0.5330 0.8065
vn 0.5420 -0.5537 0.6322
vn 0.5547 -0.4652 0.6899
vn -0.6139 0.7884 0.0381
vn -0.5841 0.8115 0.0174
vn -0.8290 0.5546 0.0723
vn -0.8108 0.5828 0.0542
vn -0.6820 0.6924 0.2354
vn -0.6820 0.6924 0.2355
vn -0.8701 0.4617 0.1724
vn -0.8118 -0.5788 0.0771
vn -0.6690 -0.7429 0.0237
vn -0.8374 -0.5393 0.0892
vn -0.8374 -0.5393 0.0891
vn -0.6690 -0.7429 0.0236
vn -0.7067 -0.7049 0.0601
vn -0.9284 0.3679 0.0526
vn -0.9939 0.0311 0.1062
vn -0.9923 0.0524 0.1127
vn -0.1387 0.8232 -0.5506
vn -0.1402 0.8229 -0.5507
vn -0.2217 0.8040 -0.5518
vn -0.2211 0.8044 -0.5514
vn 0.0031 0.6987 -0.7155
vn 0.0029 0.6991 -0.7150
vn 0.0120 0.7078 -0.7063
vn 0.0121 0.7078 -0.7063
vn 0.0121 0.7079 -0.7062
vn -0.5955 0.7651 -0.2450
vn -0.5830 0.7721 -0.2528
vn -0.8911 0.4355 0.1272
vn -0.9247 0.3530 0.1423
vn -0.8361 0.3846 0.3912
vn -0.9247 0.3530 0.1424
vn -0.8629 0.3021 0.4051
vn -0.7108 -0.5135 0.4808
vn -0.7519 -0.5901 0.2940
vn -0.7062 -0.5559 0.4385
vn -0.7152 -0.6497 0.2577
vn -0.9961 -0.0744 -0.0471
vn -0.9860 -0.1640 -0.0289
vn -0.9678 -0.1034 0.2296
vn -0.9860 -0.1640 -0.0288
vn -0.9494 -0.1895 0.2504
vn -0.9153 0.3787 -0.1372
vn -0.9504 0.2871 -0.1200
vn -0.9533 0.2581 0.1569
vn -0.5545 0.8288 0.0749
vn -0.5334 0.8157 -0.2237
vn -0.6440 0.7604 0.0836
vn -0.5335 0.8157 -0.2237
vn -0.6197 0.7560 -0.2110
vn -0.7135 -0.7005 0.0149
vn -0.6941 -0.6922 -0.1976
vn -0.6430 -0.7658 -0.0092
vn -0.6431 -0.7658 -0.0092
vn -0.6137 -0.7638 -0.1998
vn 0.8897 0.4559 0.0229
vn 0.8898 0.4559 0.0229
vn 0.9669 0.2520 0.0400
vn 0.9533 0.2581 0.1570
vn 0.8849 0.2124 0.4145
vn 0.9693 0.1728 0.1748
vn 0.8922 0.1277 0.4331
vn 0.2350 0.9700 0.0617
vn 0.1189 0.9912 0.0587
vn 0.2221 0.9111 0.3474
vn 0.1153 0.9307 0.3471
vn 0.9860 -0.1639 -0.0289
vn 0.9494 -0.1894 0.2504
vn 0.9642 -0.2647 -0.0123
vn 0.9642 -0.2648 -0.0123
vn 0.9198 -0.2843 0.2704
vn 0.8762 0.4565 -0.1544
vn 0.8911 0.4356 0.1272
vn 0.9153 0.3787 -0.1372
vn 0.9153 0.3787 -0.1373
vn 0.9247 0.3530 0.1424
vn 0.4568 0.8869 0.0696
vn 0.5545 0.8288 0.0748
vn 0.4396 0.8678 -0.2320
vn 0.4396 0.8678 -0.2319
vn 0.5546 0.8288 0.0749
vn 0.5334 0.8157 -0.2237
vn 0.6942 -0.6069 0.3871
vn 0.6839 -0.6742 0.2788
vn 0.6736 -0.7117 0.1995
vn 0.6188 -0.7761 0.1217
vn -0.2849 -0.4536 0.8444
vn -0.2586 -0.5401 0.8009
vn -0.5497 -0.4086 0.7286
vn -0.4973 -0.5364 0.6820
vn 0.7626 -0.6133 -0.2056
vn 0.6941 -0.6922 -0.1976
vn 0.7474 -0.5849 -0.3150
vn 0.6782 -0.6706 -0.3006
vn 0.4721 0.6417 -0.6044
vn 0.5457 0.6965 -0.4659
vn 0.5355 0.6098 -0.5843
vn 0.6182 0.6462 -0.4475
vn 0.6129 0.5588 -0.5587
vn 0.8799 -0.2998 -0.3687
vn 0.9138 -0.3289 -0.2385
vn 0.8435 -0.4030 -0.3550
vn 0.8723 -0.4344 -0.2245
vn -0.1047 0.8547 -0.5084
vn -0.1015 0.7687 -0.6315
vn -0.1986 0.8398 -0.5053
vn -0.1014 0.7687 -0.6315
vn -0.1787 0.7559 -0.6299
vn -0.9158 0.2253 -0.3325
vn -0.8863 0.3002 -0.3526
vn -0.8520 0.2415 -0.4644
vn -0.8190 0.3085 -0.4838
vn 0.0952 0.9459 -0.3102
vn 0.0000 0.9306 -0.3660
vn 0.0731 0.9392 -0.3355
vn -0.0000 0.9284 -0.3716
vn 0.2955 0.1844 -0.9374
vn 0.3120 0.1548 -0.9374
vn 0.2959 0.1826 -0.9376
vn 0.2959 0.1827 -0.9376
vn 0.3125 0.1515 -0.9378
vn 0.2912 -0.1723 -0.9410
vn 0.2711 -0.2015 -0.9412
vn 0.2894 -0.1739 -0.9413
vn 0.2688 -0.2022 -0.9417
vn 0.1940 0.3267 -0.9250
vn 0.2315 0.3015 -0.9249
vn 0.1971 0.3245 -0.9251
vn 0.2319 0.2980 -0.9260
vn -0.3245 -0.0926 -0.9413
vn -0.3264 -0.0908 -0.9409
vn -0.3336 -0.0589 -0.9409
vn -0.3352 -0.0561 -0.9405
vn -0.1510 0.3422 -0.9274
vn -0.1537 0.3435 -0.9265
vn -0.1940 0.3267 -0.9250
vn -0.1971 0.3245 -0.9251
vn -0.8923 0.0410 0.4495
vn -0.8823 -0.0397 0.4691
vn -0.8188 0.0095 0.5741
vn -0.8062 -0.0621 0.5884
vn -0.2221 0.9110 0.3474
vn -0.3313 0.8767 0.3487
vn -0.2079 0.8459 0.4911
vn -0.3074 0.8115 0.4969
vn 0.8674 -0.1258 0.4815
vn 0.7909 -0.1388 0.5960
vn 0.8424 -0.2044 0.4987
vn 0.8423 -0.2044 0.4987
vn 0.7663 -0.2111 0.6068
vn 0.5775 0.6524 0.4908
vn 0.6131 0.7051 0.3562
vn 0.4984 0.7134 0.4925
vn 0.6131 0.7051 0.3563
vn 0.5285 0.7714 0.3544
vn 0.9827 -0.1755 -0.0591
vn 0.9612 -0.2737 -0.0330
vn 0.9917 -0.1172 -0.0534
vn 0.9917 -0.1172 -0.0533
vn 0.9769 -0.2115 -0.0302
vn 0.9967 -0.0138 -0.0803
vn 0.9932 -0.0812 -0.0831
vn -0.8128 -0.5801 0.0531
vn -0.7958 -0.6034 0.0514
vn -0.8659 -0.4990 0.0345
vn -0.8553 -0.5173 0.0306
vn -0.8129 -0.5800 0.0531
vn -0.7318 -0.6778 0.0709
vn -0.7396 -0.6689 0.0745
vn -0.9932 -0.0812 -0.0831
vn -0.9967 -0.0138 -0.0804
vn -0.9827 -0.1755 -0.0591
vn -0.9967 -0.0138 -0.0803
vn -0.9917 -0.1172 -0.0533
vn -0.9917 0.0757 -0.1038
vn -0.9937 0.0240 -0.1096
vn -0.7812 0.5909 -0.2014
vn -0.7745 0.6006 -0.1986
vn 0.5077 -0.2266 0.8312
vn 0.5189 -0.1775 0.8362
vn 0.5076 -0.2252 0.8317
vn 0.5162 -0.1726 0.8389
vn -0.0688 -0.5107 0.8570
vn -0.0692 -0.5114 0.8566
vn -0.1216 -0.5031 0.8556
vn -0.1217 -0.5034 0.8554
vn -0.1238 -0.5016 0.8562
vn -0.5668 -0.0468 0.8225
vn -0.5787 -0.0574 0.8135
vn -0.6030 -0.0064 0.7978
vn -0.5787 -0.0574 0.8136
vn -0.6061 -0.0090 0.7953
vn -0.2999 0.1101 0.9476
vn -0.3242 0.2069 0.9231
vn -0.2946 0.1987 0.9347
vn -0.3263 0.2951 0.8980
vn 0.6553 -0.7338 -0.1794
vn 0.6662 -0.7221 -0.1862
vn 0.6636 -0.7267 -0.1774
vn 0.6636 -0.7268 -0.1773
vn 0.6769 -0.7109 -0.1911
vn 0.3969 0.0028 -0.9179
vn 0.3578 0.2318 -0.9046
vn 0.3904 0.0293 -0.9202
vn 0.3578 0.2319 -0.9046
vn 0.3533 0.2473 -0.9022
vn 0.8867 0.3915 0.2458
vn 0.8845 0.4116 0.2197
vn 0.8516 0.5072 -0.1324
vn 0.8519 0.5067 -0.1325
vn 0.8477 0.5105 -0.1443
vn 0.2189 -0.6732 0.7063
vn 0.2106 -0.6753 0.7069
vn -0.0000 -0.6750 0.7378
vn 0.0000 -0.6724 0.7402
vn -0.8592 -0.4769 0.1853
vn -0.7328 -0.6383 0.2358
vn -0.9642 0.2207 0.1471
vn -0.9603 0.2528 0.1175
vn -0.9875 -0.0180 0.1569
vn -0.9603 0.2529 0.1175
vn -0.9905 -0.0140 0.1368
vn -0.0161 -0.5446 0.8386
vn 0.0093 -0.7086 0.7055
vn -0.2587 -0.5401 0.8009
vn 0.0092 -0.7086 0.7055
vn -0.2133 -0.7150 0.6658
vn 0.9525 -0.3026 0.0353
vn 0.9480 -0.3053 0.0899
vn 0.6678 0.7443 0.0040
vn 0.6889 0.7228 0.0551
vn 0.8826 0.4675 0.0486
vn 0.3602 0.9326 -0.0217
vn 0.3588 0.9334 -0.0100
vn 0.3631 0.9316 -0.0145
vn 0.3631 0.9316 -0.0144
vn 0.0013 0.9998 -0.0188
vn -0.0106 0.9890 0.1478
vn 0.3826 0.9141 0.1344
vn -0.0106 0.9987 0.0508
vn 0.3827 0.9228 0.0435
vn 0.0224 -0.9893 -0.1442
vn 0.0224 -0.9893 -0.1441
vn 0.0436 -0.9771 -0.2082
vn -0.5717 0.8204 -0.0046
vn -0.5840 0.8115 0.0174
vn -0.3259 0.9454 -0.0079
vn -0.9482 0.3045 0.0901
vn -0.9444 0.3212 0.0703
vn -0.9937 -0.0064 0.1122
vn -0.9946 0.0074 0.1040
vn 0.7373 -0.5888 0.3313
vn 0.5220 -0.7755 0.3550
vn -0.8981 0.2925 0.3285
vn -0.9194 0.1841 0.3475
vn -0.7822 0.4079 0.4709
vn -0.8017 0.2632 0.5367
vn -0.3478 -0.9373 -0.0214
vn -0.2993 -0.9465 -0.1206
vn 0.0029 -0.9989 -0.0471
vn 0.0028 -0.9989 -0.0471
vn -0.2992 -0.9465 -0.1206
vn 0.1434 0.8300 -0.5390
vn 0.2226 0.8046 -0.5505
vn 0.1454 0.8297 -0.5389
vn 0.2218 0.8053 -0.5499
vn 0.0028 0.6990 -0.7151
vn 0.0029 0.6986 -0.7155
vn 0.0000 0.6966 -0.7175
vn 0.0030 0.6986 -0.7155
vn 0.0000 0.6964 -0.7177
vn 0.1442 0.9461 -0.2901
vn 0.3146 0.9098 -0.2709
vn 0.1606 0.9460 -0.2817
vn 0.3332 0.9069 -0.2578
vn -0.4131 0.8749 -0.2527
vn -0.4275 0.8674 -0.2547
vn -0.3332 0.9069 -0.2578
vn -0.3146 0.9098 -0.2709
vn -0.9555 -0.2643 0.1314
vn -0.9528 -0.2804 0.1168
vn -0.8530 -0.5099 0.1114
vn -0.9693 0.1728 0.1748
vn -0.9783 0.0787 0.1917
vn -0.8922 0.1277 0.4331
vn -0.9559 -0.1319 -0.2626
vn -0.9559 -0.1319 -0.2625
vn -0.9599 -0.0454 -0.2767
vn -0.9153 0.3787 -0.1373
vn -0.8451 0.3834 -0.3726
vn -0.4659 0.7428 -0.4809
vn -0.6196 0.7560 -0.2110
vn -0.5457 0.6965 -0.4659
vn -0.4175 -0.8941 -0.1621
vn -0.4175 -0.8941 -0.1622
vn -0.3080 -0.9135 -0.2659
vn -0.4316 -0.5728 0.6968
vn -0.0535 -0.6195 0.7832
vn 0.9676 0.2061 0.1458
vn 0.9722 0.2185 0.0841
vn 0.9783 0.0787 0.1917
vn 0.8923 0.0410 0.4495
vn 0.9774 -0.0066 0.2114
vn 0.8823 -0.0397 0.4691
vn 0.3496 0.9346 0.0657
vn 0.3313 0.8767 0.3487
vn 0.2221 0.9110 0.3474
vn 0.9396 -0.2356 -0.2482
vn 0.9860 -0.1640 -0.0289
vn 0.9558 -0.1319 -0.2626
vn 0.8451 0.3834 -0.3726
vn 0.8451 0.3834 -0.3727
vn 0.8027 0.4508 -0.3904
vn 0.4395 0.8678 -0.2320
vn 0.5335 0.8157 -0.2237
vn 0.3841 0.7801 -0.4940
vn 0.3841 0.7800 -0.4940
vn 0.4659 0.7428 -0.4809
vn 0.5260 -0.8226 -0.2162
vn 0.6137 -0.7638 -0.1998
vn 0.5659 -0.8232 -0.0459
vn 0.5659 -0.8232 -0.0458
vn 0.6430 -0.7658 -0.0087
vn 0.5369 -0.8406 -0.0723
vn 0.5369 -0.8405 -0.0724
vn 0.5567 -0.8258 -0.0905
vn 0.1145 -0.9097 -0.3991
vn 0.0000 -0.9168 -0.3993
vn 0.0000 -0.9249 -0.3802
vn 0.6913 0.5835 -0.4263
vn 0.9027 -0.2097 -0.3758
vn -0.3961 -0.8544 -0.3363
vn -0.4440 -0.8609 -0.2484
vn -0.4912 -0.8103 -0.3196
vn -0.5259 -0.8226 -0.2162
vn -0.9405 0.1349 -0.3120
vn -0.8836 0.1553 -0.4418
vn -0.8836 0.1553 -0.4417
vn 0.5234 0.8442 -0.1160
vn 0.6270 0.7641 -0.1518
vn 0.6136 0.7766 -0.1432
vn 0.6136 0.7765 -0.1432
vn 0.2776 0.2158 -0.9361
vn 0.2765 0.2118 -0.9374
vn 0.2958 0.1826 -0.9376
vn 0.2490 -0.2233 -0.9424
vn 0.2688 -0.2023 -0.9417
vn 0.2458 -0.2241 -0.9431
vn 0.0799 0.3370 -0.9381
vn 0.0776 0.3376 -0.9381
vn 0.0302 0.3360 -0.9414
vn 0.0295 0.3367 -0.9412
vn -0.3245 -0.0926 -0.9414
vn -0.3155 -0.1173 -0.9416
vn -0.3156 -0.1173 -0.9416
vn -0.3142 -0.1191 -0.9419
vn -0.0412 -0.3217 -0.9459
vn -0.0750 -0.3162 -0.9457
vn -0.0415 -0.3218 -0.9459
vn -0.0758 -0.3157 -0.9458
vn -0.8823 -0.0397 0.4690
vn -0.8673 -0.1258 0.4815
vn -0.7909 -0.1388 0.5960
vn -0.4073 0.7712 0.4892
vn -0.4343 0.8312 0.3471
vn 0.8128 -0.2842 0.5085
vn 0.7462 -0.2708 0.6082
vn 0.4073 0.7712 0.4892
vn 0.4343 0.8312 0.3471
vn 0.9153 -0.4026 0.0134
vn 0.9496 -0.3133 -0.0063
vn 0.8991 -0.4376 0.0115
vn 0.9353 -0.3537 -0.0111
vn 0.8553 -0.5173 0.0306
vn 0.8659 -0.4990 0.0345
vn -0.9353 -0.3537 -0.0111
vn -0.9496 -0.3133 -0.0063
vn -0.8991 -0.4376 0.0115
vn -0.9153 -0.4026 0.0134
vn -0.9496 -0.3133 -0.0064
vn -0.9769 -0.2115 -0.0301
vn -0.9612 -0.2737 -0.0330
vn -0.9769 -0.2115 -0.0302
vn -0.9917 -0.1172 -0.0534
vn 0.5304 -0.1013 0.8416
vn 0.5351 -0.1026 0.8385
vn -0.0000 -0.5110 0.8596
vn 0.0000 -0.5120 0.8590
vn -0.0688 -0.5108 0.8570
vn -0.5304 -0.1013 0.8416
vn -0.5351 -0.1026 0.8385
vn -0.5669 -0.0468 0.8225
vn -0.5787 -0.0573 0.8135
vn -0.4075 0.2857 0.8674
vn -0.4202 0.3238 0.8477
vn -0.1296 -0.9218 -0.3654
vn -0.0000 -0.9336 -0.3582
vn 0.5369 -0.8406 -0.0724
vn 0.6111 -0.7819 -0.1232
vn 0.6518 -0.7396 -0.1680
vn 0.5546 -0.8156 -0.1652
vn 0.6553 -0.7338 -0.1793
vn 0.5266 -0.8319 -0.1750
vn 0.3275 0.3106 -0.8924
vn 0.3491 0.3344 -0.8754
vn 0.3268 0.3128 -0.8918
vn 0.3268 0.3128 -0.8919
vn 0.3485 0.3352 -0.8753
vn 0.3275 0.3106 -0.8923
vn 0.3533 0.2472 -0.9022
vn 0.4903 -0.6433 0.5881
vn 0.5148 -0.6408 0.5695
vn 0.6482 -0.6217 0.4397
vn 0.6831 -0.6133 0.3966
vn -0.9533 0.2829 0.1061
vn -0.8289 0.5546 0.0723
vn -0.8469 0.5243 0.0883
vn 0.3350 0.8068 0.4867
vn 0.6362 0.5317 0.5590
vn -0.0228 -0.9978 0.0630
vn 0.3659 -0.9183 0.1512
vn 0.3765 -0.9245 0.0588
vn 0.9142 -0.2448 0.3230
vn -0.0286 0.8435 0.5364
vn -0.0150 0.9392 0.3431
vn -0.0149 0.9392 0.3431
vn 0.3854 0.8745 0.2944
vn 0.3807 -0.9235 -0.0472
vn -0.6461 0.7604 0.0664
vn -0.6140 0.7884 0.0381
vn -0.3918 -0.9196 0.0274
vn -0.3918 -0.9196 0.0273
vn -0.5010 -0.8639 -0.0515
vn -0.4122 -0.9110 0.0138
vn -0.2136 -0.9641 -0.1576
vn -0.1230 -0.9913 -0.0466
vn 0.1036 0.8228 -0.5588
vn 0.0999 0.7925 -0.6017
vn 0.1050 0.8226 -0.5588
vn 0.1050 0.8226 -0.5589
vn 0.0998 0.7925 -0.6017
vn 0.1000 0.7925 -0.6016
vn -0.0029 0.6990 -0.7151
vn 0.0000 0.6965 -0.7175
vn -0.0030 0.6986 -0.7155
vn -0.0001 0.6964 -0.7177
vn -0.0000 0.9528 -0.3036
vn -0.0000 0.9548 -0.2973
vn -0.1441 0.9461 -0.2901
vn -0.1606 0.9460 -0.2817
vn 0.5794 0.7735 -0.2568
vn 0.5530 0.7938 -0.2532
vn 0.5936 0.7652 -0.2492
vn 0.3828 0.9228 0.0435
vn 0.6747 0.7377 0.0234
vn 0.3736 0.9275 0.0080
vn 0.3736 0.9275 0.0079
vn -0.6992 -0.6835 0.2099
vn -0.9204 -0.3557 0.1625
vn -0.8009 -0.5475 0.2425
vn -0.8009 -0.5475 0.2426
vn -0.9319 -0.3123 0.1845
vn -0.9774 -0.0066 0.2114
vn -0.2350 0.9700 0.0617
vn -0.3496 0.9346 0.0657
vn -0.9642 -0.2648 -0.0123
vn -0.9396 -0.2356 -0.2482
vn -0.9558 -0.1319 -0.2626
vn -0.8762 0.4565 -0.1544
vn -0.8451 0.3834 -0.3727
vn -0.8027 0.4508 -0.3904
vn -0.4395 0.8678 -0.2320
vn -0.3841 0.7801 -0.4940
vn -0.3841 0.7800 -0.4940
vn -0.5659 -0.8232 -0.0459
vn -0.5260 -0.8226 -0.2162
vn 0.9573 0.1883 0.2196
vn -0.4044 0.9045 0.1358
vn -0.3806 0.9232 0.0534
vn -0.6723 0.7305 0.1197
vn 0.9678 -0.1034 0.2296
vn 0.9494 -0.1895 0.2504
vn 0.5545 0.8288 0.0749
vn 0.6440 0.7604 0.0836
vn 0.9331 -0.3596 0.0046
vn 0.9904 0.1103 -0.0833
vn 0.9404 0.1349 -0.3120
vn 0.9736 0.2044 -0.1014
vn 0.9158 0.2253 -0.3326
vn 0.7688 0.6123 -0.1846
vn 0.6968 0.6894 -0.1980
vn 0.6913 0.5835 -0.4262
vn 0.5012 -0.8608 -0.0885
vn 0.5259 -0.8226 -0.2162
vn 0.4440 -0.8609 -0.2484
vn -0.0000 0.9687 -0.2481
vn 0.1158 0.9621 -0.2468
vn 0.0000 0.8633 -0.5046
vn -0.0000 0.8633 -0.5047
vn 0.1158 0.9621 -0.2467
vn 0.1047 0.8547 -0.5084
vn 0.0000 -0.4784 0.8781
vn 0.2828 -0.4697 0.8363
vn -0.0161 -0.5446 0.8385
vn 0.0000 0.7785 -0.6276
vn 0.1014 0.7687 -0.6315
vn 0.4016 0.6764 -0.6174
vn 0.9146 -0.0219 -0.4039
vn 0.9599 -0.0454 -0.2767
vn 0.9142 -0.1052 -0.3913
vn 0.9142 -0.1053 -0.3913
vn 0.9559 -0.1320 -0.2625
vn -0.3445 -0.8924 -0.2915
vn -0.4440 -0.8609 -0.2485
vn -0.3226 -0.8717 -0.3688
vn -0.3962 -0.8544 -0.3364
vn -0.8190 0.3086 -0.4838
vn -0.7747 0.3825 -0.5034
vn 0.2957 0.9481 -0.1166
vn 0.4218 0.9003 -0.1074
vn 0.3366 0.9351 -0.1105
vn 0.4561 0.8826 -0.1141
vn -0.6136 0.7765 -0.1432
vn -0.6270 0.7641 -0.1518
vn 0.3043 -0.1469 -0.9412
vn 0.3035 -0.1480 -0.9413
vn 0.3036 -0.1480 -0.9412
vn 0.1150 0.3397 -0.9335
vn 0.0775 0.3376 -0.9381
vn 0.1147 0.3443 -0.9318
vn -0.3411 0.0117 -0.9399
vn -0.3403 0.0095 -0.9403
vn -0.3402 -0.0253 -0.9400
vn -0.3392 -0.0272 -0.9403
vn -0.1421 -0.2895 -0.9466
vn -0.1423 -0.2898 -0.9464
vn -0.1124 -0.3039 -0.9460
vn -0.1129 -0.3036 -0.9461
vn 0.2606 0.2618 -0.9293
vn 0.2599 0.2556 -0.9312
vn -0.8424 -0.2044 0.4987
vn -0.8128 -0.2842 0.5085
vn -0.7663 -0.2111 0.6068
vn -0.7462 -0.2708 0.6082
vn -0.5285 0.7714 0.3544
vn -0.4984 0.7134 0.4925
vn 0.7519 -0.4118 0.5148
vn 0.7863 -0.3442 0.5131
vn 0.7082 -0.3668 0.6033
vn 0.7261 -0.3192 0.6090
vn 0.6450 0.5765 0.5016
vn 0.6840 0.6311 0.3659
vn 0.6839 0.6311 0.3659
vn 0.8128 -0.5801 0.0531
vn 0.7958 -0.6034 0.0514
vn 0.7318 -0.6778 0.0709
vn 0.8129 -0.5800 0.0531
vn 0.7396 -0.6689 0.0745
vn 0.7812 0.5909 -0.2014
vn 0.8392 0.5072 -0.1962
vn 0.7745 0.6006 -0.1986
vn 0.8398 0.5063 -0.1960
vn -0.8552 -0.5173 0.0306
vn 0.5668 -0.0468 0.8225
vn 0.6030 -0.0064 0.7978
vn 0.5787 -0.0574 0.8135
vn 0.5787 -0.0574 0.8136
vn 0.6061 -0.0090 0.7953
vn 0.0688 -0.5107 0.8570
vn 0.1217 -0.5034 0.8554
vn 0.0692 -0.5114 0.8566
vn 0.1238 -0.5016 0.8562
vn -0.5077 -0.2266 0.8312
vn -0.5076 -0.2252 0.8317
vn -0.5189 -0.1775 0.8362
vn -0.5162 -0.1726 0.8389
vn 0.2999 0.1101 0.9476
vn 0.2946 0.1987 0.9347
vn 0.3242 0.2069 0.9231
vn 0.3263 0.2951 0.8980
vn -0.6695 -0.7197 -0.1840
vn -0.6723 -0.7175 -0.1825
vn -0.6456 -0.7442 -0.1713
vn -0.6502 -0.7441 -0.1536
vn 0.5689 0.4925 -0.6587
vn 0.3615 0.3955 -0.8443
vn 0.5166 0.5085 -0.6889
vn 0.5166 0.5085 -0.6888
vn 0.3524 0.3964 -0.8478
vn 0.5196 -0.6207 -0.5872
vn 0.4663 -0.3170 -0.8259
vn 0.5160 -0.6259 -0.5848
vn 0.4628 -0.3036 -0.8328
vn -0.7179 -0.3556 -0.5984
vn -0.7391 -0.3652 -0.5660
vn -0.8387 -0.4411 -0.3192
vn -0.8387 -0.4412 -0.3192
vn -0.8436 -0.4479 -0.2963
vn 0.7795 -0.5819 0.2318
vn 0.7962 -0.5737 0.1922
vn -0.3520 0.9359 0.0151
vn -0.0051 1.0000 0.0055
vn -0.8618 0.4911 0.1270
vn -0.4972 -0.5364 0.6820
vn -0.4482 -0.6779 0.5828
vn 0.9527 -0.3039 -0.0020
vn 0.9918 -0.1276 0.0052
vn 0.9889 -0.0114 0.1480
vn 0.9565 -0.1260 0.2631
vn 0.7720 -0.4234 0.4740
vn 0.8610 -0.3957 0.3196
vn 0.3933 -0.7606 0.5165
vn 0.3752 -0.5859 0.7183
vn -0.0352 -0.8254 0.5634
vn 0.3751 -0.5860 0.7183
vn 0.9527 -0.3039 -0.0019
vn 0.8695 -0.4939 -0.0003
vn -0.8004 0.5988 0.0262
vn -0.9482 0.3046 0.0901
vn -0.8005 0.5988 0.0262
vn -0.7442 -0.4173 0.5215
vn -0.4434 -0.7376 0.5093
vn -0.4434 -0.7376 0.5092
vn -0.6053 -0.7950 -0.0396
vn -0.1230 -0.9913 -0.0467
vn 0.0449 -0.9977 -0.0501
vn 0.1036 0.8228 -0.5589
vn 0.1454 0.8298 -0.5389
vn 0.1441 0.9461 -0.2901
vn -0.9564 -0.2516 0.1485
vn -0.8613 -0.4892 0.1372
vn -0.9533 0.2581 0.1570
vn -0.8849 0.2124 0.4145
vn -0.1153 0.9307 0.3471
vn -0.1189 0.9912 0.0587
vn -0.2221 0.9111 0.3474
vn -0.9860 -0.1639 -0.0288
vn -0.9642 -0.2647 -0.0123
vn -0.9494 -0.1894 0.2504
vn -0.9198 -0.2843 0.2704
vn -0.8911 0.4356 0.1272
vn -0.4568 0.8869 0.0696
vn -0.4396 0.8678 -0.2319
vn -0.4395 0.8678 -0.2319
vn -0.9749 -0.0251 0.2214
vn 0.8823 -0.0397 0.4690
vn 0.8673 -0.1258 0.4815
vn 0.4568 0.8869 0.0697
vn 0.4343 0.8312 0.3470
vn 0.9198 -0.2843 0.2705
vn 0.8848 -0.3645 0.2901
vn 0.7907 0.6034 0.1033
vn 0.7199 0.6877 0.0941
vn 0.7198 0.6877 0.0942
vn 0.5673 -0.8232 0.0218
vn 0.4174 -0.8942 -0.1620
vn -0.0000 0.9983 0.0577
vn 0.5744 -0.4165 0.7047
vn 0.5547 -0.4652 0.6898
vn 0.1144 -0.9097 -0.3991
vn 0.2187 -0.8967 -0.3849
vn 0.3388 0.7065 -0.6214
vn 0.4015 0.6764 -0.6174
vn 0.9559 -0.1319 -0.2626
vn 0.9559 -0.1319 -0.2625
vn -0.5890 -0.7503 -0.3003
vn -0.7312 0.4419 -0.5197
vn 0.4217 0.9003 -0.1075
vn 0.5234 0.8441 -0.1160
vn 0.3156 -0.1173 -0.9416
vn 0.3142 -0.1191 -0.9419
vn 0.3043 -0.1468 -0.9412
vn 0.3036 -0.1480 -0.9413
vn 0.1510 0.3422 -0.9274
vn 0.1537 0.3435 -0.9265
vn -0.0749 -0.3162 -0.9457
vn -0.1123 -0.3039 -0.9460
vn 0.2776 0.2159 -0.9361
vn -0.8674 -0.1258 0.4815
vn -0.8423 -0.2044 0.4987
vn -0.6131 0.7051 0.3563
vn -0.4984 0.7134 0.4926
vn -0.6131 0.7051 0.3562
vn -0.5775 0.6524 0.4908
vn 0.7484 0.5501 0.3705
vn 0.7034 0.5003 0.5050
vn 0.9496 -0.3133 -0.0064
vn 0.9769 -0.2115 -0.0301
vn 0.0000 -0.9902 0.1400
vn 0.1302 -0.9816 0.1400
vn 0.0000 -0.9900 0.1408
vn 0.1281 -0.9818 0.1401
vn 0.5669 -0.0468 0.8225
vn 0.0692 -0.5115 0.8565
vn -0.5163 -0.1726 0.8389
vn -0.5304 -0.1014 0.8416
vn -0.5305 -0.1013 0.8416
vn 0.4075 0.2857 0.8674
vn 0.4202 0.3238 0.8477
vn 0.3146 -0.9361 -0.1575
vn 0.3016 -0.9394 -0.1630
vn 0.3490 0.3344 -0.8754
vn 0.3523 0.3964 -0.8478
vn 0.4628 -0.3036 -0.8329
vn 0.3904 0.0294 -0.9202
vn 0.8496 -0.5269 -0.0217
vn 0.8435 -0.4465 -0.2987
vn 0.8507 -0.5253 -0.0189
vn 0.8398 -0.4415 -0.3159
vn -0.7386 -0.6591 0.1414
vn 0.7283 -0.2436 0.6405
vn 0.7270 -0.4360 0.5304
vn -0.5348 0.3855 0.7519
vn 0.6824 -0.7290 0.0541
vn 0.6699 -0.7301 0.1347
vn 0.3730 -0.8769 0.3032
vn 0.6667 -0.6993 0.2576
vn 0.8610 -0.3956 0.3196
vn 0.3851 -0.9229 0.0013
vn 0.6857 -0.7279 0.0012
vn -0.6605 -0.6071 0.4418
vn -0.7162 -0.4846 0.5022
vn -0.0097 -0.9999 0.0045
vn 0.0927 0.7628 -0.6400
vn 0.0926 0.7628 -0.6400
vn 0.0926 0.7627 -0.6400
vn -0.4568 0.8869 0.0697
vn -0.4343 0.8312 0.3470
vn -0.9331 -0.3596 0.0046
vn -0.9198 -0.2843 0.2705
vn -0.8848 -0.3645 0.2901
vn -0.9736 0.2044 -0.1014
vn -0.9904 0.1103 -0.0833
vn -0.7907 0.6034 0.1033
vn -0.7198 0.6877 0.0941
vn -0.7688 0.6123 -0.1846
vn -0.7199 0.6877 0.0941
vn -0.6968 0.6894 -0.1980
vn -0.1158 0.9621 -0.2468
vn -0.9308 -0.3405 0.1328
vn -0.7026 -0.7061 0.0887
vn -0.7026 -0.7060 0.0887
vn -0.6992 -0.6834 0.2099
vn 0.8424 -0.2044 0.4986
vn 0.8884 -0.4587 0.0189
vn 0.8414 -0.4506 0.2983
vn 0.8414 -0.4505 0.2983
vn 0.9504 0.2871 -0.1200
vn 0.9533 0.2581 0.1569
vn 0.6197 0.7560 -0.2110
vn 0.7198 0.6877 0.0941
vn 0.2350 0.9700 0.0618
vn 0.2269 0.9429 -0.2437
vn -0.0000 0.9417 0.3364
vn 0.2828 -0.4698 0.8363
vn 0.6803 -0.7207 0.1332
vn 0.8126 -0.5703 0.1199
vn 0.6695 -0.7427 0.0108
vn 0.6695 -0.7428 0.0108
vn 0.8419 -0.5396 0.0060
vn 0.2952 0.8134 -0.5013
vn 0.2638 0.7320 -0.6282
vn 0.3387 0.7065 -0.6214
vn 0.9026 0.0775 -0.4235
vn 0.9543 0.0539 -0.2938
vn -0.2407 -0.9152 -0.3233
vn -0.2187 -0.8967 -0.3849
vn -0.3227 -0.8717 -0.3688
vn -0.7462 0.5255 -0.4088
vn -0.6913 0.5835 -0.4263
vn -0.6714 0.5086 -0.5390
vn -0.6129 0.5588 -0.5587
vn 0.2164 0.9599 -0.1783
vn 0.1870 0.9520 -0.2422
vn -0.2164 0.9599 -0.1783
vn -0.1870 0.9520 -0.2422
vn -0.0952 0.9459 -0.3102
vn -0.0731 0.9392 -0.3355
vn 0.3352 -0.0561 -0.9405
vn 0.3264 -0.0908 -0.9409
vn 0.3336 -0.0589 -0.9409
vn 0.3245 -0.0926 -0.9414
vn -0.3406 0.0436 -0.9392
vn -0.3398 0.0417 -0.9396
vn -0.3411 0.0118 -0.9399
vn -0.1954 -0.2611 -0.9453
vn -0.1935 -0.2610 -0.9457
vn -0.1691 -0.2762 -0.9461
vn -0.1685 -0.2763 -0.9462
vn -0.2606 0.2618 -0.9293
vn -0.2599 0.2557 -0.9312
vn -0.2776 0.2159 -0.9361
vn -0.2599 0.2556 -0.9312
vn -0.2765 0.2118 -0.9374
vn -0.7863 -0.3442 0.5131
vn -0.7261 -0.3192 0.6090
vn -0.6840 0.6311 0.3659
vn -0.7484 0.5501 0.3705
vn -0.6450 0.5765 0.5016
vn -0.7034 0.5003 0.5050
vn 0.7943 0.4713 0.3833
vn 0.7447 0.4217 0.5173
vn 0.8361 0.3846 0.3912
vn 0.7812 0.3424 0.5220
vn 0.2820 0.7819 -0.5560
vn 0.2771 0.7832 -0.5566
vn 0.2217 0.8053 -0.5499
vn 0.8392 0.5071 -0.1962
vn 0.8867 0.4197 -0.1938
vn 0.8708 0.4542 -0.1884
vn -0.1302 -0.9816 0.1400
vn -0.1281 -0.9819 0.1395
vn -0.2385 -0.9613 0.1378
vn -0.2305 -0.9634 0.1365
vn -0.0000 -0.9900 0.1410
vn -0.1302 -0.9815 0.1404
vn 0.0000 -0.9902 0.1398
vn 0.6030 -0.0064 0.7977
vn 0.5978 0.0342 0.8009
vn 0.5905 0.0400 0.8060
vn 0.1767 -0.4806 0.8590
vn 0.1783 -0.4767 0.8608
vn -0.4753 -0.2688 0.8378
vn -0.4775 -0.2722 0.8354
vn -0.5076 -0.2251 0.8317
vn -0.4646 0.2870 0.8377
vn -0.4664 0.2916 0.8351
vn -0.5554 -0.8120 -0.1793
vn -0.5410 -0.8240 -0.1685
vn 0.7423 0.5232 -0.4187
vn 0.7620 0.5105 -0.3985
vn 0.5777 -0.7684 -0.2754
vn 0.5692 -0.7711 -0.2852
vn 0.1135 -0.1596 -0.9806
vn 0.2453 -0.1858 -0.9515
vn 0.1270 -0.1612 -0.9787
vn 0.2972 -0.1984 -0.9340
vn -0.8498 -0.5266 -0.0230
vn -0.7962 -0.5737 0.1922
vn -0.8515 -0.5238 -0.0230
vn -0.7795 -0.5819 0.2318
vn -0.7282 -0.6795 0.0897
vn -0.7281 -0.6795 0.0897
vn 0.6857 -0.7278 0.0012
vn 0.6668 -0.6993 0.2576
vn 0.8194 -0.3046 0.4856
vn 0.8808 -0.2399 0.4083
vn 0.8139 -0.3510 0.4630
vn -0.7961 -0.5244 0.3022
vn -0.8421 -0.4081 0.3526
vn -0.7067 -0.7050 0.0601
vn -0.9477 -0.3001 0.1085
vn -0.9453 -0.3101 0.1010
vn 0.0610 0.7426 -0.6670
vn 0.0617 0.7422 -0.6673
vn 0.0616 0.7423 -0.6673
vn -0.0031 0.6986 -0.7155
vn -0.0121 0.7078 -0.7064
vn -0.0030 0.6991 -0.7150
vn -0.0029 0.6991 -0.7150
vn -0.0121 0.7078 -0.7063
vn -0.0121 0.7079 -0.7062
vn -0.7037 0.6978 -0.1341
vn -0.7102 0.6915 -0.1318
vn -0.9138 -0.3289 -0.2385
vn -0.9404 0.1349 -0.3120
vn -0.9158 0.2253 -0.3326
vn -0.6182 0.6462 -0.4475
vn -0.5659 -0.8232 -0.0458
vn -0.5012 -0.8608 -0.0885
vn -0.1158 0.9621 -0.2467
vn 0.7908 0.6033 0.1033
vn 0.7908 0.6034 0.1033
vn 0.9158 0.2253 -0.3325
vn 0.8864 0.3002 -0.3525
vn 0.1986 0.8398 -0.5053
vn -0.7162 -0.4846 0.5021
vn -0.7553 -0.3918 0.5254
vn -0.8825 -0.3382 0.3268
vn -0.8238 -0.5587 0.0954
vn -0.6939 -0.7111 0.1133
vn -0.6939 -0.7111 0.1134
vn -0.6495 -0.7599 -0.0257
vn 0.1786 0.7559 -0.6299
vn 0.8836 0.1553 -0.4417
vn 0.9405 0.1349 -0.3120
vn 0.9026 0.0775 -0.4234
vn -0.6782 -0.6706 -0.3006
vn -0.6941 -0.6922 -0.1977
vn -0.7462 0.5255 -0.4087
vn -0.8258 -0.5207 -0.2167
vn -0.8723 -0.4344 -0.2245
vn -0.8018 -0.4925 -0.3386
vn -0.8435 -0.4030 -0.3550
vn 0.0000 0.9282 -0.3721
vn 0.3156 -0.1172 -0.9416
vn 0.0412 -0.3217 -0.9459
vn 0.0415 -0.3218 -0.9459
vn 0.0750 -0.3162 -0.9457
vn 0.0758 -0.3157 -0.9458
vn -0.3352 0.0813 -0.9386
vn -0.3344 0.0781 -0.9392
vn -0.3343 0.0781 -0.9392
vn -0.1420 -0.2895 -0.9466
vn -0.2315 0.3015 -0.9249
vn -0.2319 0.2980 -0.9260
vn -0.7519 -0.4118 0.5148
vn -0.7082 -0.3668 0.6033
vn -0.6839 0.6311 0.3659
vn 0.7447 0.4218 0.5173
vn 0.7943 0.4713 0.3832
vn 0.7484 0.5501 0.3706
vn -0.7002 -0.6188 0.3561
vn -0.7534 -0.4821 0.4472
vn -0.7084 -0.4915 0.5066
vn 0.6526 -0.7520 0.0926
vn 0.5854 -0.8033 0.1099
vn 0.6582 -0.7469 0.0943
vn 0.5602 -0.8201 0.1161
vn 0.9305 0.3203 -0.1776
vn 0.8707 0.4542 -0.1884
vn 0.8967 0.4045 -0.1795
vn -0.3531 -0.9259 0.1340
vn -0.3399 -0.9313 0.1313
vn -0.8392 0.5072 -0.1961
vn -0.8392 0.5071 -0.1962
vn -0.8398 0.5063 -0.1960
vn 0.5978 0.0341 0.8009
vn 0.5706 0.0962 0.8156
vn 0.5905 0.0400 0.8061
vn 0.5642 0.1021 0.8193
vn 0.1766 -0.4804 0.8591
vn 0.2351 -0.4447 0.8643
vn 0.2372 -0.4442 0.8640
vn -0.4377 -0.3093 0.8442
vn -0.4398 -0.3085 0.8435
vn -0.4822 0.2622 0.8359
vn -0.4834 0.2618 0.8354
vn -0.5554 -0.8120 -0.1792
vn -0.3144 -0.9364 -0.1558
vn -0.3023 -0.9394 -0.1615
vn 0.7619 0.5107 -0.3985
vn 0.6114 -0.2948 0.7344
vn 0.5337 -0.3514 0.7692
vn 0.6089 -0.2851 0.7403
vn 0.5259 -0.3504 0.7750
vn 0.0000 -0.1554 -0.9878
vn -0.3927 -0.6524 0.6482
vn -0.2189 -0.6732 0.7063
vn -0.3764 -0.6589 0.6512
vn -0.2106 -0.6753 0.7069
vn -0.0227 -0.9978 0.0630
vn 0.3766 -0.9245 0.0588
vn -0.0356 -0.9468 0.3198
vn 0.3736 0.9276 0.0079
vn -0.0052 1.0000 0.0055
vn 0.2919 -0.8818 0.3703
vn 0.2919 -0.8819 0.3703
vn 0.0348 -0.9160 0.3996
vn 0.9918 0.0956 0.0853
vn 0.9946 0.0509 0.0909
vn 0.9926 0.1109 0.0496
vn 0.9946 0.0508 0.0909
vn 0.9973 0.0540 0.0503
vn 0.8669 -0.4965 0.0445
vn -0.0485 0.6623 0.7477
vn -0.1624 -0.9211 0.3539
vn -0.1625 -0.9211 0.3539
vn 0.0347 -0.9160 0.3996
vn -0.4286 -0.8670 0.2544
vn -0.4285 -0.8670 0.2544
vn -0.7396 -0.6705 0.0585
vn -0.7812 -0.6214 0.0597
vn 0.0610 0.7426 -0.6669
vn 0.0492 0.7287 -0.6831
vn 0.0617 0.7423 -0.6673
vn 0.0492 0.7287 -0.6830
vn -0.0120 0.7078 -0.7064
vn -0.0344 0.7168 -0.6964
vn -0.0122 0.7079 -0.7062
vn -0.0345 0.7165 -0.6967
vn 0.3601 0.9326 -0.0217
vn -0.3807 0.9232 0.0534
vn -0.3521 0.9359 0.0151
vn -0.5545 0.8288 0.0748
vn -0.8884 -0.4587 0.0189
vn -0.8414 -0.4506 0.2983
vn -0.8414 -0.4505 0.2983
vn -0.2350 0.9700 0.0618
vn -0.2269 0.9429 -0.2437
vn -0.9481 0.2305 0.2192
vn -0.9894 0.0668 0.1292
vn -0.9894 0.0668 0.1291
vn -0.9805 -0.0200 0.1954
vn 0.8849 -0.3645 0.2901
vn 0.7519 -0.4118 0.5149
vn 0.7199 0.6877 0.0942
vn 0.8412 -0.5401 0.0261
vn 0.7985 -0.5193 0.3044
vn 0.9976 0.0251 -0.0645
vn 0.9774 -0.0067 0.2115
vn 0.8425 0.5263 0.1154
vn 0.8425 0.5262 0.1154
vn 0.8232 0.5417 -0.1697
vn 0.3496 0.9346 0.0656
vn 0.3366 0.9110 -0.2385
vn 0.3445 -0.8924 -0.2915
vn -0.9319 -0.3122 0.1845
vn 0.1015 0.7687 -0.6315
vn 0.1787 0.7559 -0.6299
vn 0.8190 0.3085 -0.4838
vn 0.8863 0.3002 -0.3526
vn 0.8520 0.2415 -0.4644
vn -0.7626 -0.6133 -0.2056
vn -0.7474 -0.5849 -0.3150
vn -0.5355 0.6098 -0.5843
vn -0.4721 0.6417 -0.6044
vn -0.8799 -0.2998 -0.3687
vn -0.5234 0.8442 -0.1160
vn -0.6136 0.7766 -0.1432
vn 0.3402 -0.0253 -0.9400
vn 0.3392 -0.0272 -0.9403
vn 0.3337 -0.0589 -0.9408
vn 0.0749 -0.3162 -0.9457
vn 0.1124 -0.3039 -0.9460
vn 0.1123 -0.3039 -0.9460
vn 0.1129 -0.3036 -0.9461
vn -0.3274 0.1182 -0.9375
vn -0.3271 0.1149 -0.9380
vn -0.2490 -0.2233 -0.9424
vn -0.2458 -0.2241 -0.9431
vn -0.2204 -0.2465 -0.9437
vn -0.2205 -0.2465 -0.9437
vn -0.2176 -0.2465 -0.9444
vn -0.0302 0.3360 -0.9414
vn -0.0000 0.3460 -0.9382
vn -0.0295 0.3367 -0.9412
vn 0.0000 0.3510 -0.9364
vn -0.7267 -0.4647 0.5060
vn -0.7002 -0.4073 0.5863
vn -0.7519 -0.4118 0.5149
vn -0.7943 0.4713 0.3833
vn -0.7447 0.4217 0.5173
vn -0.7812 0.3424 0.5220
vn 0.7070 -0.5535 0.4402
vn 0.7108 -0.5135 0.4807
vn 0.7084 -0.4915 0.5066
vn 0.7068 -0.4369 0.5563
vn 0.8629 0.3022 0.4051
vn 0.8040 0.2616 0.5340
vn 0.8219 0.1743 0.5423
vn 0.9631 0.2200 -0.1553
vn 0.9265 0.3354 -0.1708
vn 0.9265 0.3353 -0.1708
vn 0.9539 0.2597 -0.1503
vn 0.8967 0.4045 -0.1799
vn -0.4624 -0.8771 0.1298
vn -0.4334 -0.8927 0.1236
vn -0.8867 0.4197 -0.1938
vn -0.8708 0.4542 -0.1884
vn 0.5706 0.0961 0.8156
vn 0.5526 0.1491 0.8200
vn 0.5527 0.1491 0.8200
vn 0.5506 0.1509 0.8210
vn 0.2968 -0.4212 0.8570
vn 0.2984 -0.4262 0.8540
vn -0.3967 -0.3636 0.8428
vn -0.3974 -0.3613 0.8435
vn -0.5114 0.2242 0.8296
vn -0.4834 0.2617 0.8354
vn -0.5091 0.2271 0.8302
vn 0.8639 -0.5028 -0.0282
vn -0.6569 -0.7252 -0.2063
vn -0.6469 -0.7358 -0.2005
vn -0.6414 -0.7470 -0.1750
vn -0.6111 -0.7796 -0.1369
vn -0.2452 -0.1858 -0.9515
vn -0.2972 -0.1984 -0.9340
vn -0.5012 -0.2634 -0.8243
vn -0.5724 -0.2899 -0.7670
vn 0.6714 -0.1646 0.7226
vn 0.6695 -0.1781 0.7212
vn 0.6088 -0.2851 0.7403
vn -0.1270 -0.1612 -0.9787
vn -0.1135 -0.1596 -0.9806
vn -0.4903 -0.6433 0.5880
vn -0.5148 -0.6408 0.5695
vn -0.4167 -0.9061 0.0737
vn -0.0355 -0.9468 0.3198
vn -0.0356 -0.9468 0.3199
vn -0.1624 -0.9210 0.3540
vn 0.3382 -0.2997 0.8921
vn 0.8432 -0.5002 0.1970
vn 0.8548 -0.5070 0.1108
vn 0.4822 -0.8732 0.0708
vn 0.9864 0.0907 0.1370
vn 0.9887 0.0377 0.1452
vn -0.4271 0.8507 0.3064
vn -0.4271 0.8507 0.3065
vn -0.4044 0.9045 0.1357
vn -0.0927 0.7628 -0.6400
vn -0.0981 0.7891 -0.6064
vn -0.0926 0.7628 -0.6400
vn -0.0970 0.7896 -0.6059
vn -0.7985 -0.5193 0.3043
vn -0.8414 -0.4506 0.2984
vn -0.8425 0.5263 0.1154
vn -0.7943 0.4713 0.3832
vn -0.8412 -0.5401 0.0261
vn -0.9976 0.0251 -0.0645
vn -0.9543 0.0539 -0.2938
vn -0.9543 0.0539 -0.2939
vn -0.8232 0.5417 -0.1697
vn -0.3366 0.9110 -0.2385
vn -0.2952 0.8134 -0.5013
vn -0.7519 -0.5901 0.2939
vn -0.7775 -0.6283 0.0266
vn -0.7152 -0.6497 0.2576
vn -0.7135 -0.7005 0.0150
vn 0.9247 0.3530 0.1423
vn 0.7775 -0.6283 0.0266
vn 0.8258 -0.5206 -0.2167
vn 0.8258 -0.5207 -0.2167
vn 0.9961 -0.0744 -0.0471
vn 0.9976 0.0250 -0.0645
vn 0.7462 0.5255 -0.4088
vn 0.7901 -0.5542 0.2618
vn 0.3227 -0.8717 -0.3688
vn 0.4440 -0.8609 -0.2485
vn 0.3226 -0.8717 -0.3688
vn 0.3962 -0.8544 -0.3364
vn 0.8190 0.3086 -0.4838
vn 0.7747 0.3825 -0.5034
vn -0.4016 0.6764 -0.6174
vn -0.9559 -0.1320 -0.2625
vn -0.9142 -0.1053 -0.3913
vn -0.9146 -0.0219 -0.4039
vn -0.3366 0.9351 -0.1105
vn -0.2957 0.9481 -0.1166
vn 0.3352 0.0813 -0.9386
vn 0.3406 0.0436 -0.9392
vn 0.3344 0.0781 -0.9392
vn 0.3399 0.0417 -0.9395
vn 0.1420 -0.2895 -0.9466
vn 0.1423 -0.2898 -0.9464
vn 0.1691 -0.2762 -0.9461
vn 0.1685 -0.2763 -0.9462
vn -0.2955 0.1844 -0.9374
vn -0.2763 0.2117 -0.9375
vn -0.2959 0.1827 -0.9376
vn -0.2711 -0.2015 -0.9412
vn -0.2688 -0.2023 -0.9417
vn -0.0799 0.3370 -0.9381
vn -0.0776 0.3376 -0.9381
vn -0.7134 0.6903 -0.1204
vn -0.7102 0.6915 -0.1319
vn -0.7107 0.6932 -0.1202
vn -0.7102 0.6916 -0.1318
vn -0.8629 0.3022 0.4051
vn -0.7812 0.3423 0.5220
vn -0.8040 0.2616 0.5340
vn -0.7068 -0.4369 0.5564
vn 0.8235 0.0879 0.5604
vn 0.8219 0.1742 0.5423
vn 0.2079 0.8459 0.4911
vn 0.1161 0.8621 0.4932
vn 0.1152 0.9307 0.3471
vn 0.3531 -0.9259 0.1340
vn 0.4624 -0.8771 0.1298
vn 0.3399 -0.9313 0.1313
vn 0.4334 -0.8927 0.1236
vn 0.9937 0.0240 -0.1096
vn 0.9917 0.0757 -0.1038
vn 0.9763 0.1737 -0.1288
vn 0.9843 0.1175 -0.1317
vn -0.6526 -0.7520 0.0926
vn -0.6582 -0.7469 0.0943
vn -0.9631 0.2199 -0.1553
vn -0.9539 0.2597 -0.1503
vn -0.9843 0.1174 -0.1316
vn -0.9843 0.1174 -0.1317
vn -0.9763 0.1737 -0.1288
vn -0.9631 0.2200 -0.1553
vn -0.9265 0.3353 -0.1708
vn -0.9305 0.3203 -0.1776
vn 0.4822 0.2622 0.8359
vn 0.4834 0.2617 0.8354
vn 0.5114 0.2243 0.8296
vn 0.5114 0.2242 0.8296
vn 0.4834 0.2618 0.8354
vn 0.5091 0.2272 0.8302
vn 0.3967 -0.3636 0.8428
vn 0.4377 -0.3093 0.8442
vn 0.3974 -0.3613 0.8435
vn 0.4398 -0.3085 0.8435
vn -0.2351 -0.4447 0.8643
vn -0.2372 -0.4442 0.8640
vn -0.2968 -0.4212 0.8570
vn -0.2984 -0.4262 0.8540
vn -0.5706 0.0961 0.8156
vn -0.5642 0.1021 0.8193
vn -0.5526 0.1491 0.8200
vn -0.5527 0.1491 0.8200
vn -0.5506 0.1509 0.8210
vn -0.5584 -0.8246 -0.0908
vn -0.5385 -0.8395 -0.0727
vn 0.5744 -0.6620 0.4814
vn 0.5298 -0.4282 0.7321
vn 0.5751 -0.6514 0.4949
vn 0.5303 -0.4276 0.7321
vn 0.7332 -0.0155 0.6798
vn 0.7169 -0.0597 0.6947
vn 0.7168 -0.0597 0.6947
vn -0.6831 -0.6133 0.3966
vn -0.6482 -0.6217 0.4397
vn -0.3919 -0.9196 0.0273
vn -0.4286 -0.8670 0.2543
vn 0.8810 -0.3186 0.3497
vn 0.8432 -0.5002 0.1971
vn 0.5220 -0.7755 0.3551
vn 0.9887 0.0376 0.1452
vn 0.9918 0.0957 0.0853
vn 0.9917 0.0956 0.0854
vn -0.9921 -0.0114 0.1247
vn -0.9921 -0.0114 0.1246
vn -0.9937 -0.0063 0.1122
vn 0.9205 -0.0052 0.3907
vn -0.0287 0.8435 0.5364
vn -0.4571 0.7524 0.4742
vn -0.4571 0.7525 0.4742
vn 0.4131 0.8749 -0.2527
vn -0.0980 0.7891 -0.6063
vn -0.1005 0.8172 -0.5675
vn -0.0970 0.7896 -0.6060
vn -0.1010 0.8170 -0.5677
vn -0.9384 -0.3285 0.1075
vn -0.9945 0.0074 0.1040
vn -0.9384 -0.3285 0.1074
vn -0.7985 -0.5193 0.3044
vn -0.7108 -0.5135 0.4807
vn -0.7907 0.6034 0.1034
vn -0.8425 0.5262 0.1154
vn -0.9976 0.0250 -0.0645
vn -0.9774 -0.0067 0.2114
vn -0.7908 0.6033 0.1033
vn -0.3366 0.9110 -0.2384
vn -0.4567 0.8869 0.0697
vn -0.4567 0.8869 0.0696
vn 0.8911 0.4355 0.1272
vn 0.8629 0.3021 0.4051
vn 0.9860 -0.1640 -0.0288
vn 0.7138 -0.7002 0.0135
vn -0.7163 -0.4846 0.5022
vn 0.6714 0.5086 -0.5390
vn 0.8018 -0.4925 -0.3386
vn -0.2638 0.7320 -0.6282
vn -0.3387 0.7065 -0.6214
vn -0.9026 0.0775 -0.4235
vn -0.8017 -0.4925 -0.3386
vn 0.3274 0.1182 -0.9375
vn 0.3271 0.1149 -0.9380
vn 0.2204 -0.2465 -0.9437
vn 0.2176 -0.2465 -0.9444
vn -0.3043 -0.1469 -0.9412
vn -0.3036 -0.1480 -0.9413
vn -0.1150 0.3397 -0.9335
vn -0.1147 0.3443 -0.9318
vn 0.7131 0.6906 -0.1206
vn 0.7105 0.6933 -0.1205
vn 0.7119 0.6890 -0.1359
vn 0.7104 0.6934 -0.1205
vn 0.7034 0.6971 -0.1389
vn -0.8235 0.0879 0.5604
vn -0.1152 0.9307 0.3471
vn -0.0000 0.8766 0.4812
vn -0.1161 0.8621 0.4932
vn 0.8188 0.0095 0.5741
vn 0.8062 -0.0621 0.5884
vn 0.3074 0.8115 0.4969
vn 0.2385 -0.9613 0.1378
vn 0.2305 -0.9634 0.1365
vn -0.5854 -0.8033 0.1099
vn -0.5602 -0.8201 0.1161
vn -0.9843 0.1175 -0.1317
vn -0.9763 0.1738 -0.1288
vn 0.4646 0.2870 0.8377
vn 0.4664 0.2916 0.8351
vn 0.4753 -0.2688 0.8378
vn 0.4775 -0.2722 0.8354
vn -0.1767 -0.4806 0.8590
vn -0.1783 -0.4767 0.8608
vn -0.5978 0.0341 0.8009
vn -0.5905 0.0400 0.8060
vn -0.5706 0.0962 0.8156
vn 0.0004 -0.9926 -0.1214
vn 0.0003 -0.9926 -0.1215
vn -0.0003 -0.9938 -0.1116
vn 0.5984 -0.7858 0.1567
vn 0.5751 -0.6616 0.4812
vn 0.5751 -0.6615 0.4812
vn 0.5945 -0.7908 0.1457
vn 0.8483 0.2241 0.4798
vn 0.8327 0.1687 0.5273
vn 0.3764 -0.6589 0.6512
vn 0.3927 -0.6524 0.6482
vn -0.4166 -0.9061 0.0737
vn -0.4317 -0.5728 0.6968
vn 0.8508 -0.4219 0.3134
vn -0.0610 0.7426 -0.6669
vn -0.0617 0.7423 -0.6673
vn 0.7373 -0.5887 0.3313
vn 0.9930 0.1130 0.0340
vn 0.9985 0.0473 0.0293
vn -0.5202 0.5607 0.6442
vn -0.0492 0.7287 -0.6830
vn -0.0492 0.7287 -0.6831
vn -0.6820 0.6925 0.2354
vn -0.4043 0.9045 0.1358
vn -0.6724 0.7305 0.1197
vn -0.7198 0.6877 0.0942
vn -0.7199 0.6877 0.0942
vn -0.9774 -0.0067 0.2115
vn -0.3496 0.9346 0.0656
vn 0.7519 -0.5901 0.2940
vn 0.7108 -0.5135 0.4808
vn 0.7267 -0.4647 0.5060
vn 0.7519 -0.5901 0.2939
vn 0.9774 -0.0067 0.2114
vn 0.8232 0.5417 -0.1698
vn 0.4567 0.8869 0.0697
vn 0.3366 0.9110 -0.2384
vn 0.4567 0.8869 0.0696
vn 0.7138 -0.7002 0.0136
vn -0.9939 0.0312 0.1062
vn -0.9922 0.0524 0.1127
vn 0.5890 -0.7503 -0.3003
vn 0.4912 -0.8103 -0.3196
vn 0.7312 0.4419 -0.5197
vn -0.1144 -0.9097 -0.3991
vn -0.1145 -0.9097 -0.3991
vn -0.3388 0.7065 -0.6214
vn -0.9558 -0.1320 -0.2626
vn -0.9027 -0.2097 -0.3758
vn -0.4218 0.9003 -0.1074
vn -0.4561 0.8826 -0.1141
vn 0.3411 0.0118 -0.9399
vn 0.3398 0.0417 -0.9396
vn 0.3411 0.0117 -0.9399
vn 0.3403 0.0095 -0.9403
vn 0.1954 -0.2611 -0.9453
vn 0.1935 -0.2610 -0.9457
vn -0.2959 0.1826 -0.9376
vn -0.3120 0.1548 -0.9374
vn -0.3127 0.1516 -0.9377
vn -0.2912 -0.1723 -0.9410
vn -0.2894 -0.1739 -0.9413
vn -0.2893 -0.1738 -0.9413
vn -0.2688 -0.2022 -0.9417
vn -0.8219 0.1742 0.5423
vn -0.2812 0.7822 -0.5559
vn -0.2760 0.7838 -0.5564
vn -0.2760 0.7837 -0.5564
vn -0.2217 0.8039 -0.5518
vn -0.2211 0.8043 -0.5515
vn 0.5083 -0.8532 0.1174
vn 0.5602 -0.8202 0.1161
vn 0.9843 0.1174 -0.1317
vn 0.9843 0.1174 -0.1316
vn 0.9631 0.2199 -0.1553
vn -0.5602 -0.8202 0.1161
vn -0.5083 -0.8532 0.1174
vn -0.8967 0.4045 -0.1800
vn 0.5379 0.1893 0.8215
vn 0.5340 0.1913 0.8236
vn 0.3538 -0.4000 0.8455
vn 0.3967 -0.3637 0.8428
vn 0.3559 -0.4017 0.8438
vn 0.3558 -0.4018 0.8438
vn -0.2984 -0.4263 0.8540
vn -0.3538 -0.4000 0.8455
vn -0.3558 -0.4018 0.8438
vn -0.5379 0.1893 0.8215
vn -0.5340 0.1913 0.8236
vn -0.0001 -0.9336 -0.3582
vn 0.4338 -0.2377 -0.8691
vn 0.6468 -0.3185 -0.6929
vn 0.4767 -0.2510 -0.8425
vn 0.6844 -0.3365 -0.6468
vn 0.5187 -0.3678 0.7718
vn 0.5303 -0.4277 0.7321
vn 0.5183 -0.3676 0.7721
vn 0.5183 -0.3677 0.7721
vn -0.4903 -0.6433 0.5881
vn -0.4254 -0.8921 0.1526
vn -0.9642 0.2207 0.1470
vn -0.9616 0.1810 0.2065
vn 0.3751 -0.5859 0.7183
vn 0.6747 0.7378 0.0234
vn -0.0052 1.0000 0.0056
vn 0.0343 0.7168 -0.6964
vn 0.0345 0.7166 -0.6967
vn -0.0345 0.7166 -0.6967
vn -0.3259 0.9454 -0.0078
vn -0.1442 0.9461 -0.2901
vn -0.7908 0.6034 0.1033
vn -0.8864 0.3002 -0.3525
vn 0.7985 -0.5193 0.3043
vn 0.8414 -0.4506 0.2984
vn 0.9543 0.0539 -0.2939
vn 0.7462 0.5255 -0.4087
vn 0.1986 0.8398 -0.5052
vn 0.7158 -0.6493 0.2572
vn -0.9308 -0.3404 0.1328
vn -0.9923 0.0524 0.1126
vn 0.3961 -0.8544 -0.3363
vn 0.8836 0.1553 -0.4418
vn -0.1295 -0.9218 -0.3654
vn -0.4218 0.9003 -0.1075
vn -0.5234 0.8441 -0.1160
vn 0.3391 -0.0272 -0.9404
vn 0.1421 -0.2895 -0.9466
vn 0.1424 -0.2898 -0.9464
vn -0.0000 -0.3231 -0.9464
vn -0.0000 -0.3232 -0.9463
vn -0.7484 0.5501 0.3706
vn -0.7447 0.4218 0.5173
vn 0.7812 0.3423 0.5220
vn 0.5083 -0.8532 0.1172
vn -0.5083 -0.8532 0.1173
vn -0.8707 0.4542 -0.1884
vn -0.8967 0.4045 -0.1799
vn 0.5528 0.1491 0.8199
vn 0.3538 -0.4003 0.8453
vn 0.2984 -0.4263 0.8540
vn -0.3559 -0.4017 0.8438
vn -0.3967 -0.3637 0.8428
vn -0.3559 -0.4018 0.8438
vn -0.5091 0.2272 0.8302
vn 0.6889 -0.6982 -0.1947
vn 0.6769 -0.7109 -0.1910
vn 0.7009 -0.6819 -0.2090
vn 0.2452 -0.1858 -0.9515
vn 0.5187 -0.3677 0.7718
vn -0.2453 -0.1858 -0.9515
vn -0.4253 -0.8921 0.1525
vn -0.0536 -0.6195 0.7832
vn 0.8898 -0.2778 0.3620
vn 0.9565 -0.1259 0.2631
vn 0.9908 -0.1019 0.0887
vn 0.0120 0.7078 -0.7064
vn 0.0122 0.7079 -0.7062
vn 0.0344 0.7168 -0.6964
vn 0.0345 0.7165 -0.6967
vn -0.8470 0.5243 0.0883
vn -0.8258 -0.5206 -0.2167
vn -0.6615 -0.7215 0.2046
vn 0.6196 0.7560 -0.2110
vn 0.6941 -0.6922 -0.1977
vn -0.1786 0.7559 -0.6299
vn -0.9026 0.0775 -0.4234
vn 0.3127 0.1516 -0.9377
vn 0.3270 0.1148 -0.9380
vn 0.2205 -0.2465 -0.9437
vn 0.0412 -0.3218 -0.9459
vn -0.3035 -0.1480 -0.9413
vn -0.0800 0.3370 -0.9381
vn -0.8219 0.1743 0.5423
vn -0.2079 0.8459 0.4912
vn 0.1281 -0.9819 0.1395
vn 0.4647 0.2870 0.8377
vn 0.5076 -0.2251 0.8317
vn -0.6030 -0.0064 0.7977
vn -0.5978 0.0342 0.8009
vn 0.0003 -0.9926 -0.1214
vn 0.5984 -0.7857 0.1567
vn 0.5949 -0.7905 0.1456
vn 0.8867 0.3916 0.2458
vn 0.8483 0.2242 0.4798
vn 0.8328 0.1687 0.5273
vn 0.4903 -0.6433 0.5880
vn 0.0000 -0.9910 0.1338
vn 0.0000 -0.9915 0.1297
vn 0.0000 -0.9792 0.2029
vn 0.0000 -0.9792 0.2031
vn 0.0000 -0.9813 0.1927
vn 0.0000 -0.9812 0.1928
vn 0.0000 -0.9815 0.1912
vn 0.0000 -0.9866 0.1632
vn 0.0000 -0.9812 0.1927
vn 0.0000 -0.9864 0.1645
vn 0.0000 -0.9816 0.1912
vn 0.0000 -0.9978 0.0656
vn -0.0000 -0.4329 -0.9014
vn 0.0000 -0.4322 -0.9018
vn -0.0000 -0.4788 -0.8779
vn 0.0000 -0.5576 -0.8301
vn -0.0000 -0.6509 -0.7591
vn 0.0000 -0.5564 -0.8309
vn -0.0003 -0.7263 -0.6874
vn -0.0000 -0.4323 -0.9018
vn -0.0017 -0.9217 -0.3878
vn -0.0004 -0.8386 -0.5447
vn -0.0001 -0.9233 -0.3842
vn -0.0050 -0.8686 -0.4954
vn -0.0050 -0.8686 -0.4955
vn -0.0136 -0.7974 -0.6032
vn 0.0000 -1.0000 0.0003
vn 0.0000 -0.9916 0.1297
vn 0.0000 -1.0000 0.0028
vn -0.0010 -0.9814 -0.1921
vn -0.0000 -1.0000 0.0027
vn -0.0000 -0.9853 -0.1711
vn 0.9757 0.2074 0.0714
vn 0.9665 0.2493 0.0608
vn 0.9937 0.1100 0.0214
vn 0.9665 0.2493 0.0609
vn 0.9836 0.1788 0.0223
vn 0.9836 0.1789 0.0223
vn 0.9854 0.1693 0.0192
vn 0.9990 0.0391 0.0212
vn 0.9983 -0.0509 0.0299
vn 0.9927 0.1033 0.0617
vn 0.9982 -0.0353 0.0487
vn 0.9514 -0.3059 0.0366
vn 0.8857 -0.4640 0.0151
vn 0.9276 -0.3733 0.0172
vn 0.7711 -0.6357 -0.0367
vn 0.8059 -0.5912 -0.0299
vn 0.9275 -0.3733 0.0171
vn 0.9862 -0.1615 0.0365
vn 0.9982 -0.0352 0.0487
vn 0.9826 -0.1820 0.0381
vn 0.6280 -0.7729 -0.0906
vn 0.8059 -0.5912 -0.0298
vn 0.5696 -0.8128 -0.1223
vn 0.3644 -0.9069 -0.2115
vn 0.5241 -0.8407 -0.1359
vn 0.5242 -0.8407 -0.1358
vn 0.5696 -0.8127 -0.1223
vn 0.3647 -0.9068 -0.2114
vn 0.3723 -0.9042 -0.2096
vn -0.6879 -0.6825 0.2469
vn 0.7068 -0.4369 0.5564
vn 0.7002 -0.4073 0.5863
vn -0.0761 0.2150 0.9737
vn 0.3364 -0.0327 0.9411
vn -0.0793 -0.3154 0.9456
vn 0.9706 0.0823 0.2262
vn 0.8899 -0.2778 0.3620
vn 0.9703 -0.0455 0.2377
vn -0.7927 -0.1902 0.5792
vn -0.9921 -0.0115 0.1246
vn -0.8701 0.4617 0.1723
vn -0.9616 0.1810 0.2064
vn -0.7927 -0.1902 0.5793
vn -0.8017 0.2631 0.5367
vn -0.9327 0.1070 0.3444
vn -0.8630 0.4296 0.2657
vn 0.8876 0.4603 0.0167
vn -0.6955 0.7182 -0.0221
vn 0.7922 0.5934 0.1423
vn 0.8810 -0.3186 0.3496
vn 0.9067 -0.3921 0.1554
vn 0.9301 -0.3672 0.0044
vn 0.7157 -0.6493 0.2572
vn 0.7070 -0.5536 0.4402
vn 0.6942 -0.6068 0.3871
vn 0.7070 -0.5535 0.4403
vn 0.7304 -0.4855 0.4804
vn 0.7304 -0.4855 0.4803
vn 0.6187 -0.7761 0.1217
vn 0.7516 -0.5083 0.4204
vn 0.5673 -0.8233 0.0217
vn 0.5673 -0.8232 0.0217
vn 0.6657 0.7289 -0.1599
vn 0.7034 0.6971 -0.1390
vn 0.8878 -0.3001 0.3489
vn 0.8808 -0.2400 0.4083
vn 0.9191 -0.1404 0.3682
vn 0.8489 -0.3726 0.3749
vn 0.7862 -0.5138 0.3434
vn 0.7516 -0.5083 0.4205
vn 0.7862 -0.5138 0.3433
vn 0.7304 -0.4856 0.4803
vn 0.7141 0.6899 -0.1187
vn 0.7142 0.6899 -0.1187
vn 0.7163 0.6875 -0.1194
vn -0.3578 0.7743 -0.5220
vn -0.4681 0.7428 -0.4787
vn -0.8436 -0.4479 -0.2962
vn -0.8519 -0.5233 -0.0228
vn 0.7009 -0.6819 -0.2089
vn 0.9067 -0.3920 0.1554
vn 0.8127 -0.5703 0.1199
vn 0.9067 -0.3921 0.1553
vn -0.5673 -0.8232 0.0218
vn -0.5673 -0.8232 0.0217
vn -0.6496 -0.7599 -0.0256
vn -0.6496 -0.7599 -0.0257
vn -0.6265 -0.7679 0.1335
vn -0.5673 -0.8233 0.0217
vn -0.6879 -0.6825 0.2470
vn -0.3016 -0.9237 -0.2362
vn 0.7954 -0.4022 -0.4533
vn 0.7836 -0.3944 -0.4801
vn -0.6725 -0.7132 -0.1979
vn -0.6649 -0.7210 -0.1952
vn -0.6570 -0.7251 -0.2063
vn -0.6649 -0.7210 -0.1953
vn -0.9206 -0.3497 0.1741
vn -0.8753 -0.4264 0.2282
vn -0.9080 -0.4180 0.0292
vn -0.8547 -0.4666 0.2275
vn -0.8547 -0.4665 0.2275
vn -0.9122 -0.3379 0.2317
vn -0.7163 0.6875 -0.1194
vn -0.7142 0.6899 -0.1185
vn -0.7141 0.6899 -0.1185
vn -0.7107 0.6932 -0.1201
vn -0.9270 -0.0394 0.3731
vn -0.9486 -0.1132 0.2955
vn -0.6615 -0.7215 0.2047
vn -0.7068 -0.4369 0.5563
vn -0.7002 -0.6188 0.3562
vn -0.9509 0.0927 0.2952
vn -0.9270 -0.0395 0.3731
vn -0.7396 -0.6705 0.0584
vn -0.7396 -0.6706 0.0585
vn -0.8605 -0.4772 0.1780
vn -0.5584 -0.8246 -0.0909
vn -0.6111 -0.7796 -0.1368
vn -0.0022 -0.9814 -0.1921
vn 0.0000 -0.9853 -0.1710
vn 0.9844 0.1180 0.1309
vn 0.9698 0.1379 0.2012
vn 0.9169 0.3463 0.1983
vn 0.9169 0.3463 0.1984
vn 0.9250 0.1163 0.3616
vn -0.7960 -0.5244 0.3022
vn -0.8825 -0.3382 0.3269
vn -0.9206 -0.3497 0.1740
vn 0.7836 -0.3944 -0.4800
vn 0.7955 -0.4022 -0.4533
vn -0.9481 0.2305 0.2193
vn -0.9509 0.0926 0.2953
vn -0.9805 -0.0201 0.1954
vn -0.9509 0.0927 0.2953
vn 0.9984 0.0473 0.0293
vn 0.9973 0.0541 0.0503
vn 0.9977 0.0469 0.0498
vn 0.9977 0.0470 0.0498
vn 0.9983 0.0443 0.0369
vn 0.9930 0.1131 0.0340
vn 0.9722 0.2184 0.0841
vn 0.9676 0.2061 0.1457
vn 0.9901 0.1361 0.0358
vn 0.9556 0.2943 0.0137
vn 0.9477 0.3176 0.0316
vn 0.9985 -0.0468 0.0265
usemtl skel:controller_materials:controllerMTL
s 1
f 11/1/1 32/2/2 33/3/3
f 33/3/3 32/2/2 57/4/4
f 33/3/3 17/5/5 11/1/1
f 31/6/6 14/7/7 30/8/8
f 30/8/9 14/7/7 12/9/10
f 50/10/11 31/6/6 51/11/12
f 51/11/12 31/6/6 30/8/8
f 4/12/13 52/13/14 42/14/15
f 42/14/15 52/13/14 79/15/16
f 4/12/13 53/16/17 52/13/14
f 9/17/18 35/18/19 55/19/20
f 55/19/20 35/18/19 69/20/21
f 55/19/20 54/21/22 9/17/18
f 57/4/4 56/22/23 33/3/3
f 33/3/3 56/22/23 34/23/24
f 56/22/23 58/24/25 34/23/26
f 34/23/27 58/24/28 35/18/19
f 57/4/4 32/2/29 59/25/30
f 59/25/30 32/2/2 50/10/11
f 20/26/31 4/12/13 3/27/32
f 3/27/32 4/12/13 5/28/33
f 21/29/34 2/30/35 8/31/36
f 8/31/37 2/30/35 7/32/38
f 8/31/37 61/33/39 21/29/34
f 21/29/40 61/33/41 60/34/42
f 20/26/31 3/27/32 28/35/43
f 28/35/43 3/27/32 27/36/44
f 18/37/45 1/38/46 26/39/47
f 26/39/47 1/38/46 25/40/48
f 24/41/49 15/42/50 23/43/51
f 23/43/51 15/42/50 2/30/35
f 60/34/42 62/44/52 21/29/34
f 21/29/34 62/44/52 22/45/53
f 50/10/11 32/2/2 31/6/6
f 31/6/6 32/2/2 11/1/1
f 14/7/7 31/6/6 11/1/1
f 15/42/50 24/41/49 1/38/46
f 1/38/46 24/41/54 25/40/48
f 33/3/3 34/23/24 17/5/5
f 17/5/5 34/23/26 10/46/55
f 26/39/47 27/36/56 18/37/45
f 18/37/45 27/36/44 3/27/57
f 28/35/43 64/47/58 20/26/31
f 20/26/31 64/47/58 63/48/59
f 4/12/60 20/26/31 53/16/17
f 53/16/61 20/26/62 63/48/59
f 23/43/63 2/30/35 22/45/53
f 22/45/53 2/30/35 21/29/34
f 62/44/52 65/49/64 22/45/53
f 22/45/53 65/49/64 13/50/65
f 12/9/10 23/43/63 13/50/65
f 13/50/65 23/43/51 22/45/53
f 14/7/7 24/41/49 12/9/10
f 12/9/10 24/41/54 23/43/51
f 11/1/1 25/40/48 14/7/7
f 14/7/7 25/40/48 24/41/54
f 26/39/47 25/40/48 17/5/5
f 17/5/5 25/40/48 11/1/1
f 17/5/5 10/46/55 26/39/47
f 26/39/47 10/46/55 27/36/44
f 28/35/43 27/36/44 9/17/18
f 9/17/18 27/36/66 10/46/55
f 9/17/18 54/21/22 28/35/43
f 28/35/43 54/21/22 64/47/58
f 34/23/27 35/18/19 10/46/55
f 10/46/55 35/18/19 9/17/18
f 51/11/12 30/8/9 66/51/67
f 66/51/67 30/8/8 29/52/68
f 30/8/8 12/9/10 29/52/69
f 29/52/68 12/9/10 13/50/65
f 13/50/65 67/53/70 29/52/69
f 29/52/68 67/53/70 68/54/71
f 13/50/65 65/49/72 67/53/70
f 68/54/71 66/51/67 29/52/69
f 58/24/28 69/20/21 35/18/19
f 71/55/73 70/56/74 49/57/75
f 49/57/75 70/56/76 41/58/77
f 49/57/75 72/59/78 71/55/73
f 3/27/32 5/28/33 18/37/45
f 18/37/45 5/28/33 19/60/79
f 2/30/35 15/42/80 7/32/38
f 7/32/38 15/42/80 16/61/81
f 15/42/80 1/38/46 16/61/81
f 16/61/81 1/38/46 6/62/82
f 6/62/82 1/38/46 19/60/79
f 19/60/79 1/38/46 18/37/45
f 45/63/83 74/64/84 46/65/85
f 46/65/85 74/64/84 73/66/86
f 47/67/87 46/65/85 75/68/88
f 75/68/88 46/65/85 73/66/86
f 74/64/84 45/63/83 76/69/89
f 76/69/89 45/63/83 44/70/90
f 75/68/88 77/71/91 47/67/87
f 47/67/87 77/71/91 48/72/92
f 77/71/91 72/59/78 48/72/93
f 48/72/93 72/59/78 49/57/75
f 37/73/94 19/60/79 36/74/95
f 36/74/95 19/60/79 5/28/33
f 38/75/96 6/62/82 37/73/97
f 37/73/94 6/62/98 19/60/79
f 16/61/81 6/62/98 39/76/99
f 39/76/99 6/62/82 38/75/96
f 39/76/99 40/77/100 16/61/101
f 16/61/101 40/77/100 7/32/38
f 40/77/102 41/58/103 7/32/38
f 7/32/38 41/58/77 8/31/37
f 61/33/39 8/31/37 78/78/104
f 8/31/36 41/58/77 78/78/105
f 78/78/104 41/58/77 70/56/76
f 42/14/15 79/15/16 43/79/106
f 43/79/106 79/15/16 81/80/107
f 36/74/108 5/28/33 42/14/15
f 42/14/15 5/28/33 4/12/13
f 43/79/106 80/81/109 44/70/90
f 44/70/110 80/81/111 76/69/89
f 42/14/15 43/79/106 36/74/95
f 36/74/95 43/79/106 44/70/110
f 45/63/83 37/73/97 44/70/90
f 44/70/90 37/73/94 36/74/108
f 46/65/85 38/75/96 45/63/83
f 45/63/83 38/75/96 37/73/94
f 39/76/99 38/75/96 47/67/87
f 47/67/87 38/75/96 46/65/85
f 47/67/87 48/72/93 39/76/99
f 39/76/99 48/72/93 40/77/100
f 48/72/92 49/57/112 40/77/113
f 40/77/100 49/57/75 41/58/77
f 81/80/114 80/81/109 43/79/106
f 183/82/115 71/55/116 184/83/117
f 184/83/117 71/55/118 72/59/78
f 184/83/117 72/59/78 185/84/119
f 185/84/120 72/59/78 77/71/91
f 186/85/121 75/68/122 187/86/123
f 187/86/124 75/68/88 73/66/86
f 172/87/125 50/10/11 173/88/126
f 173/88/127 50/10/128 51/11/129
f 174/89/130 173/88/126 66/51/67
f 66/51/67 173/88/126 51/11/12
f 171/90/131 59/25/30 172/87/125
f 172/87/132 59/25/133 50/10/11
f 175/91/134 174/89/130 68/54/71
f 68/54/71 174/89/130 66/51/67
f 176/92/135 175/91/134 67/53/70
f 67/53/70 175/91/136 68/54/71
f 188/93/137 187/86/138 74/64/84
f 74/64/84 187/86/123 73/66/139
f 190/94/140 189/95/141 80/81/109
f 80/81/109 189/95/141 76/69/89
f 191/96/142 190/94/143 81/80/114
f 81/80/114 190/94/140 80/81/109
f 161/97/144 192/98/145 52/13/14
f 52/13/14 192/98/145 79/15/16
f 162/99/146 161/97/144 53/16/17
f 53/16/17 161/97/144 52/13/14
f 164/100/147 64/47/58 165/101/148
f 165/101/149 64/47/58 54/21/22
f 165/101/149 54/21/22 166/102/150
f 166/102/150 54/21/22 55/19/20
f 166/102/151 55/19/20 167/103/152
f 167/103/152 55/19/20 69/20/21
f 164/100/153 163/104/154 64/47/58
f 64/47/58 163/104/154 63/48/59
f 168/105/155 58/24/156 169/106/157
f 169/106/157 58/24/25 56/22/23
f 170/107/158 169/106/157 57/4/4
f 57/4/4 169/106/157 56/22/23
f 171/90/131 170/107/159 59/25/133
f 59/25/30 170/107/159 57/4/4
f 167/103/152 69/20/21 168/105/160
f 168/105/160 69/20/21 58/24/156
f 163/104/154 162/99/146 63/48/59
f 63/48/59 162/99/146 53/16/17
f 181/108/161 78/78/104 182/109/162
f 182/109/162 78/78/104 70/56/76
f 180/110/163 61/33/39 181/108/161
f 181/108/161 61/33/39 78/78/105
f 177/111/164 176/92/135 65/49/72
f 65/49/64 176/92/165 67/53/70
f 178/112/166 177/111/167 62/44/52
f 62/44/52 177/111/164 65/49/168
f 178/112/166 62/44/52 179/113/169
f 179/113/169 62/44/52 60/34/170
f 179/113/169 60/34/42 180/110/171
f 180/110/163 60/34/42 61/33/41
f 123/114/172 150/115/173 124/116/174
f 124/116/174 150/115/173 149/117/175
f 158/118/176 159/119/177 140/120/178
f 140/120/178 159/119/177 139/121/179
f 153/122/180 154/123/181 128/124/182
f 128/124/182 154/123/183 144/125/184
f 124/116/174 149/117/175 125/126/185
f 125/126/185 149/117/175 148/127/186
f 157/128/187 158/118/188 141/129/189
f 141/129/189 158/118/188 140/120/178
f 125/126/185 148/127/186 126/130/190
f 126/130/190 148/127/186 146/131/191
f 141/129/189 142/132/192 157/128/187
f 157/128/187 142/132/192 156/133/193
f 147/134/194 127/135/195 146/131/191
f 146/131/191 127/135/196 126/130/190
f 142/132/192 143/136/197 156/133/198
f 156/133/199 143/136/197 155/137/200
f 121/138/201 152/139/202 122/140/203
f 122/140/203 152/139/204 151/141/205
f 143/136/197 144/125/184 155/137/200
f 155/137/200 144/125/206 154/123/181
f 138/142/207 160/143/208 137/144/209
f 137/144/209 160/143/208 113/145/210
f 122/140/203 151/141/205 123/114/172
f 123/114/172 151/141/205 150/115/211
f 153/122/212 128/124/182 147/134/194
f 147/134/213 128/124/182 127/135/196
f 159/119/177 160/143/208 139/121/179
f 139/121/179 160/143/214 138/142/207
f 121/138/201 120/146/215 152/139/204
f 152/139/204 120/146/215 105/147/216
f 105/147/216 102/148/217 152/139/202
f 160/143/208 112/149/218 113/145/210
f 137/144/219 113/145/210 136/150/220
f 136/150/220 113/145/210 110/151/221
f 150/115/173 103/152/222 149/117/175
f 149/117/175 103/152/222 104/153/223
f 136/150/220 110/151/224 135/154/225
f 135/154/225 110/151/224 109/155/226
f 159/119/177 158/118/188 111/156/227
f 111/156/227 158/118/188 93/157/228
f 154/123/181 153/122/180 89/158/229
f 89/158/229 153/122/180 91/159/230
f 149/117/175 104/153/223 148/127/186
f 148/127/186 104/153/223 107/160/231
f 133/161/232 83/162/233 132/163/234
f 132/163/234 83/162/233 82/164/235
f 158/118/176 157/128/236 93/157/228
f 93/157/228 157/128/187 92/165/237
f 119/166/238 118/167/239 100/168/240
f 100/168/240 118/167/241 99/169/242
f 132/163/234 82/164/235 131/170/243
f 131/170/243 82/164/235 84/171/244
f 120/146/245 119/166/238 105/147/216
f 105/147/216 119/166/238 100/168/246
f 148/127/186 107/160/231 146/131/191
f 146/131/191 107/160/231 106/172/247
f 135/154/225 109/155/248 134/173/249
f 134/173/249 109/155/248 87/174/250
f 157/128/187 156/133/199 92/165/251
f 92/165/251 156/133/199 90/175/252
f 116/176/253 115/177/254 97/178/255
f 97/178/255 115/177/256 96/179/257
f 134/173/258 87/174/250 133/161/232
f 133/161/232 87/174/250 83/162/259
f 115/177/260 114/180/261 96/179/262
f 96/179/257 114/180/263 94/181/264
f 131/170/243 84/171/244 145/182/265
f 145/182/265 84/171/266 85/183/267
f 117/184/268 116/176/269 98/185/270
f 98/185/271 116/176/269 97/178/255
f 146/131/191 106/172/247 147/134/194
f 147/134/194 106/172/247 108/186/272
f 145/182/265 85/183/273 130/187/274
f 130/187/274 85/183/267 86/188/275
f 156/133/193 155/137/200 90/175/252
f 90/175/252 155/137/200 88/189/276
f 118/167/239 117/184/268 99/169/277
f 99/169/242 117/184/268 98/185/270
f 114/180/263 129/190/278 94/181/264
f 94/181/279 129/190/278 95/191/280
f 152/139/204 102/148/281 151/141/282
f 151/141/282 102/148/281 101/192/283
f 155/137/200 154/123/181 88/189/276
f 88/189/276 154/123/183 89/158/229
f 129/190/278 130/193/274 95/191/280
f 95/191/280 130/193/274 86/194/284
f 103/152/222 150/115/173 101/192/283
f 101/192/283 150/115/211 151/141/205
f 147/134/194 108/186/272 153/122/180
f 153/122/180 108/186/272 91/159/230
f 160/143/208 159/119/177 112/149/218
f 112/149/218 159/119/285 111/156/227
f 192/98/145 191/96/286 79/15/16
f 79/15/16 191/96/142 81/80/107
f 182/109/162 70/56/76 183/82/115
f 183/82/115 70/56/76 71/55/73
f 185/84/119 77/71/91 186/85/121
f 186/85/121 77/71/91 75/68/88
f 189/95/141 188/93/287 76/69/89
f 76/69/288 188/93/289 74/64/84
f 100/195/240 99/196/277 162/99/146
f 162/99/146 99/196/242 161/97/144
f 105/197/216 100/195/246 163/104/154
f 163/104/154 100/195/240 162/99/146
f 102/198/281 105/197/216 164/100/153
f 164/100/153 105/197/216 163/104/154
f 102/198/281 164/100/153 101/199/283
f 101/199/283 164/100/153 165/101/149
f 101/199/283 165/101/148 103/200/222
f 103/200/290 165/101/148 166/102/150
f 103/200/222 166/102/150 104/201/291
f 104/201/292 166/102/151 167/103/152
f 104/201/291 167/103/152 107/202/293
f 107/202/231 167/103/152 168/105/160
f 107/202/231 168/105/155 106/203/294
f 106/203/295 168/105/155 169/106/157
f 108/204/296 106/203/294 170/107/158
f 170/107/158 106/203/294 169/106/157
f 91/205/297 108/204/272 171/90/131
f 171/90/298 108/204/272 170/107/158
f 91/205/230 171/90/298 89/206/299
f 89/206/229 171/90/300 172/87/125
f 89/206/301 172/87/132 88/207/276
f 88/207/276 172/87/125 173/88/126
f 90/208/252 88/207/302 174/89/130
f 174/89/130 88/207/302 173/88/126
f 92/209/251 90/208/303 175/91/134
f 175/91/304 90/208/303 174/89/130
f 93/210/228 92/209/237 176/92/165
f 176/92/135 92/209/251 175/91/134
f 111/211/227 93/210/228 177/111/167
f 177/111/167 93/210/228 176/92/135
f 112/212/218 111/211/227 178/112/166
f 178/112/166 111/211/227 177/111/305
f 112/212/218 178/112/166 113/213/210
f 113/213/210 178/112/166 179/113/169
f 113/213/210 179/113/169 110/214/224
f 110/214/224 179/113/169 180/110/306
f 110/214/224 180/110/171 109/215/226
f 109/215/226 180/110/306 181/108/161
f 109/215/307 181/108/161 87/216/250
f 87/216/250 181/108/161 182/109/162
f 183/82/115 83/217/233 182/109/162
f 182/109/162 83/217/233 87/216/250
f 83/217/308 183/82/115 82/218/235
f 82/218/235 183/82/115 184/83/117
f 82/218/235 184/83/117 84/219/244
f 84/219/244 184/83/117 185/84/119
f 84/219/266 185/84/119 85/220/309
f 85/220/267 185/84/119 186/85/121
f 85/220/273 186/85/121 86/221/284
f 86/221/275 186/85/121 187/86/138
f 95/222/280 86/221/275 188/93/310
f 188/93/311 86/221/312 187/86/138
f 94/223/313 95/222/280 189/95/141
f 189/95/141 95/222/280 188/93/311
f 96/224/262 94/223/264 190/94/140
f 190/94/140 94/223/264 189/95/141
f 97/225/255 96/224/257 191/96/286
f 191/96/314 96/224/262 190/94/140
f 98/226/270 97/225/255 192/98/145
f 192/98/145 97/225/255 191/96/314
f 99/196/277 98/226/271 161/97/144
f 161/97/144 98/226/270 192/98/315
f 204/227/316 296/228/317 297/229/318
f 300/230/319 267/231/320 199/232/321
f 380/233/322 374/234/323 193/235/324
f 193/235/325 374/234/326 357/236/327
f 372/237/328 373/238/329 379/239/330
f 255/240/331 256/241/332 196/242/333
f 196/242/334 256/241/332 195/243/335
f 197/244/336 260/245/337 261/246/338
f 259/247/339 195/243/335 258/248/340
f 258/248/340 195/243/335 257/249/341
f 261/246/342 262/250/343 197/244/344
f 197/244/345 262/250/346 198/251/347
f 372/237/328 379/239/348 370/252/349
f 370/252/349 379/239/330 199/232/321
f 267/231/320 268/253/350 199/232/321
f 199/232/321 268/253/351 254/254/352
f 263/255/353 265/256/354 198/251/347
f 198/251/347 265/256/355 266/257/356
f 266/257/357 264/258/358 198/251/347
f 198/251/359 264/258/360 367/259/361
f 300/230/319 199/232/321 272/260/362
f 272/260/363 199/232/321 379/239/364
f 278/261/365 379/239/330 298/262/366
f 298/262/366 379/239/330 380/233/322
f 301/263/367 302/264/368 194/265/369
f 194/265/369 302/264/368 203/266/370
f 292/267/371 200/268/372 281/269/373
f 380/233/322 193/235/324 202/270/374
f 298/262/366 380/233/375 375/271/376
f 278/261/365 299/272/377 379/239/330
f 272/260/378 379/239/330 273/273/379
f 273/273/380 379/239/330 299/272/381
f 193/235/324 358/274/382 194/265/369
f 194/265/369 358/274/383 359/275/384
f 193/235/324 357/236/327 358/274/383
f 361/276/385 301/263/386 360/277/387
f 360/277/387 301/263/367 194/265/369
f 362/278/388 280/279/389 361/276/390
f 361/276/385 280/279/389 301/263/367
f 280/279/389 362/278/388 279/280/391
f 364/281/392 275/282/393 276/283/394
f 270/284/395 274/285/396 365/286/397
f 197/244/344 198/251/347 369/287/398
f 369/287/398 198/251/359 368/288/399
f 367/259/361 368/288/399 198/251/347
f 195/243/335 370/252/400 196/242/334
f 196/242/334 370/252/349 199/232/321
f 370/252/349 195/243/335 371/289/401
f 371/289/401 195/243/335 197/244/345
f 197/244/345 369/287/398 371/289/401
f 296/228/402 377/290/403 284/291/404
f 291/292/405 377/290/403 292/267/371
f 282/293/406 378/294/407 283/295/408
f 283/295/408 378/294/407 287/296/409
f 293/297/410 294/298/411 378/294/407
f 378/294/407 294/298/412 295/299/413
f 287/296/409 378/294/407 286/300/414
f 286/300/415 378/294/407 289/301/416
f 295/299/413 290/302/417 378/294/407
f 378/294/407 290/302/418 289/301/419
f 259/303/420 235/304/421 260/305/422
f 260/305/422 235/304/421 234/306/423
f 276/307/424 275/308/425 222/309/426
f 222/309/426 275/308/425 223/310/427
f 294/311/428 293/312/429 212/313/430
f 212/313/430 293/312/429 213/314/431
f 321/315/432 303/316/433 337/317/434
f 337/317/434 303/316/435 319/318/436
f 333/319/437 344/320/437 327/321/438
f 327/321/438 344/320/437 343/322/438
f 335/323/439 356/324/439 331/325/440
f 331/325/440 356/324/439 355/326/440
f 317/327/441 313/328/442 555/329/443
f 555/329/443 313/328/442 554/330/444
f 284/291/404 377/290/403 282/293/406
f 282/293/445 377/290/403 378/294/407
f 257/331/446 237/332/447 258/333/448
f 258/333/448 237/332/447 236/334/449
f 225/335/450 224/336/451 270/337/452
f 270/337/452 224/336/451 274/338/453
f 291/339/454 292/340/455 214/341/456
f 214/341/456 292/340/457 215/342/458
f 242/343/459 267/344/460 243/345/461
f 243/345/461 267/344/460 300/346/462
f 324/347/463 338/348/464 306/349/465
f 306/349/466 338/348/467 320/350/468
f 328/351/469 342/352/469 334/353/470
f 334/353/470 342/352/469 341/354/470
f 332/355/471 354/356/471 336/357/472
f 336/357/472 354/356/471 353/358/472
f 310/359/473 559/360/474 309/361/475
f 309/361/475 559/360/474 560/362/476
f 311/363/477 317/327/441 556/364/478
f 556/364/478 317/327/441 555/329/443
f 197/244/345 195/243/335 260/245/479
f 260/245/479 195/243/335 259/247/480
f 258/333/481 236/334/449 259/303/482
f 259/303/482 236/334/449 235/304/421
f 224/336/451 223/310/427 274/338/453
f 274/338/453 223/310/427 275/308/425
f 293/312/429 291/339/454 213/314/431
f 213/314/431 291/339/454 214/341/456
f 301/365/483 280/366/484 218/367/485
f 218/367/486 280/366/487 219/368/488
f 380/233/375 204/227/316 375/271/376
f 375/271/376 204/227/316 297/229/489
f 321/315/490 324/347/463 303/316/433
f 303/316/435 324/347/463 306/349/465
f 327/321/438 343/322/438 328/351/469
f 328/351/469 343/322/491 342/352/469
f 331/325/440 355/326/440 332/355/492
f 332/355/492 355/326/440 354/356/492
f 366/369/493 271/370/494 365/286/397
f 365/286/397 271/370/494 270/284/395
f 547/371/495 306/349/466 546/372/496
f 546/372/496 306/349/466 320/350/468
f 256/373/497 238/374/498 257/331/446
f 257/331/446 238/374/498 237/332/499
f 270/337/500 271/375/501 225/335/450
f 225/335/450 271/375/501 226/376/502
f 292/340/457 281/377/503 215/342/504
f 215/342/504 281/377/503 216/378/505
f 272/379/506 244/380/507 300/346/508
f 300/346/508 244/380/507 243/345/461
f 380/233/322 202/270/374 204/227/316
f 204/227/316 202/270/374 201/381/509
f 338/348/467 325/382/510 320/350/468
f 320/350/511 325/382/510 307/383/512
f 334/353/470 341/354/470 330/384/513
f 330/384/513 341/354/470 340/385/513
f 336/357/472 353/358/472 322/386/514
f 322/386/514 353/358/472 352/387/514
f 365/286/397 274/285/396 364/281/392
f 364/281/392 274/285/396 275/282/393
f 307/383/515 545/388/516 320/350/468
f 320/350/468 545/388/516 546/372/496
f 268/389/517 241/390/518 254/391/519
f 254/391/519 241/390/518 240/392/520
f 264/393/521 266/394/522 228/395/523
f 228/395/523 266/394/522 229/396/524
f 289/397/525 208/398/526 285/399/527
f 285/399/527 208/398/528 207/400/529
f 298/401/530 248/402/531 278/403/532
f 278/403/532 248/402/531 247/404/533
f 327/405/534 309/361/475 333/406/535
f 333/406/535 309/361/475 315/407/536
f 331/408/537 313/328/538 335/409/539
f 335/409/539 313/328/538 317/327/441
f 337/410/540 350/411/540 321/412/541
f 321/412/541 350/411/540 349/413/541
f 315/407/542 561/414/543 308/415/544
f 308/415/544 561/414/543 562/416/545
f 364/281/392 276/283/546 363/417/547
f 363/417/547 276/283/546 277/418/548
f 314/419/549 318/420/550 553/421/551
f 553/421/551 318/420/550 552/422/552
f 548/423/553 303/316/433 547/371/495
f 547/371/495 303/316/433 306/349/465
f 263/255/353 198/251/347 262/250/343
f 199/232/321 254/254/554 196/242/334
f 196/242/334 254/254/555 255/240/331
f 255/424/556 239/425/557 256/373/558
f 256/373/558 239/425/557 238/374/498
f 271/375/501 269/426/559 226/376/502
f 226/376/502 269/426/559 227/427/560
f 286/428/561 206/429/562 287/430/563
f 287/430/564 206/429/562 205/431/565
f 299/432/566 246/433/567 273/434/568
f 273/434/568 246/433/569 245/435/570
f 297/436/571 249/437/572 375/438/573
f 375/438/573 249/437/572 376/439/574
f 325/382/510 326/440/575 307/383/576
f 307/383/512 326/440/575 308/415/577
f 330/384/513 340/385/513 329/441/578
f 329/441/578 340/385/513 339/442/578
f 322/386/514 352/387/514 323/443/579
f 323/443/579 352/387/514 351/444/579
f 309/361/475 560/362/476 315/407/580
f 315/407/580 560/362/476 561/414/543
f 318/420/550 304/445/581 552/422/552
f 552/422/552 304/445/582 551/446/583
f 257/249/584 195/243/335 256/241/332
f 273/434/568 245/435/570 272/379/506
f 272/379/506 245/435/570 244/380/507
f 265/447/585 263/448/586 230/449/587
f 230/449/587 263/448/588 231/450/589
f 288/451/590 290/452/591 209/453/592
f 209/453/592 290/452/593 210/454/594
f 296/455/595 250/456/596 297/436/571
f 297/436/597 250/456/596 249/437/572
f 302/457/598 301/365/599 217/458/600
f 217/458/600 301/365/599 218/367/486
f 328/459/601 334/460/602 310/359/603
f 310/359/604 334/460/602 316/461/605
f 336/462/606 318/420/607 332/463/608
f 332/463/608 318/420/607 314/419/609
f 324/464/610 348/465/610 338/466/611
f 338/466/611 348/465/610 347/467/611
f 545/388/516 307/383/512 562/416/545
f 562/416/612 307/383/512 308/415/613
f 558/468/614 316/461/605 557/469/615
f 557/469/615 316/461/605 312/470/616
f 303/316/433 548/423/553 319/318/617
f 319/318/617 548/423/553 549/471/618
f 285/472/619 286/300/620 289/301/621
f 254/391/622 240/392/520 255/424/556
f 255/424/556 240/392/520 239/425/557
f 228/395/523 227/427/560 264/393/521
f 264/393/521 227/427/560 269/426/559
f 285/399/527 207/400/529 286/428/623
f 286/428/624 207/400/529 206/429/562
f 278/403/532 247/404/533 299/432/625
f 299/432/625 247/404/533 246/433/567
f 375/438/573 376/439/574 298/401/530
f 298/401/530 376/439/574 248/402/531
f 326/440/575 333/406/535 308/415/613
f 308/415/577 333/406/535 315/407/580
f 335/409/539 317/327/626 329/473/627
f 329/473/627 317/327/628 311/363/477
f 323/443/579 351/444/579 337/410/540
f 337/410/540 351/444/579 350/411/540
f 359/275/384 360/277/387 194/265/369
f 312/470/629 311/363/477 557/469/615
f 557/469/615 311/363/477 556/364/478
f 380/233/322 379/239/330 374/234/323
f 374/234/326 379/239/364 373/238/329
f 203/266/630 200/268/372 202/270/374
f 202/270/631 200/268/372 201/381/509
f 283/474/632 253/475/633 282/476/634
f 282/476/634 253/475/633 252/477/635
f 262/478/636 261/479/637 232/480/638
f 232/480/638 261/479/637 233/481/639
f 279/482/640 277/483/641 220/484/642
f 220/484/642 277/483/641 221/485/643
f 295/486/644 294/311/428 211/487/645
f 211/487/646 294/311/428 212/313/647
f 281/377/503 302/457/598 216/378/505
f 216/378/505 302/457/598 217/458/600
f 330/488/648 329/473/627 312/470/629
f 312/470/616 329/473/627 311/363/477
f 322/489/649 323/490/650 304/445/582
f 304/445/582 323/490/650 305/491/651
f 325/492/652 346/493/652 326/494/653
f 326/494/653 346/493/652 345/495/653
f 316/461/605 558/468/654 310/359/603
f 310/359/473 558/468/654 559/360/474
f 271/370/494 366/369/655 269/496/656
f 366/369/657 367/259/361 269/496/658
f 269/496/656 367/259/361 264/258/360
f 201/381/509 200/268/372 377/290/403
f 377/290/403 200/268/372 292/267/659
f 267/344/460 242/343/459 268/389/517
f 268/389/660 242/343/459 241/390/518
f 266/394/522 265/447/661 229/396/524
f 229/396/524 265/447/662 230/449/587
f 289/497/525 288/451/590 208/498/528
f 208/498/528 288/451/590 209/453/592
f 328/459/601 310/359/473 327/405/534
f 327/405/534 310/359/473 309/361/663
f 331/408/537 332/463/664 313/328/665
f 313/328/665 332/463/608 314/419/666
f 321/412/541 349/413/541 324/464/610
f 324/464/610 349/413/541 348/465/610
f 288/499/667 289/301/621 290/302/668
f 287/430/563 205/431/565 283/474/669
f 283/474/632 205/431/565 253/475/633
f 261/479/637 260/500/422 233/481/639
f 233/481/639 260/500/422 234/501/423
f 277/483/641 276/307/670 221/485/643
f 221/485/643 276/307/670 222/309/426
f 290/452/591 295/486/644 210/454/594
f 210/454/594 295/486/644 211/487/646
f 323/490/671 337/317/434 305/491/651
f 305/491/651 337/317/434 319/318/617
f 326/502/653 345/503/653 333/319/437
f 333/319/437 345/503/653 344/320/437
f 329/441/578 339/442/578 335/323/439
f 335/323/439 339/442/578 356/324/439
f 304/445/582 305/491/651 551/446/583
f 551/446/672 305/491/651 550/504/673
f 378/294/407 377/290/674 293/297/410
f 293/297/410 377/290/403 291/292/675
f 194/265/369 203/266/630 193/235/325
f 193/235/324 203/266/370 202/270/374
f 282/476/634 252/477/635 284/505/676
f 284/505/676 252/477/635 251/506/677
f 263/448/586 262/478/636 231/450/678
f 231/450/678 262/478/636 232/480/679
f 280/366/680 279/482/681 219/368/488
f 219/368/488 279/482/681 220/484/642
f 284/505/676 251/506/677 296/455/595
f 296/455/595 251/506/677 250/456/596
f 200/268/682 203/266/370 281/269/373
f 281/269/373 203/266/370 302/264/368
f 330/488/683 312/470/616 334/460/684
f 334/460/684 312/470/629 316/461/605
f 322/489/649 304/445/582 336/462/606
f 336/462/606 304/445/581 318/420/607
f 338/466/611 347/467/611 325/492/652
f 325/492/652 347/467/611 346/493/652
f 277/418/548 279/280/391 363/417/547
f 363/417/547 279/280/391 362/278/388
f 313/328/442 314/419/549 554/330/444
f 554/330/444 314/419/549 553/421/551
f 550/504/673 305/491/651 549/471/618
f 549/471/618 305/491/651 319/318/617
f 201/381/509 377/290/403 204/227/316
f 204/227/316 377/290/674 296/228/317
f 409/507/685 415/508/685 410/509/685
f 404/510/685 400/511/685 403/512/685
f 389/513/686 390/514/687 404/515/686
f 404/515/686 390/514/688 405/516/688
f 407/517/685 406/518/685 402/519/685
f 402/519/685 406/518/685 399/520/685
f 389/513/686 404/515/686 381/521/689
f 381/521/689 404/515/686 403/522/689
f 400/523/690 392/524/690 403/525/689
f 403/525/689 392/524/690 381/526/689
f 415/508/685 409/507/685 414/527/685
f 414/527/685 409/507/685 411/528/685
f 401/529/691 393/530/692 400/523/693
f 400/523/694 393/530/692 392/524/694
f 414/527/685 411/528/685 413/531/685
f 413/531/685 411/528/685 408/532/685
f 399/533/695 391/534/695 402/535/696
f 402/535/696 391/534/695 394/536/696
f 412/537/685 399/520/685 416/538/685
f 416/538/685 399/520/685 406/518/685
f 402/535/696 394/536/696 401/529/692
f 401/529/692 394/536/696 393/530/692
f 408/532/685 412/537/685 413/531/685
f 413/531/685 412/537/685 416/538/685
f 413/539/697 416/540/698 383/541/697
f 383/541/697 416/540/698 382/542/698
f 411/543/699 398/544/699 408/545/700
f 408/545/700 398/544/701 386/546/700
f 406/547/702 407/548/703 395/549/702
f 395/549/702 407/548/703 388/550/703
f 397/551/704 387/552/705 410/553/706
f 410/553/706 387/552/705 409/554/705
f 416/540/698 406/547/702 382/542/698
f 382/542/698 406/547/702 395/549/702
f 398/544/699 411/543/699 387/552/705
f 387/552/705 411/543/699 409/554/705
f 407/548/703 405/516/687 388/550/703
f 388/550/703 405/516/687 390/514/687
f 410/553/706 415/555/707 397/551/706
f 397/551/706 415/555/708 385/556/708
f 412/557/709 396/558/709 399/533/695
f 399/533/695 396/558/709 391/534/695
f 414/559/710 413/539/697 384/560/711
f 384/560/712 413/539/697 383/541/697
f 401/561/685 405/562/685 402/519/685
f 402/519/685 405/562/685 407/517/685
f 408/545/700 386/546/713 412/557/709
f 412/557/709 386/546/700 396/558/709
f 415/555/714 414/559/711 385/556/714
f 385/556/714 414/559/711 384/560/712
f 400/511/685 404/510/685 401/561/685
f 401/561/685 404/510/685 405/562/685
f 437/563/715 436/564/716 417/565/717
f 417/565/717 436/564/716 444/566/718
f 444/566/719 443/567/720 417/565/717
f 417/565/717 443/567/720 442/568/721
f 442/568/721 441/569/722 417/565/717
f 417/565/717 441/569/722 440/570/723
f 440/570/723 439/571/724 417/565/717
f 417/565/717 439/571/724 438/572/725
f 437/563/715 417/565/717 438/572/726
f 464/573/727 445/574/728 465/575/729
f 465/575/729 445/574/728 466/576/730
f 464/573/731 472/577/732 445/574/728
f 445/574/728 472/577/733 471/578/734
f 471/578/734 470/579/735 445/574/728
f 445/574/728 470/579/735 469/580/736
f 469/580/736 468/581/737 445/574/728
f 445/574/728 468/581/738 467/582/739
f 466/576/730 445/574/728 467/582/739
f 480/583/740 473/584/741 479/585/742
f 479/585/742 473/584/741 474/586/743
f 475/587/744 474/586/743 476/588/745
f 476/588/746 474/586/743 473/584/747
f 506/589/748 475/587/744 505/590/749
f 505/590/749 475/587/750 476/588/746
f 482/591/751 477/592/752 481/593/753
f 481/593/754 477/592/752 478/594/755
f 479/585/742 478/594/755 480/583/756
f 480/583/740 478/594/755 477/592/752
f 483/595/757 482/591/758 484/596/759
f 484/596/759 482/591/760 481/593/754
f 486/597/761 483/595/762 485/598/763
f 485/598/764 483/595/765 484/596/759
f 487/599/766 486/597/767 488/600/768
f 488/600/769 486/597/761 485/598/763
f 490/601/770 487/599/766 489/602/771
f 489/602/771 487/599/772 488/600/768
f 491/603/773 490/601/770 492/604/774
f 492/604/774 490/601/770 489/602/771
f 493/605/775 491/606/773 494/607/776
f 494/607/776 491/606/777 492/608/778
f 495/609/779 493/605/780 496/610/781
f 496/610/781 493/605/775 494/607/776
f 497/611/782 495/609/783 498/612/784
f 498/612/785 495/609/783 496/610/781
f 499/613/786 497/611/782 500/614/787
f 500/614/787 497/611/788 498/612/784
f 502/615/789 499/613/790 501/616/791
f 501/616/792 499/613/790 500/614/787
f 503/617/793 502/615/789 504/618/794
f 504/618/794 502/615/789 501/616/791
f 508/619/795 503/617/796 507/620/797
f 507/620/798 503/617/793 504/618/794
f 507/620/797 506/589/748 508/619/795
f 508/619/795 506/589/748 505/590/749
f 476/621/746 473/622/741 444/566/718
f 477/623/752 443/567/720 480/624/756
f 482/625/760 483/626/765 442/568/721
f 486/627/761 487/628/766 441/569/799
f 491/629/777 440/570/800 490/630/770
f 495/631/779 439/571/801 493/632/775
f 497/633/788 499/634/790 438/572/725
f 503/635/796 437/563/715 502/636/789
f 508/637/795 505/638/749 436/564/716
f 495/631/783 497/633/802 439/571/724
f 439/571/801 497/633/788 438/572/725
f 424/639/803 492/604/774 426/640/804
f 426/640/804 492/604/774 489/602/771
f 493/632/775 439/571/724 491/629/805
f 491/629/805 439/571/724 440/570/723
f 425/641/806 488/600/768 418/642/807
f 418/642/807 488/600/768 485/598/763
f 488/600/769 425/641/806 489/602/771
f 489/602/771 425/641/806 426/640/808
f 484/596/809 423/643/810 485/598/763
f 485/598/763 423/643/810 418/642/807
f 506/589/748 431/644/811 475/587/744
f 475/587/744 431/644/812 435/645/813
f 490/630/770 440/570/723 487/628/766
f 487/628/766 440/570/723 441/569/799
f 422/646/814 423/643/810 481/593/754
f 481/593/753 423/643/810 484/596/809
f 432/647/815 431/644/816 507/620/797
f 507/620/797 431/644/811 506/589/817
f 478/594/755 420/648/818 481/593/754
f 481/593/753 420/648/819 422/646/820
f 507/620/797 504/618/794 432/647/815
f 432/647/815 504/618/794 430/649/821
f 486/627/761 441/569/799 483/626/757
f 483/626/765 441/569/799 442/568/721
f 476/621/745 444/566/719 505/638/749
f 505/638/749 444/566/718 436/564/716
f 420/648/822 478/594/755 421/650/823
f 421/650/823 478/594/755 479/585/742
f 429/651/824 430/649/821 501/616/792
f 501/616/791 430/649/821 504/618/794
f 496/610/781 433/652/825 498/612/785
f 498/612/784 433/652/825 428/653/826
f 479/585/742 474/586/743 421/650/823
f 421/650/823 474/586/743 419/654/827
f 501/616/791 500/614/787 429/651/824
f 429/651/824 500/614/787 434/655/828
f 477/623/752 482/625/758 443/567/720
f 443/567/720 482/625/760 442/568/721
f 503/635/796 508/637/795 437/563/715
f 437/563/829 508/637/795 436/564/716
f 435/645/813 419/654/827 475/587/744
f 475/587/744 419/654/827 474/586/743
f 428/653/830 434/655/831 498/612/785
f 498/612/785 434/655/828 500/614/787
f 494/607/776 492/608/778 427/656/832
f 427/656/832 492/608/774 424/657/803
f 473/622/747 480/624/756 444/566/719
f 444/566/718 480/624/756 443/567/720
f 502/636/789 437/563/715 499/634/790
f 499/634/790 437/563/715 438/572/725
f 427/656/832 433/652/825 494/607/776
f 494/607/776 433/652/825 496/610/781
f 516/658/833 509/659/834 515/660/835
f 515/660/835 509/659/836 510/661/837
f 511/662/838 510/661/837 512/663/839
f 512/663/839 510/661/837 509/659/834
f 542/664/840 511/662/841 541/665/842
f 541/665/842 511/662/838 512/663/839
f 518/666/843 513/667/844 517/668/845
f 517/668/845 513/667/844 514/669/846
f 515/660/835 514/669/846 516/658/833
f 516/658/833 514/669/846 513/667/844
f 519/670/847 518/666/843 520/671/848
f 520/671/848 518/666/849 517/668/845
f 522/672/850 519/670/851 521/673/852
f 521/673/853 519/670/854 520/671/848
f 523/674/855 522/672/850 524/675/856
f 524/675/856 522/672/850 521/673/852
f 526/676/857 523/674/855 525/677/858
f 525/677/858 523/674/859 524/675/856
f 527/678/860 526/676/857 528/679/861
f 528/679/861 526/676/857 525/677/862
f 529/680/863 527/678/860 530/681/864
f 530/681/865 527/678/860 528/679/861
f 531/682/866 529/683/867 532/684/868
f 532/684/869 529/683/863 530/685/864
f 533/686/870 531/682/871 534/687/872
f 534/687/873 531/682/871 532/684/874
f 535/688/875 533/686/870 536/689/876
f 536/689/876 533/686/870 534/687/873
f 538/690/877 535/688/878 537/691/879
f 537/691/880 535/688/878 536/689/881
f 539/692/882 538/690/877 540/693/883
f 540/693/883 538/690/877 537/691/880
f 544/694/884 539/692/882 543/695/885
f 543/695/886 539/692/882 540/693/883
f 543/695/885 542/664/840 544/694/884
f 544/694/884 542/664/840 541/665/842
f 509/696/834 472/577/733 512/697/887
f 516/698/833 513/699/844 471/578/734
f 518/700/849 519/701/854 470/579/735
f 522/702/888 523/703/859 469/580/736
f 527/704/860 468/581/738 526/705/857
f 531/706/871 467/582/739 529/707/863
f 533/708/870 535/709/878 466/576/889
f 539/710/882 465/575/890 538/711/877
f 541/712/891 464/573/731 544/713/884
f 531/706/866 533/708/892 467/582/739
f 467/582/739 533/708/870 466/576/889
f 452/714/893 528/679/894 454/715/895
f 454/715/896 528/679/894 525/677/858
f 524/675/856 453/716/897 525/677/862
f 525/677/858 453/716/897 454/715/896
f 529/707/863 467/582/739 527/704/860
f 527/704/860 467/582/739 468/581/737
f 453/716/897 524/675/898 446/717/899
f 446/717/900 524/675/898 521/673/852
f 520/671/848 451/718/901 521/673/852
f 521/673/852 451/718/901 446/717/900
f 542/664/902 459/719/903 511/662/904
f 511/662/838 459/719/903 463/720/905
f 514/669/906 448/721/907 517/668/845
f 517/668/845 448/721/907 450/722/908
f 540/693/883 458/723/909 543/695/885
f 543/695/885 458/723/909 460/724/910
f 526/705/857 468/581/738 523/703/859
f 523/703/859 468/581/738 469/580/736
f 450/722/911 451/718/901 517/668/845
f 517/668/845 451/718/901 520/671/848
f 460/724/910 459/719/903 543/695/885
f 543/695/885 459/719/903 542/664/902
f 522/702/850 469/580/736 519/701/847
f 519/701/854 469/580/736 470/579/735
f 541/712/842 512/697/839 464/573/727
f 464/573/727 512/697/839 472/577/733
f 448/721/907 514/669/906 449/725/912
f 449/725/912 514/669/906 515/660/835
f 458/723/913 540/693/883 457/726/914
f 457/726/914 540/693/915 537/691/880
f 510/661/916 447/727/917 515/660/835
f 515/660/835 447/727/917 449/725/912
f 537/691/880 536/689/876 457/726/914
f 457/726/914 536/689/881 462/728/918
f 513/699/844 518/700/919 471/578/734
f 471/578/734 518/700/849 470/579/735
f 544/713/884 464/573/731 539/710/882
f 539/710/882 464/573/731 465/575/729
f 463/720/905 447/727/917 511/662/838
f 511/662/838 447/727/917 510/661/916
f 462/728/918 536/689/876 456/729/920
f 456/729/921 536/689/876 534/687/873
f 532/684/874 461/730/922 534/687/872
f 534/687/873 461/730/922 456/729/921
f 528/679/861 452/714/893 530/681/923
f 530/681/923 452/714/893 455/731/924
f 509/696/925 516/698/926 472/577/733
f 472/577/733 516/698/833 471/578/734
f 535/709/878 538/711/877 466/576/730
f 466/576/889 538/711/877 465/575/729
f 455/732/924 461/730/922 530/685/923
f 530/685/923 461/730/922 532/684/874
f 374/234/323 546/372/496 357/236/927
f 357/236/928 546/372/496 545/388/516
f 546/372/496 374/234/929 547/371/930
f 547/371/495 374/234/326 373/238/931
f 547/371/495 373/238/329 548/423/932
f 548/423/553 373/238/329 372/237/328
f 370/252/349 549/471/618 372/237/933
f 372/237/328 549/471/618 548/423/553
f 549/471/618 370/252/349 550/504/673
f 550/504/673 370/252/400 371/289/401
f 371/289/401 369/287/398 550/504/673
f 550/504/673 369/287/934 551/446/672
f 369/287/934 368/288/399 551/446/672
f 551/446/583 368/288/399 552/422/552
f 368/288/935 367/259/936 552/422/552
f 552/422/552 367/259/937 553/421/551
f 367/259/361 366/369/938 553/421/551
f 553/421/551 366/369/655 554/330/444
f 366/369/493 365/286/397 554/330/444
f 554/330/939 365/286/397 555/329/443
f 365/286/397 364/281/392 555/329/443
f 555/329/443 364/281/940 556/364/478
f 364/281/392 363/417/547 556/364/478
f 556/364/478 363/417/547 557/469/615
f 557/469/615 363/417/547 558/468/614
f 558/468/614 363/417/547 362/278/941
f 361/276/390 559/360/474 362/278/942
f 362/278/942 559/360/474 558/468/654
f 360/277/387 560/362/476 361/276/385
f 361/276/385 560/362/476 559/360/474
f 359/275/384 561/414/543 360/277/387
f 360/277/943 561/414/543 560/362/476
f 358/274/383 562/416/545 359/275/384
f 359/275/384 562/416/545 561/414/543
f 357/236/327 545/388/516 358/274/383
f 358/274/383 545/388/516 562/416/545
f 649/733/944 650/734/945 591/735/946
f 651/736/947 652/737/948 590/738/949
f 635/739/950 636/740/951 598/741/952
f 598/741/953 636/740/954 637/742/955
f 638/743/956 639/744/957 597/745/958
f 641/746/959 642/747/960 595/748/961
f 595/748/962 642/747/960 643/749/963
f 644/750/964 594/751/965 643/749/966
f 643/749/967 594/751/965 595/748/962
f 644/750/968 645/752/969 594/751/970
f 646/753/971 647/754/972 593/755/973
f 593/755/973 647/754/974 592/756/975
f 640/757/976 641/746/959 596/758/977
f 596/758/978 641/746/979 595/748/961
f 638/743/980 597/745/981 637/742/955
f 637/742/982 597/745/983 598/741/953
f 640/759/976 596/760/984 639/744/957
f 639/744/957 596/760/984 597/745/958
f 652/737/985 635/739/950 590/738/986
f 590/738/986 635/739/950 598/741/987
f 650/734/988 651/736/947 591/735/989
f 591/735/989 651/736/990 590/738/991
f 648/761/992 649/733/944 592/756/975
f 592/756/975 649/733/993 591/735/994
f 648/761/995 592/756/975 647/754/972
f 646/753/971 593/755/973 645/752/969
f 645/752/996 593/755/973 594/751/970
f 587/762/997 578/763/998 586/764/999
f 586/764/999 578/763/998 577/765/1000
f 565/766/1001 596/758/977 566/767/1002
f 566/767/1003 596/758/978 595/748/961
f 615/768/1004 616/769/1005 617/770/1006
f 617/770/1006 616/769/1005 618/771/1007
f 643/749/966 642/747/1008 622/772/1009
f 622/772/1009 642/747/1008 624/773/1010
f 588/774/1011 579/775/1012 587/762/1013
f 587/762/997 579/775/1012 578/763/1014
f 595/748/961 594/751/970 566/767/1002
f 566/767/1002 594/751/965 567/776/1015
f 613/777/1016 614/778/1017 615/768/1004
f 615/768/1004 614/778/1018 616/769/1005
f 642/747/1008 641/746/1019 624/773/1010
f 624/773/1020 641/746/979 626/779/1021
f 589/780/1022 580/781/1023 588/774/1011
f 588/774/1011 580/781/1023 579/775/1012
f 594/751/965 593/755/973 567/776/1024
f 567/776/1015 593/755/973 568/782/1025
f 611/783/1026 612/784/1027 613/777/1016
f 613/777/1016 612/784/1027 614/778/1018
f 641/746/959 640/757/976 626/779/1021
f 626/779/1021 640/757/1028 628/785/1029
f 635/739/950 652/737/985 600/786/1030
f 600/786/1030 652/737/985 604/787/1031
f 571/788/1032 563/789/1033 589/780/1022
f 589/780/1022 563/789/1033 581/790/1034
f 593/755/973 592/756/975 568/782/1035
f 568/782/1035 592/756/975 569/791/1036
f 609/792/1037 610/793/1038 611/783/1039
f 611/783/1026 610/793/1040 612/784/1027
f 602/794/1041 633/795/1042 601/796/1043
f 601/796/1043 633/795/1042 634/797/1044
f 640/759/976 639/744/957 628/798/1029
f 628/798/1045 639/744/957 630/799/1046
f 652/737/985 651/736/1047 604/787/1048
f 604/787/1049 651/736/990 606/800/1050
f 565/801/1051 583/802/1052 564/803/1053
f 564/803/1054 583/802/1055 582/804/1056
f 570/805/1057 591/735/989 571/806/1058
f 571/806/1059 591/735/994 590/738/991
f 605/807/1060 606/800/1061 607/808/1062
f 607/808/1062 606/800/1063 608/809/1064
f 631/810/1065 629/811/1066 632/812/1067
f 632/812/1067 629/811/1066 630/799/1046
f 638/743/980 637/742/955 632/812/1067
f 632/812/1067 637/742/955 634/797/1044
f 650/734/1068 649/733/1069 608/809/1070
f 608/809/1064 649/733/1071 610/793/1038
f 564/803/1054 582/804/1056 563/789/1033
f 563/789/1033 582/804/1056 581/790/1034
f 592/756/975 591/735/1072 569/791/1073
f 569/791/1073 591/735/946 570/805/1057
f 607/808/1062 608/809/1070 609/792/1074
f 609/792/1037 608/809/1064 610/793/1040
f 632/812/1067 634/797/1044 631/810/1065
f 631/810/1065 634/797/1044 633/795/1042
f 639/744/957 638/743/956 630/799/1075
f 630/799/1075 638/743/980 632/812/1067
f 651/736/1076 650/734/988 606/800/1077
f 606/800/1063 650/734/945 608/809/1064
f 566/813/1078 584/814/1079 565/801/1051
f 565/801/1051 584/814/1079 583/802/1052
f 589/780/1022 581/790/1080 580/781/1023
f 580/781/1023 581/790/1034 572/815/1081
f 604/787/1082 606/800/1050 603/816/1083
f 603/816/1083 606/800/1077 605/807/1060
f 628/798/1029 630/799/1046 627/817/1084
f 627/817/1084 630/799/1075 629/811/1066
f 637/742/982 636/740/954 634/797/1044
f 634/797/1044 636/740/951 601/796/1085
f 649/733/1086 648/761/992 610/793/1040
f 610/793/1038 648/761/1087 612/784/1088
f 567/818/1089 585/819/1090 566/813/1078
f 566/813/1078 585/819/1090 584/814/1079
f 582/804/1056 573/820/1091 581/790/1034
f 581/790/1034 573/820/1091 572/815/1081
f 603/816/1083 599/821/1092 604/787/1031
f 604/787/1082 599/821/1093 600/786/1094
f 627/822/1084 625/823/1095 628/785/1029
f 628/785/1096 625/823/1095 626/779/1021
f 636/740/951 635/739/1097 601/796/1043
f 601/796/1085 635/739/950 600/786/1030
f 648/761/1087 647/754/972 612/784/1088
f 612/784/1088 647/754/972 614/778/1018
f 568/824/1098 586/764/1099 567/818/1089
f 567/818/1089 586/764/1100 585/819/1090
f 583/802/1052 574/825/1101 582/804/1056
f 582/804/1056 574/825/1101 573/820/1091
f 601/796/1085 600/786/1030 602/794/1041
f 602/794/1041 600/786/1102 599/821/1103
f 624/773/1010 626/779/1021 623/826/1104
f 623/826/1105 626/779/1021 625/823/1095
f 647/754/1106 646/753/971 614/778/1018
f 614/778/1018 646/753/971 616/769/1005
f 569/827/1107 587/762/997 568/824/1098
f 568/824/1098 587/762/997 586/764/1100
f 584/814/1079 575/828/1108 583/802/1052
f 583/802/1052 575/828/1108 574/825/1101
f 590/738/991 598/741/953 571/806/1109
f 571/806/1109 598/741/987 563/829/1110
f 621/830/1111 622/772/1009 623/826/1105
f 623/826/1105 622/772/1009 624/773/1020
f 646/753/971 645/752/1112 616/769/1005
f 616/769/1005 645/752/969 618/771/1113
f 570/831/1114 588/774/1011 569/827/1107
f 569/827/1107 588/774/1011 587/762/997
f 585/819/1090 576/832/1115 584/814/1079
f 584/814/1079 576/832/1115 575/828/1108
f 598/741/987 597/745/958 563/829/1116
f 563/829/1116 597/745/981 564/833/1117
f 619/834/1118 620/835/1119 621/830/1111
f 621/830/1111 620/835/1119 622/772/1009
f 645/752/969 644/750/968 618/771/1007
f 618/771/1007 644/750/1120 620/835/1119
f 571/788/1032 589/780/1022 570/831/1121
f 570/831/1122 589/780/1022 588/774/1011
f 586/764/1100 577/765/1123 585/819/1090
f 585/819/1090 577/765/1123 576/832/1115
f 597/745/958 596/760/978 564/833/1117
f 564/833/1117 596/760/1124 565/836/1125
f 617/770/1006 618/771/1113 619/834/1126
f 619/834/1118 618/771/1113 620/835/1119
f 644/750/1120 643/749/966 620/835/1119
f 620/835/1127 643/749/963 622/772/1009
f 611/783/1039 654/837/1128 609/792/1037
f 609/792/1037 654/837/1128 653/838/1129
f 607/808/1062 609/792/1074 655/839/1130
f 655/839/1130 609/792/1131 653/838/1132
f 602/794/1133 657/840/1134 633/795/1042
f 633/795/1042 657/840/1135 656/841/1136
f 631/810/1137 633/795/1042 658/842/1138
f 658/842/1139 633/795/1042 656/841/1140
f 631/810/1065 658/842/1138 629/811/1141
f 629/811/1066 658/842/1138 659/843/1142
f 627/817/1084 629/811/1066 660/844/1143
f 660/844/1143 629/811/1066 659/843/1142
f 627/822/1144 660/845/1145 625/823/1095
f 625/823/1095 660/845/1145 661/846/1146
f 623/826/1104 625/823/1095 662/847/1147
f 662/847/1147 625/823/1095 661/846/1146
f 623/826/1105 662/847/1148 621/830/1111
f 621/830/1111 662/847/1147 663/848/1149
f 619/834/1150 621/830/1111 664/849/1151
f 664/849/1151 621/830/1152 663/848/1149
f 619/834/1126 664/849/1151 617/770/1006
f 617/770/1006 664/849/1151 665/850/1153
f 615/768/1154 617/770/1006 666/851/1155
f 666/851/1156 617/770/1006 665/850/1157
f 615/768/1004 666/851/1155 613/777/1016
f 613/777/1016 666/851/1156 667/852/1158
f 611/783/1039 613/777/1016 654/837/1159
f 654/837/1159 613/777/1016 667/852/1160
f 607/808/1161 655/839/1130 605/807/1060
f 605/807/1060 655/839/1130 668/853/1162
f 603/816/1163 605/807/1060 669/854/1164
f 669/854/1165 605/807/1060 668/853/1162
f 603/816/1083 669/854/1165 599/821/1093
f 599/821/1103 669/854/1164 670/855/1166
f 602/794/1041 599/821/1093 657/840/1135
f 657/840/1135 599/821/1092 670/855/1166
f 654/856/1128 672/857/1167 653/858/1132
f 653/858/1132 672/857/1168 671/859/1169
f 655/860/1170 653/858/1132 673/861/1171
f 673/861/1171 653/858/1132 671/859/1169
f 656/862/1140 657/863/1135 674/864/1172
f 674/864/1172 657/863/1173 675/865/1174
f 658/866/1139 656/862/1140 676/867/1175
f 676/867/1175 656/862/1140 674/864/1172
f 659/868/1176 658/866/1177 677/869/1178
f 677/869/1178 658/866/1138 676/867/1179
f 660/870/1143 659/868/1180 678/871/1181
f 678/871/1181 659/868/1176 677/869/1178
f 660/870/1182 678/871/1181 661/872/1146
f 661/872/1146 678/871/1181 679/873/1183
f 661/872/1184 679/873/1183 662/874/1185
f 662/874/1147 679/873/1183 680/875/1186
f 662/874/1185 680/875/1186 663/876/1149
f 663/876/1149 680/875/1186 681/877/1187
f 663/876/1149 681/877/1187 664/878/1151
f 664/878/1151 681/877/1187 682/879/1188
f 664/878/1189 682/879/1188 665/880/1157
f 665/880/1157 682/879/1188 683/881/1190
f 665/880/1191 683/881/1190 666/882/1155
f 666/882/1192 683/881/1193 684/883/1194
f 666/882/1195 684/883/1194 667/884/1160
f 667/884/1196 684/883/1194 685/885/1197
f 667/884/1160 685/885/1198 654/856/1199
f 654/856/1200 685/885/1201 672/857/1168
f 668/886/1162 655/860/1130 686/887/1202
f 686/887/1203 655/860/1204 673/861/1171
f 669/888/1164 668/886/1205 687/889/1206
f 687/889/1206 668/886/1162 686/887/1202
f 670/890/1166 669/888/1164 688/891/1207
f 688/891/1208 669/888/1165 687/889/1206
f 657/863/1135 670/890/1209 675/865/1174
f 675/865/1174 670/890/1210 688/891/1211
f 697/892/1212 689/893/1212 691/894/1212
f 691/894/1212 689/893/1212 690/895/1212
f 693/896/1212 697/892/1212 692/897/1212
f 697/892/1212 691/894/1212 692/897/1212
f 697/892/1212 693/896/1212 695/898/1212
f 695/898/1212 693/896/1212 694/899/1212
f 695/898/1212 696/900/1212 697/892/1212
f 672/857/1213 685/885/1198 689/893/1214
f 689/893/1214 685/885/1197 690/895/1215
f 685/885/1198 684/883/1194 690/895/1216
f 684/883/1194 683/881/1217 690/895/1218
f 690/895/1219 683/881/1190 691/894/1220
f 683/881/1190 682/879/1188 691/894/1221
f 682/879/1188 681/877/1187 691/894/1222
f 691/894/1222 681/877/1187 692/897/1223
f 681/877/1187 680/875/1186 692/897/1224
f 680/875/1186 679/873/1183 692/897/1225
f 692/897/1225 679/873/1183 693/896/1226
f 679/873/1183 678/871/1227 693/896/1228
f 678/871/1181 677/869/1178 693/896/1229
f 693/896/1230 677/869/1178 694/899/1231
f 677/869/1178 676/867/1175 694/899/1232
f 676/867/1179 674/864/1172 694/899/1233
f 694/899/1234 674/864/1172 695/898/1235
f 674/864/1172 675/865/1174 695/898/1236
f 675/865/1174 688/891/1208 695/898/1237
f 695/898/1237 688/891/1211 696/900/1238
f 688/891/1208 687/889/1206 696/900/1239
f 687/889/1206 686/887/1202 696/900/1240
f 696/900/1240 686/887/1202 697/892/1241
f 686/887/1203 673/861/1171 697/892/1242
f 673/861/1171 671/859/1243 697/892/1244
f 697/892/1245 671/859/1169 689/893/1246
f 671/859/1243 672/857/1213 689/893/1247
f 343/901/1248 344/902/1248 342/903/1248
f 346/904/1248 342/903/1248 345/905/1248
f 342/903/1248 344/902/1248 345/905/1248
f 348/906/1248 342/903/1248 347/907/1248
f 342/903/1248 346/904/1248 347/907/1248
f 350/908/1248 342/903/1248 349/909/1248
f 342/903/1248 348/906/1248 349/909/1248
f 350/908/1248 351/910/1248 342/903/1248
f 342/903/1248 351/910/1248 352/911/1248
f 352/911/1248 353/912/1248 342/903/1248
f 342/903/1248 353/912/1248 354/913/1248
f 354/913/1248 355/914/1248 342/903/1248
f 342/903/1248 355/914/1248 356/915/1248
f 356/915/1248 339/916/1248 342/903/1248
f 342/903/1248 339/916/1248 340/917/1248
f 340/917/1248 341/918/1248 342/903/1248
f 721/919/1249 781/920/1250 820/921/1251
f 820/921/1252 781/920/1250 821/922/1253
f 739/923/1254 740/924/1255 826/925/1256
f 826/925/1256 740/924/1255 827/926/1257
f 713/927/1258 715/928/1259 698/929/1260
f 698/929/1260 715/928/1261 699/930/1262
f 717/931/1263 713/927/1258 705/932/1264
f 705/932/1265 713/927/1258 698/929/1260
f 711/933/1266 805/934/1267 829/935/1268
f 829/935/1268 805/934/1269 830/936/1270
f 704/937/1271 724/938/1272 705/932/1264
f 705/932/1264 724/938/1272 717/931/1263
f 731/939/1273 818/940/1274 729/941/1275
f 729/941/1275 818/940/1274 817/942/1276
f 724/938/1277 704/937/1278 728/943/1279
f 728/943/1280 704/937/1278 707/944/1281
f 706/945/1282 725/946/1283 707/944/1284
f 707/944/1281 725/946/1283 728/943/1279
f 702/947/1285 701/948/1286 737/949/1287
f 737/949/1287 701/948/1286 736/950/1288
f 700/951/1289 734/952/1290 706/945/1291
f 706/945/1282 734/952/1292 725/946/1293
f 712/953/1294 711/933/1295 828/954/1296
f 828/954/1296 711/933/1297 829/935/1268
f 730/955/1298 736/950/1288 708/956/1299
f 708/956/1299 736/950/1288 701/948/1286
f 735/957/1300 729/941/1275 816/958/1301
f 816/958/1301 729/941/1275 817/942/1276
f 708/956/1299 710/959/1302 730/955/1298
f 730/955/1298 710/959/1302 732/960/1303
f 804/961/1304 799/962/1305 831/963/1306
f 831/963/1306 799/962/1305 832/964/1307
f 709/965/1308 720/966/1309 710/959/1302
f 710/959/1302 720/966/1309 732/960/1310
f 721/919/1249 820/921/1252 719/967/1311
f 719/967/1311 820/921/1252 819/968/1312
f 703/969/1313 722/970/1314 709/965/1315
f 709/965/1315 722/970/1316 720/966/1309
f 744/971/1317 745/972/1318 743/973/1319
f 743/973/1319 745/972/1318 746/974/1320
f 747/975/1321 757/976/1322 748/977/1323
f 748/977/1323 757/976/1322 758/978/1324
f 750/979/1325 749/980/1326 754/981/1327
f 754/981/1327 749/980/1326 753/982/1328
f 757/976/1322 747/975/1321 744/971/1317
f 744/971/1317 747/975/1321 745/972/1318
f 749/980/1329 748/977/1323 753/982/1328
f 753/982/1330 748/977/1323 758/978/1324
f 796/983/1331 738/984/1332 814/985/1333
f 814/985/1333 738/984/1332 815/986/1334
f 815/986/1334 738/984/1332 735/957/1335
f 802/987/1336 824/988/1337 803/989/1338
f 803/989/1338 824/988/1337 756/990/1339
f 802/987/1336 825/991/1340 824/988/1337
f 740/924/1341 712/953/1342 827/926/1343
f 827/926/1343 712/953/1294 828/954/1296
f 735/957/1335 816/958/1301 815/986/1334
f 800/992/1344 833/993/1345 799/962/1305
f 799/962/1305 833/993/1345 832/964/1307
f 762/994/1346 763/995/1347 785/996/1348
f 785/996/1348 763/995/1347 786/997/1349
f 767/998/1350 766/999/1351 768/1000/1352
f 768/1000/1352 766/999/1351 769/1001/1353
f 782/1002/1354 772/1003/1355 783/1004/1356
f 783/1004/1356 772/1003/1355 773/1005/1357
f 778/1006/1358 777/1007/1359 779/1008/1360
f 779/1008/1360 777/1007/1359 776/1009/1361
f 766/999/1351 699/930/1262 769/1001/1353
f 769/1001/1353 699/930/1262 715/928/1259
f 777/1007/1359 778/1006/1358 703/969/1313
f 703/969/1313 778/1006/1358 722/970/1314
f 779/1008/1360 776/1009/1361 773/1005/1357
f 773/1005/1357 776/1009/1361 783/1004/1356
f 772/1003/1355 782/1002/1354 810/1010/1362
f 810/1010/1362 782/1002/1354 811/1011/1363
f 785/996/1348 767/998/1350 762/994/1346
f 762/994/1346 767/998/1364 768/1000/1352
f 807/1012/1365 761/1013/1366 808/1014/1367
f 808/1014/1367 761/1013/1368 784/1015/1369
f 789/1016/1370 788/1017/1371 790/1018/1372
f 790/1018/1373 788/1017/1371 787/1019/1374
f 792/1020/1375 791/1021/1376 794/1022/1377
f 794/1022/1377 791/1021/1376 793/1023/1378
f 788/1017/1371 789/1016/1370 700/951/1289
f 700/951/1289 789/1016/1370 734/952/1290
f 791/1021/1376 702/947/1285 793/1023/1378
f 793/1023/1378 702/947/1285 737/949/1287
f 790/1018/1372 787/1019/1374 746/974/1320
f 746/974/1320 787/1019/1374 743/973/1319
f 754/981/1327 792/1020/1379 750/979/1380
f 750/979/1325 792/1020/1381 794/1022/1382
f 795/1024/1383 813/1025/1384 752/1026/1385
f 752/1026/1385 813/1025/1386 812/1027/1387
f 781/920/1250 780/1028/1388 821/922/1253
f 821/922/1253 780/1028/1388 822/1029/1389
f 801/1030/1390 834/1031/1391 800/992/1344
f 800/992/1344 834/1031/1391 833/993/1345
f 770/1032/1392 809/1033/1393 823/1034/1394
f 823/1034/1394 809/1033/1395 760/1035/1396
f 770/1032/1392 823/1034/1394 771/1036/1397
f 771/1036/1397 823/1034/1394 822/1029/1398
f 801/1030/1390 760/1035/1396 835/1037/1399
f 835/1037/1399 760/1035/1396 806/1038/1400
f 801/1030/1401 835/1037/1399 834/1031/1391
f 834/1031/1391 835/1037/1399 764/1039/1402
f 806/1038/1400 760/1035/1396 759/1040/1403
f 759/1040/1404 760/1035/1396 809/1033/1395
f 822/1029/1389 780/1028/1405 771/1036/1397
f 796/983/1331 814/985/1333 795/1024/1406
f 795/1024/1407 814/985/1333 813/1025/1408
f 802/987/1336 739/923/1254 825/991/1340
f 825/991/1340 739/923/1254 826/925/1256
f 742/1041/1409 812/1027/1387 803/989/1338
f 803/989/1338 812/1027/1387 802/987/1336
f 742/1041/1409 803/989/1338 741/1042/1410
f 741/1042/1410 803/989/1338 756/990/1339
f 756/990/1339 824/988/1411 755/1043/1412
f 755/1043/1412 824/988/1337 797/1044/1413
f 797/1044/1413 824/988/1337 825/991/1340
f 719/967/1311 819/968/1312 731/939/1273
f 731/939/1273 819/968/1312 818/940/1274
f 805/934/1267 804/961/1304 830/936/1270
f 830/936/1270 804/961/1304 831/963/1306
f 808/1014/1367 786/997/1349 807/1012/1414
f 807/1012/1365 786/997/1349 763/995/1347
f 811/1011/1363 784/1045/1369 810/1010/1415
f 810/1010/1415 784/1045/1369 761/1046/1416
f 813/1025/1386 802/987/1336 812/1027/1387
f 813/1025/1384 814/985/1333 802/987/1336
f 802/987/1336 814/985/1333 739/923/1254
f 814/985/1333 815/986/1334 739/923/1254
f 739/923/1417 815/986/1334 740/924/1418
f 815/986/1334 816/958/1301 740/924/1418
f 740/924/1418 816/958/1419 712/953/1342
f 816/958/1301 817/942/1420 712/953/1294
f 712/953/1294 817/942/1276 711/933/1266
f 817/942/1421 818/940/1274 711/933/1297
f 711/933/1295 818/940/1274 805/934/1269
f 818/940/1274 819/968/1312 805/934/1269
f 805/934/1269 819/968/1312 804/961/1304
f 820/921/1252 799/962/1305 819/968/1312
f 819/968/1312 799/962/1305 804/961/1304
f 820/921/1252 821/922/1253 799/962/1305
f 799/962/1305 821/922/1253 800/992/1344
f 821/922/1253 822/1029/1389 800/992/1344
f 800/992/1344 822/1029/1389 801/1030/1401
f 760/1035/1396 801/1030/1390 823/1034/1394
f 823/1034/1394 801/1030/1401 822/1029/1398
f 797/1044/1413 825/991/1340 798/1047/1422
f 798/1047/1422 825/991/1340 826/925/1256
f 826/925/1256 733/1048/1423 798/1047/1422
f 826/925/1256 827/926/1343 733/1048/1423
f 733/1048/1424 827/926/1257 726/1049/1425
f 827/926/1343 828/954/1296 726/1049/1425
f 726/1049/1425 828/954/1296 727/1050/1426
f 828/954/1296 829/935/1268 727/1050/1426
f 727/1050/1426 829/935/1427 723/1051/1428
f 829/935/1268 830/936/1270 723/1051/1429
f 723/1051/1429 830/936/1270 718/1052/1430
f 830/936/1270 831/963/1431 718/1052/1430
f 718/1052/1430 831/963/1306 714/1053/1432
f 831/963/1306 832/964/1307 714/1053/1432
f 714/1053/1432 832/964/1433 716/1054/1434
f 833/993/1345 774/1055/1435 832/964/1307
f 832/964/1307 774/1055/1435 716/1054/1434
f 834/1031/1391 775/1056/1436 833/993/1345
f 833/993/1345 775/1056/1436 774/1055/1437
f 764/1039/1402 775/1056/1436 834/1031/1438
f 806/1038/1400 765/1057/1439 835/1037/1399
f 835/1037/1399 765/1057/1439 764/1039/1402
f 742/1041/1409 751/1058/1440 812/1027/1387
f 812/1027/1387 751/1058/1441 752/1026/1385
f 746/1059/1320 745/1060/1442 863/1061/1443
f 863/1061/1443 745/1060/1318 864/1062/1444
f 747/1063/1321 865/1064/1445 745/1060/1318
f 745/1060/1318 865/1064/1445 864/1062/1444
f 748/1065/1323 866/1066/1446 747/1063/1321
f 747/1063/1321 866/1066/1446 865/1064/1447
f 749/1067/1448 867/1068/1449 748/1065/1323
f 748/1065/1450 867/1068/1451 866/1066/1446
f 750/1069/1380 868/1070/1452 749/1067/1453
f 749/1067/1453 868/1070/1452 867/1068/1454
f 794/1071/1382 869/1072/1455 750/1069/1325
f 750/1069/1380 869/1072/1456 868/1070/1452
f 793/1073/1457 836/1074/1458 794/1071/1382
f 794/1071/1382 836/1074/1458 869/1072/1456
f 793/1073/1459 737/1075/1287 836/1074/1458
f 836/1074/1458 737/1075/1287 837/1076/1460
f 737/1075/1287 736/1077/1288 837/1076/1461
f 837/1076/1461 736/1077/1288 838/1078/1462
f 736/1077/1288 730/1079/1298 838/1078/1463
f 838/1078/1462 730/1079/1464 839/1080/1465
f 730/1079/1298 732/1081/1310 839/1080/1465
f 839/1080/1465 732/1081/1310 840/1082/1466
f 732/1081/1303 720/1083/1309 840/1082/1467
f 840/1082/1467 720/1083/1309 841/1084/1468
f 722/1085/1316 842/1086/1469 720/1083/1309
f 720/1083/1309 842/1086/1469 841/1084/1468
f 778/1087/1358 843/1088/1470 722/1085/1316
f 722/1085/1316 843/1088/1470 842/1086/1471
f 779/1089/1472 844/1090/1473 778/1087/1358
f 778/1087/1358 844/1090/1474 843/1088/1470
f 773/1091/1357 845/1092/1475 779/1089/1476
f 779/1089/1472 845/1092/1475 844/1090/1473
f 772/1093/1355 846/1094/1477 773/1091/1357
f 773/1091/1357 846/1094/1477 845/1092/1475
f 810/1095/1362 847/1096/1478 772/1093/1355
f 772/1093/1355 847/1096/1479 846/1094/1477
f 761/1097/1368 848/1098/1480 810/1095/1362
f 810/1095/1415 848/1098/1481 847/1096/1478
f 761/1097/1416 807/1099/1365 848/1098/1481
f 848/1098/1480 807/1099/1365 849/1100/1482
f 807/1099/1365 763/1101/1483 849/1100/1482
f 849/1100/1482 763/1101/1347 850/1102/1484
f 763/1101/1485 762/1103/1346 850/1102/1484
f 850/1102/1484 762/1103/1346 851/1104/1486
f 762/1103/1346 768/1105/1487 851/1104/1486
f 851/1104/1486 768/1105/1487 852/1106/1488
f 768/1105/1352 769/1107/1489 852/1106/1488
f 852/1106/1488 769/1107/1489 853/1108/1490
f 769/1107/1489 715/1109/1259 853/1108/1490
f 853/1108/1491 715/1109/1259 854/1110/1492
f 715/1109/1261 713/1111/1258 854/1110/1493
f 854/1110/1492 713/1111/1258 855/1112/1494
f 713/1111/1258 717/1113/1263 855/1112/1494
f 855/1112/1495 717/1113/1496 856/1114/1497
f 724/1115/1272 857/1116/1498 717/1113/1263
f 717/1113/1496 857/1116/1499 856/1114/1497
f 724/1115/1272 728/1117/1279 857/1116/1499
f 857/1116/1500 728/1117/1279 858/1118/1501
f 728/1117/1279 725/1119/1502 858/1118/1503
f 858/1118/1504 725/1119/1293 859/1120/1505
f 725/1119/1506 734/1121/1292 859/1120/1507
f 859/1120/1505 734/1121/1508 860/1122/1509
f 734/1121/1290 789/1123/1370 860/1122/1509
f 860/1122/1509 789/1123/1510 861/1124/1511
f 789/1123/1370 790/1125/1372 861/1124/1511
f 861/1124/1511 790/1125/1372 862/1126/1512
f 790/1125/1513 746/1059/1320 862/1126/1512
f 862/1126/1512 746/1059/1514 863/1061/1515
f 738/984/1332 796/983/1331 837/1076/1461
f 837/1076/1460 796/983/1331 836/1074/1458
f 735/957/1335 738/984/1332 838/1078/1462
f 838/1078/1463 738/984/1332 837/1076/1460
f 729/941/1275 735/957/1335 839/1080/1465
f 839/1080/1516 735/957/1335 838/1078/1462
f 729/941/1275 839/1080/1465 731/939/1273
f 731/939/1273 839/1080/1465 840/1082/1466
f 731/939/1273 840/1082/1466 719/967/1517
f 719/967/1311 840/1082/1466 841/1084/1468
f 719/967/1517 841/1084/1468 721/919/1249
f 721/919/1249 841/1084/1468 842/1086/1518
f 721/919/1249 842/1086/1518 781/920/1519
f 781/920/1250 842/1086/1518 843/1088/1520
f 781/920/1250 843/1088/1470 780/1028/1388
f 780/1028/1388 843/1088/1470 844/1090/1473
f 780/1028/1388 844/1090/1473 771/1036/1397
f 771/1036/1397 844/1090/1474 845/1092/1475
f 771/1036/1397 845/1092/1475 770/1032/1392
f 770/1032/1392 845/1092/1475 846/1094/1477
f 770/1032/1392 846/1094/1477 809/1033/1395
f 809/1033/1395 846/1094/1477 847/1096/1479
f 809/1033/1395 847/1096/1478 759/1040/1404
f 759/1040/1404 847/1096/1478 848/1098/1480
f 806/1038/1521 759/1040/1403 849/1100/1482
f 849/1100/1482 759/1040/1403 848/1098/1480
f 765/1057/1439 806/1038/1400 850/1102/1484
f 850/1102/1484 806/1038/1400 849/1100/1482
f 764/1039/1402 765/1057/1439 851/1104/1486
f 851/1104/1486 765/1057/1439 850/1102/1484
f 775/1056/1436 764/1039/1402 852/1106/1488
f 852/1106/1488 764/1039/1402 851/1104/1486
f 774/1055/1435 775/1056/1436 853/1108/1491
f 853/1108/1522 775/1056/1436 852/1106/1523
f 716/1054/1524 774/1055/1435 854/1110/1525
f 854/1110/1526 774/1055/1435 853/1108/1522
f 714/1053/1432 716/1054/1527 855/1112/1528
f 855/1112/1494 716/1054/1434 854/1110/1492
f 718/1052/1529 714/1053/1432 856/1114/1497
f 856/1114/1497 714/1053/1432 855/1112/1494
f 723/1051/1429 718/1052/1430 857/1116/1499
f 857/1116/1530 718/1052/1430 856/1114/1497
f 723/1051/1429 857/1116/1499 727/1050/1426
f 727/1050/1426 857/1116/1499 858/1118/1504
f 727/1050/1426 858/1118/1504 726/1049/1425
f 726/1049/1425 858/1118/1501 859/1120/1531
f 726/1049/1425 859/1120/1505 733/1048/1423
f 733/1048/1424 859/1120/1532 860/1122/1533
f 733/1048/1423 860/1122/1509 798/1047/1422
f 798/1047/1422 860/1122/1534 861/1124/1511
f 798/1047/1422 861/1124/1535 797/1044/1413
f 797/1044/1413 861/1124/1511 862/1126/1512
f 797/1044/1536 862/1126/1512 755/1043/1412
f 755/1043/1412 862/1126/1512 863/1061/1537
f 755/1043/1412 863/1061/1443 756/990/1339
f 756/990/1339 863/1061/1537 864/1062/1444
f 756/990/1339 864/1062/1444 741/1042/1410
f 741/1042/1410 864/1062/1444 865/1064/1445
f 741/1042/1410 865/1064/1538 742/1041/1409
f 742/1041/1409 865/1064/1538 866/1066/1446
f 742/1041/1409 866/1066/1446 751/1058/1441
f 751/1058/1539 866/1066/1540 867/1068/1454
f 752/1026/1385 751/1058/1441 868/1070/1452
f 868/1070/1452 751/1058/1539 867/1068/1454
f 868/1070/1452 869/1072/1456 752/1026/1385
f 752/1026/1385 869/1072/1456 795/1024/1383
f 796/983/1541 795/1024/1383 836/1074/1458
f 836/1074/1458 795/1024/1407 869/1072/1542
f 1732/1127/1543 1368/1128/1544 1369/1129/1545
f 1369/1129/1545 1368/1128/1544 943/1130/1546
f 930/1131/1547 1405/1132/1548 1163/1133/1549
f 1163/1133/1549 1405/1132/1548 1162/1134/1550
f 1405/1132/1548 928/1135/1551 1164/1136/1552
f 1164/1136/1552 928/1135/1553 1156/1137/1554
f 1724/1138/1555 1760/1139/1556 1722/1140/1557
f 1722/1140/1557 1760/1139/1556 1393/1141/1558
f 982/1142/1559 1055/1143/1560 1022/1144/1561
f 1022/1144/1561 1055/1143/1560 1382/1145/1562
f 1407/1146/1563 1369/1129/1545 1381/1147/1564
f 1381/1147/1564 1369/1129/1545 1057/1148/1565
f 1751/1149/1566 1752/1150/1567 1151/1151/1568
f 1151/1151/1569 1752/1150/1567 1371/1152/1570
f 1753/1153/1571 1757/1154/1572 1759/1155/1573
f 1759/1155/1573 1757/1154/1572 1758/1156/1574
f 1024/1157/1575 1026/1158/1576 1730/1159/1577
f 1730/1159/1578 1026/1158/1576 1056/1160/1579
f 1733/1161/1580 877/1162/1581 1401/1163/1582
f 1401/1163/1582 877/1162/1581 1407/1146/1563
f 1384/1164/1583 1023/1165/1584 1055/1143/1560
f 1055/1143/1560 1023/1165/1584 1382/1145/1562
f 1025/1166/1585 1061/1167/1586 971/1168/1587
f 971/1168/1587 1061/1167/1586 1731/1169/1588
f 1023/1165/1584 1384/1164/1589 1051/1170/1590
f 1051/1170/1591 1384/1164/1589 1052/1171/1592
f 1403/1172/1593 1404/1173/1594 1734/1174/1595
f 1734/1174/1595 1404/1173/1594 872/1175/1596
f 1023/1165/1584 963/1176/1597 1382/1145/1562
f 1382/1145/1598 963/1176/1597 1053/1177/1599
f 943/1130/1546 1368/1128/1544 886/1178/1600
f 886/1178/1601 1368/1128/1544 871/1179/1602
f 1053/1177/1599 1054/1180/1603 961/1181/1604
f 961/1181/1604 1054/1180/1605 1381/1147/1564
f 929/1182/1606 933/1183/1607 1160/1184/1608
f 1160/1184/1609 933/1183/1607 930/1131/1610
f 1115/1185/1611 1117/1186/1612 1127/1187/1613
f 1127/1187/1613 1117/1186/1612 1125/1188/1614
f 1750/1189/1615 1751/1149/1566 1418/1190/1616
f 1418/1190/1616 1751/1149/1566 1151/1151/1617
f 1152/1191/1618 1027/1192/1619 1114/1193/1620
f 1114/1193/1620 1027/1192/1619 1735/1194/1621
f 1737/1195/1622 1007/1196/1623 1747/1197/1624
f 1747/1197/1624 1007/1196/1625 983/1198/1626
f 1156/1137/1627 928/1135/1553 1154/1199/1628
f 1154/1199/1628 928/1135/1553 1158/1200/1629
f 1420/1201/1630 1115/1185/1631 1118/1202/1632
f 1158/1200/1629 1157/1203/1633 1154/1199/1628
f 1154/1199/1628 1157/1203/1634 1155/1204/1635
f 1761/1205/1636 1116/1206/1637 1762/1207/1638
f 1762/1207/1639 1116/1206/1637 1015/1208/1640
f 1120/1209/1641 1121/1210/1642 1152/1191/1643
f 1152/1191/1644 1121/1210/1642 1761/1205/1645
f 1116/1206/1646 1761/1205/1645 1123/1211/1647
f 1123/1211/1647 1761/1205/1645 1121/1210/1642
f 1052/1171/1592 1383/1212/1648 981/1213/1649
f 981/1213/1649 1383/1212/1648 1385/1214/1650
f 981/1213/1649 1385/1214/1650 1422/1215/1651
f 1422/1215/1651 1385/1214/1650 1386/1216/1652
f 1165/1217/1653 1160/1184/1609 930/1131/1610
f 929/1182/1606 1160/1184/1609 1153/1218/1654
f 1110/1219/1655 1163/1133/1656 1112/1220/1657
f 1112/1220/1657 1163/1133/1656 1162/1134/1658
f 1106/1221/1659 1105/1222/1660 1153/1218/1661
f 1153/1218/1661 1105/1222/1662 1768/1223/1663
f 1106/1221/1659 1153/1218/1661 1108/1224/1664
f 1108/1224/1664 1153/1218/1661 1160/1184/1665
f 1368/1128/1544 1732/1127/1666 1380/1225/1667
f 1047/1226/1668 1410/1227/1669 1045/1228/1670
f 1045/1228/1670 1410/1227/1671 1415/1229/1672
f 1394/1230/1673 1360/1231/1674 1555/1232/1675
f 1555/1232/1676 1360/1231/1677 1563/1233/1678
f 1553/1234/1679 1367/1235/1680 1554/1236/1681
f 1554/1236/1681 1367/1235/1680 1395/1237/1682
f 1563/1233/1683 1360/1231/1674 1455/1238/1684
f 1455/1238/1684 1360/1231/1677 1357/1239/1685
f 1553/1234/1686 1429/1240/1687 1367/1235/1680
f 1367/1235/1680 1429/1240/1687 1365/1241/1688
f 976/1242/1689 1717/1243/1690 991/1244/1691
f 1719/1245/1692 1720/1246/1693 989/1247/1694
f 989/1247/1694 1720/1246/1695 1783/1248/1696
f 1712/1249/1697 985/1250/1698 974/1251/1699
f 985/1250/1698 1712/1249/1697 987/1252/1700
f 987/1252/1701 1712/1249/1697 1709/1253/1702
f 1723/1254/1703 1392/1255/1704 1727/1256/1705
f 1727/1256/1705 1392/1255/1704 1390/1257/1706
f 1729/1258/1707 1043/1259/1708 1726/1260/1709
f 1726/1260/1709 1043/1259/1710 1780/1261/1711
f 1729/1258/1707 1727/1256/1705 1043/1259/1708
f 1712/1249/1697 974/1251/1699 1713/1262/1712
f 1713/1262/1713 974/1251/1699 988/1263/1714
f 1709/1253/1702 1714/1264/1715 987/1252/1701
f 987/1252/1700 1714/1264/1715 986/1265/1716
f 1714/1264/1715 1710/1266/1717 986/1265/1716
f 986/1265/1716 1710/1266/1717 976/1242/1689
f 1717/1243/1718 1718/1267/1719 991/1244/1691
f 991/1244/1720 1718/1267/1719 992/1268/1721
f 1720/1246/1693 1721/1269/1722 1783/1248/1723
f 1783/1248/1723 1721/1269/1722 1782/1270/1724
f 1040/1271/1725 1772/1272/1726 1044/1273/1727
f 1044/1273/1727 1772/1272/1726 1773/1274/1728
f 1102/1275/1729 1705/1276/1730 1707/1277/1731
f 1234/1278/1732 1704/1279/1733 1706/1280/1734
f 1390/1257/1706 1389/1281/1735 1043/1259/1710
f 1043/1259/1736 1389/1281/1735 1037/1282/1737
f 1723/1254/1703 1722/1140/1738 1392/1255/1704
f 1392/1255/1704 1722/1140/1557 1393/1141/1739
f 1728/1283/1740 1716/1284/1741 972/1285/1742
f 972/1285/1742 1716/1284/1741 1028/1286/1743
f 1028/1286/1743 1716/1284/1741 968/1287/1744
f 968/1287/1744 1716/1284/1741 1715/1288/1745
f 1711/1289/1746 988/1263/1714 1715/1288/1747
f 1715/1288/1747 988/1263/1714 968/1287/1744
f 1281/1290/1748 1700/1291/1749 1698/1292/1750
f 1697/1293/1751 1319/1294/1752 1350/1295/1753
f 1350/1295/1754 1319/1294/1752 1261/1296/1755
f 1698/1292/1750 1699/1297/1756 1350/1295/1753
f 908/1298/1757 887/1299/1758 916/1300/1759
f 916/1300/1759 887/1299/1758 915/1301/1760
f 959/1302/1761 1158/1200/1629 925/1303/1762
f 925/1303/1763 1158/1200/1629 928/1135/1553
f 1022/1144/1764 961/1304/1604 1059/1305/1765
f 1059/1305/1766 961/1304/1604 1058/1306/1767
f 1044/1273/1768 1773/1274/1728 1041/1307/1769
f 1041/1307/1769 1773/1274/1770 1774/1308/1771
f 1422/1215/1651 1386/1216/1772 1421/1309/1773
f 1421/1309/1773 1386/1216/1774 1387/1310/1775
f 1425/1311/1776 1389/1281/1777 1424/1312/1778
f 1424/1312/1778 1389/1281/1735 1390/1257/1706
f 1030/1313/1779 978/1314/1780 1033/1315/1781
f 1033/1315/1781 978/1314/1780 1002/1316/1782
f 1001/1317/1783 1042/1318/1784 969/1319/1785
f 969/1319/1785 1042/1318/1784 1032/1320/1786
f 1017/1321/1787 1048/1322/1788 984/1323/1789
f 984/1323/1789 1048/1322/1788 1046/1324/1790
f 1399/1325/1791 1400/1326/1792 876/1327/1793
f 876/1327/1793 1400/1326/1792 927/1328/1794
f 1404/1173/1594 1396/1329/1795 872/1175/1596
f 872/1175/1596 1396/1329/1796 923/1330/1797
f 902/1331/1798 903/1332/1799 873/1333/1800
f 873/1333/1801 903/1332/1802 883/1334/1803
f 933/1183/1607 929/1182/1804 932/1335/1805
f 932/1335/1805 929/1182/1804 878/1336/1806
f 1138/1337/1807 1120/1209/1808 1137/1338/1809
f 1137/1338/1809 1120/1209/1808 1119/1339/1810
f 1109/1340/1811 1148/1341/1812 1113/1342/1813
f 1113/1342/1814 1148/1341/1812 1149/1343/1815
f 1108/1224/1664 1160/1184/1665 1111/1344/1816
f 1111/1344/1816 1160/1184/1665 1165/1217/1817
f 1077/1345/1818 1181/1346/1819 1066/1347/1820
f 1066/1347/1820 1181/1346/1821 1183/1348/1822
f 1072/1349/1823 1085/1350/1824 1204/1351/1825
f 1204/1351/1825 1085/1350/1824 1206/1352/1826
f 1213/1353/1827 1212/1354/1828 1080/1355/1829
f 1080/1355/1829 1212/1354/1830 1174/1356/1831
f 1219/1357/1832 1216/1358/1833 1181/1346/1821
f 1181/1346/1821 1216/1358/1833 1078/1359/1834
f 1190/1360/1835 1225/1361/1836 1075/1362/1837
f 1075/1362/1837 1225/1361/1838 1222/1363/1839
f 1233/1364/1840 1205/1365/1841 1231/1366/1842
f 1231/1366/1843 1205/1365/1841 1096/1367/1844
f 1389/1281/1735 1388/1368/1845 1037/1282/1737
f 1037/1282/1737 1388/1368/1846 1039/1369/1847
f 1257/1370/1848 1246/1371/1849 1295/1372/1850
f 1295/1372/1850 1246/1371/1849 1294/1373/1851
f 1252/1374/1852 1314/1375/1853 1241/1376/1854
f 1241/1376/1854 1314/1375/1853 1312/1377/1855
f 1328/1378/1856 1290/1379/1857 1327/1380/1858
f 1327/1380/1859 1290/1379/1857 1262/1381/1860
f 1334/1382/1861 1256/1383/1862 1335/1384/1863
f 1335/1384/1864 1256/1383/1862 1297/1385/1865
f 1253/1386/1866 1306/1387/1867 1340/1388/1868
f 1340/1388/1869 1306/1387/1870 1341/1389/1871
f 1277/1390/1872 1317/1391/1873 1276/1392/1874
f 1276/1392/1874 1317/1391/1873 1316/1393/1875
f 1414/1394/1876 956/1395/1877 1412/1396/1878
f 1412/1396/1878 956/1395/1877 954/1397/1879
f 1274/1398/1880 1321/1399/1881 1456/1400/1882
f 1456/1400/1882 1321/1399/1881 1428/1401/1883
f 1513/1402/1884 1266/1403/1885 1516/1404/1886
f 1266/1403/1885 1305/1405/1887 1516/1404/1886
f 1516/1404/1886 1305/1405/1887 1512/1406/1888
f 1462/1407/1889 1286/1408/1890 1457/1409/1891
f 1457/1409/1891 1286/1408/1890 1273/1410/1892
f 1197/1411/1893 1538/1412/1894 1081/1413/1895
f 1081/1413/1895 1538/1412/1896 1531/1414/1897
f 1180/1415/1898 1090/1416/1899 1498/1417/1900
f 1498/1417/1900 1090/1416/1899 1496/1418/1901
f 1358/1419/1902 1359/1420/1903 1450/1421/1904
f 1450/1421/1904 1359/1420/1903 1431/1422/1905
f 1468/1423/1906 1465/1424/1907 1469/1425/1908
f 1469/1425/1909 1465/1424/1907 1466/1426/1910
f 1506/1427/1911 1510/1428/1912 1507/1429/1913
f 1507/1429/1913 1510/1428/1912 1511/1430/1914
f 1446/1431/1915 1452/1432/1916 1447/1433/1917
f 1447/1433/1917 1452/1432/1916 1453/1434/1918
f 1495/1435/1919 1494/1436/1920 1477/1437/1921
f 1477/1437/1921 1494/1436/1920 1474/1438/1922
f 1433/1439/1923 1435/1440/1924 1436/1441/1925
f 1436/1441/1925 1435/1440/1924 1437/1442/1926
f 1068/1443/1927 1175/1444/1928 1595/1445/1929
f 1595/1445/1929 1175/1444/1928 1584/1446/1930
f 1062/1447/1931 1193/1448/1932 1638/1449/1933
f 1638/1449/1933 1193/1448/1932 1640/1450/1934
f 1248/1451/1935 1565/1452/1936 1288/1453/1937
f 1288/1453/1938 1565/1452/1936 1571/1454/1939
f 1616/1455/1940 1243/1456/1941 1619/1457/1942
f 1619/1457/1942 1243/1456/1943 1308/1458/1944
f 1487/1459/1945 1499/1460/1946 1601/1461/1947
f 1601/1461/1948 1499/1460/1946 1598/1462/1949
f 1601/1461/1948 1597/1463/1950 1487/1459/1945
f 1487/1459/1945 1597/1463/1950 1491/1464/1951
f 1606/1465/1952 1505/1466/1953 1608/1467/1954
f 1608/1467/1954 1505/1466/1953 1501/1468/1955
f 1505/1466/1953 1606/1465/1956 1515/1469/1957
f 1515/1469/1957 1606/1465/1956 1609/1470/1958
f 1481/1471/1959 1588/1472/1960 1477/1473/1961
f 1477/1473/1961 1588/1472/1962 1592/1474/1963
f 1588/1472/1962 1481/1471/1959 1574/1475/1964
f 1574/1475/1964 1481/1471/1959 1476/1476/1965
f 1429/1240/1687 1553/1234/1686 1459/1477/1966
f 1459/1477/1966 1553/1234/1686 1549/1478/1967
f 1610/1479/1968 1602/1480/1969 1599/1481/1970
f 1599/1481/1970 1602/1480/1969 1603/1482/1971
f 1635/1483/1972 1636/1484/1973 1631/1485/1974
f 1631/1485/1975 1636/1484/1973 1632/1486/1976
f 1591/1487/1977 1592/1488/1978 1586/1489/1979
f 1586/1489/1979 1592/1488/1980 1588/1490/1981
f 1546/1491/1982 1552/1492/1983 1554/1493/1984
f 1554/1493/1984 1552/1492/1983 1553/1494/1985
f 1689/1495/1986 1694/1496/1987 1410/1227/1988
f 1410/1227/1989 1694/1496/1987 1415/1229/1990
f 1725/1497/1991 1721/1498/1992 1654/1499/1993
f 1654/1499/1993 1721/1498/1994 1655/1500/1995
f 1709/1501/1996 1662/1502/1997 1714/1503/1998
f 1714/1503/1999 1662/1502/1997 1661/1504/2000
f 1670/1505/2001 1704/1506/2002 1671/1507/2003
f 1671/1507/2003 1704/1506/2002 1696/1508/2004
f 912/1509/2005 913/1510/2006 871/1179/1602
f 871/1179/1602 913/1510/2006 886/1178/1600
f 945/1511/2007 950/1512/2008 892/1513/2009
f 892/1513/2009 950/1512/2010 949/1514/2011
f 939/1515/2012 962/1516/2013 956/1395/1877
f 956/1395/2014 962/1516/2015 935/1517/2016
f 998/1518/2017 1044/1273/1727 977/1519/2018
f 977/1519/2018 1044/1273/1768 1041/1307/1769
f 1419/1520/2019 1392/1255/1704 1420/1201/2020
f 1420/1201/2020 1392/1255/2021 1393/1141/1558
f 959/1302/1761 1013/1521/2022 1158/1200/1629
f 1158/1200/1629 1013/1521/2022 1157/1203/2023
f 1013/1521/2022 959/1302/1761 1014/1522/2024
f 1014/1522/2025 959/1302/1761 966/1523/2026
f 960/1524/2027 1008/1525/2028 964/1526/2029
f 964/1526/2029 1008/1525/2028 1010/1527/2030
f 986/1265/1716 880/1528/2031 987/1252/1701
f 987/1252/1700 880/1528/2032 899/1529/2033
f 1406/1530/2034 1400/1326/2035 925/1303/1763
f 925/1303/1763 1400/1326/2035 926/1531/2036
f 952/1532/2037 931/1533/2038 951/1534/2039
f 951/1534/2039 931/1533/2038 890/1535/2040
f 1021/1536/2041 988/1263/1714 1016/1537/2042
f 1016/1537/2042 988/1263/1714 974/1251/1699
f 1734/1174/2043 941/1538/2044 1403/1172/2045
f 1403/1172/1593 941/1538/2044 1402/1539/2046
f 906/1540/2047 898/1541/2048 905/1542/2049
f 905/1542/2050 898/1541/2051 880/1543/2032
f 1135/1544/2052 1136/1545/2053 1105/1222/2054
f 1105/1222/2054 1136/1545/2053 1104/1546/2055
f 1148/1341/2056 1109/1340/2057 1147/1547/2058
f 1147/1547/2058 1109/1340/2059 1103/1548/2060
f 1155/1204/2061 1118/1202/2062 1124/1549/2063
f 1124/1549/2063 1118/1202/2062 1128/1550/2064
f 1107/1551/2065 1162/1134/2066 1113/1342/2067
f 1113/1342/2067 1162/1134/1658 1164/1136/2068
f 1378/1552/2069 1377/1553/2070 911/1554/2071
f 911/1554/2071 1377/1553/2070 873/1333/1800
f 1179/1555/2072 1079/1556/2073 1178/1557/2074
f 1178/1557/2074 1079/1556/2073 1068/1443/1927
f 1212/1354/1830 1213/1353/1827 1173/1558/2075
f 1173/1558/2076 1213/1353/1827 1092/1559/2077
f 1216/1358/1833 1219/1357/2078 1090/1416/1899
f 1090/1416/1899 1219/1357/1832 1182/1560/2079
f 1225/1361/1836 1191/1561/2080 1222/1363/1839
f 1222/1363/2081 1191/1561/2080 1087/1562/2082
f 1102/1275/1729 1232/1563/2083 1705/1276/1730
f 1705/1276/1730 1232/1563/2084 1234/1278/2085
f 944/1564/2086 917/1565/2087 1057/1148/1565
f 1057/1148/1565 917/1565/2087 1058/1566/1767
f 1384/1164/1583 1055/1143/1560 1026/1158/1576
f 1026/1158/1576 1055/1143/1560 1056/1160/1579
f 1386/1216/1772 1036/1567/2088 1387/1310/1775
f 1387/1310/1775 1036/1567/2088 1034/1568/2089
f 1258/1569/2090 1247/1570/2091 1293/1571/2092
f 1293/1571/2092 1247/1570/2091 1291/1572/2093
f 1311/1573/2094 1252/1374/1852 1309/1574/2095
f 1309/1574/2095 1252/1374/1852 1241/1376/2096
f 1327/1380/1859 1272/1575/2097 1328/1378/2098
f 1328/1378/1856 1272/1575/2097 1289/1576/2099
f 1335/1384/1864 1298/1577/2100 1334/1382/1861
f 1334/1382/1861 1298/1577/2101 1268/1578/2102
f 1340/1388/2103 1341/1389/2104 1265/1579/2105
f 1265/1579/2106 1341/1389/1871 1307/1580/2107
f 1315/1581/2108 1275/1582/2109 1345/1583/2110
f 1345/1583/2111 1275/1582/2109 1347/1584/2112
f 1281/1290/1748 1351/1585/2113 1700/1291/1749
f 1700/1291/1749 1351/1585/2114 1701/1586/2115
f 1439/1587/2116 1319/1294/1752 1430/1588/2117
f 1430/1588/2117 1319/1294/1752 1239/1589/2118
f 1267/1590/2119 1512/1406/1888 1305/1405/1887
f 1472/1591/2120 1272/1575/2097 1462/1407/1889
f 1462/1407/1889 1272/1575/2097 1286/1408/1890
f 1443/1592/2121 1100/1593/2122 1446/1594/2123
f 1446/1594/2123 1100/1593/2122 1199/1595/2124
f 1091/1596/2125 1180/1415/1898 1484/1597/2126
f 1484/1597/2127 1180/1415/1898 1498/1417/1900
f 1447/1598/2128 1453/1599/2129 1356/1600/2130
f 1357/1239/1685 1356/1600/2131 1455/1238/1684
f 1455/1238/1684 1356/1600/2131 1453/1599/2129
f 1464/1601/2132 1468/1423/1906 1467/1602/2133
f 1467/1602/2133 1468/1423/1906 1469/1425/2134
f 1510/1428/1912 1540/1603/2135 1511/1430/2136
f 1511/1430/2136 1540/1603/2135 1543/1604/2137
f 1442/1605/2138 1444/1606/2139 1449/1607/2140
f 1449/1607/2140 1444/1606/2139 1450/1608/2141
f 1494/1436/1920 1495/1435/2142 1492/1609/2143
f 1492/1609/2144 1495/1435/1919 1493/1610/2145
f 1528/1611/2146 1521/1612/2147 1529/1613/2148
f 1529/1613/2148 1521/1612/2147 1522/1614/2149
f 1175/1444/2150 1069/1615/2151 1584/1446/1930
f 1584/1446/1930 1069/1615/2151 1576/1616/2152
f 1640/1450/1934 1193/1448/1932 1637/1617/2153
f 1637/1617/2153 1193/1448/1932 1063/1618/2154
f 1288/1453/1937 1571/1454/1939 1249/1619/2155
f 1249/1619/2155 1571/1454/1939 1564/1620/2156
f 1619/1457/1942 1308/1458/1944 1630/1621/2157
f 1630/1621/2157 1308/1458/1944 1242/1622/2158
f 1599/1623/2159 1603/1624/2160 1509/1625/2161
f 1509/1625/2161 1603/1624/2160 1497/1626/2162
f 1509/1625/2161 1507/1627/2163 1599/1623/2159
f 1599/1623/2159 1507/1627/2163 1614/1628/2164
f 1493/1629/2165 1594/1630/2166 1503/1631/2167
f 1503/1631/2167 1594/1630/2166 1590/1632/2168
f 1594/1630/2169 1493/1629/2165 1589/1633/2170
f 1589/1633/2170 1493/1629/2165 1495/1634/2171
f 1589/1633/2172 1495/1634/2171 1592/1474/1963
f 1592/1474/2173 1495/1634/2171 1477/1473/1961
f 1602/1480/1969 1596/1635/2174 1603/1482/1971
f 1603/1482/1971 1596/1635/2174 1598/1636/2175
f 1628/1637/2176 1629/1638/2177 1635/1483/1972
f 1635/1483/2178 1629/1638/2177 1636/1484/1973
f 1587/1639/2179 1589/1640/2180 1591/1487/2181
f 1591/1487/1977 1589/1640/2180 1592/1488/2182
f 1552/1492/1983 1547/1641/2183 1553/1494/1985
f 1553/1494/1985 1547/1641/2183 1549/1642/2184
f 1704/1279/1733 1203/1643/2185 1696/1644/2186
f 1696/1644/2186 1203/1643/2185 1239/1645/2118
f 1351/1585/2187 1416/1646/2188 1701/1586/2115
f 1701/1586/2115 1416/1646/2188 1695/1647/2189
f 1410/1227/1989 1409/1648/2190 1689/1495/2191
f 1689/1495/2191 1409/1648/2190 1688/1649/2192
f 1720/1650/2193 1719/1651/2194 1656/1652/2195
f 1656/1652/2196 1719/1651/2194 1657/1653/2197
f 1721/1498/1994 1720/1650/2198 1655/1500/2199
f 1655/1500/2199 1720/1650/2193 1656/1652/2195
f 1705/1654/2200 1668/1655/2201 1707/1656/2202
f 1707/1656/2202 1668/1655/2201 1667/1657/2203
f 925/1303/1763 926/1531/2036 959/1302/1761
f 959/1302/1761 926/1531/2036 966/1523/2026
f 948/1658/2204 950/1512/2010 876/1327/2205
f 876/1327/1793 950/1512/2010 924/1659/2206
f 981/1213/1649 1011/1660/2207 1052/1171/2208
f 1052/1171/2208 1011/1660/2207 1051/1170/1591
f 887/1661/1758 909/1662/2209 996/1663/2210
f 996/1663/2210 909/1662/2209 997/1664/2211
f 1028/1286/1743 1029/1665/2212 972/1285/1742
f 972/1285/1742 1029/1665/2212 1027/1192/1619
f 894/1666/2213 1011/1660/2207 965/1667/2214
f 965/1667/2215 1011/1660/2207 1012/1668/2216
f 994/1669/2217 905/1670/2050 986/1265/1716
f 986/1265/1716 905/1670/2050 880/1528/2032
f 1398/1671/2218 1399/1325/2219 924/1659/2206
f 924/1659/2206 1399/1325/2219 876/1327/1793
f 906/1540/2047 904/1672/2220 903/1332/1799
f 903/1332/1802 904/1672/2221 883/1334/1803
f 897/1673/2222 881/1674/2223 900/1675/2224
f 900/1675/2224 881/1674/2223 896/1676/2225
f 1106/1221/2226 1108/1224/2227 1134/1677/2228
f 1134/1677/2229 1108/1224/2230 1133/1678/2231
f 1146/1679/2232 1147/1547/2233 1124/1549/2234
f 1124/1549/2234 1147/1547/2233 1103/1548/2235
f 1154/1199/2236 1103/1548/2237 1156/1137/2238
f 1156/1137/2238 1103/1548/2237 1109/1340/2239
f 1117/1186/1612 1391/1680/2240 1125/1188/1614
f 1125/1188/2241 1391/1680/2240 1126/1681/2242
f 1010/1527/2243 1423/1682/2244 1009/1683/2245
f 1009/1683/2246 1423/1682/2244 1425/1311/1776
f 1107/1551/2065 1112/1220/1657 1162/1134/2066
f 938/1684/2247 1372/1685/2248 1771/1686/2249
f 1771/1686/2250 1372/1685/2248 1770/1687/2251
f 1079/1556/2073 1177/1688/2252 1068/1443/1927
f 1068/1443/1927 1177/1688/2252 1175/1444/1928
f 1062/1447/1931 1073/1689/2253 1193/1448/1932
f 1193/1448/1932 1073/1689/2253 1195/1690/2254
f 1211/1691/2255 1212/1354/1828 1093/1692/2256
f 1093/1692/2256 1212/1354/1828 1173/1558/2257
f 1219/1357/1832 1218/1693/2258 1182/1560/2079
f 1182/1560/2259 1218/1693/2258 1089/1694/2260
f 1224/1695/2261 1086/1696/2262 1225/1361/1838
f 1225/1361/1836 1086/1696/2263 1191/1561/2080
f 1231/1366/1842 1096/1367/1844 1229/1697/2264
f 1229/1697/2264 1096/1367/1844 1199/1595/2265
f 1385/1214/1650 1024/1157/1575 1386/1216/1774
f 1386/1216/1774 1024/1157/2266 1036/1567/2088
f 918/1698/2267 920/1699/2268 1397/1700/2269
f 1397/1700/2269 920/1699/2268 1398/1671/2218
f 1259/1701/2270 1248/1451/1935 1290/1379/2271
f 1290/1379/2271 1248/1451/1935 1288/1453/1937
f 1306/1387/2272 1308/1458/1944 1254/1702/2273
f 1254/1702/2273 1308/1458/1944 1243/1456/1941
f 1272/1575/2097 1327/1380/1858 1286/1408/1890
f 1286/1408/1890 1327/1380/1859 1326/1703/2274
f 1331/1704/2275 1270/1705/2276 1333/1706/2277
f 1333/1706/2277 1270/1705/2276 1296/1707/2278
f 1336/1708/2279 1267/1590/2119 1339/1709/2280
f 1339/1709/2280 1267/1590/2281 1305/1405/1887
f 1345/1583/2111 1346/1710/2282 1315/1581/2283
f 1315/1581/2108 1346/1710/2282 1279/1711/2284
f 1238/1712/2285 1344/1713/2286 1236/1714/2287
f 1236/1714/2288 1344/1713/2289 1313/1715/2290
f 1408/1716/2291 1411/1717/2292 939/1718/2293
f 939/1718/2293 1411/1717/2292 1048/1322/1788
f 1236/1714/2288 1313/1715/2290 1519/1719/2294
f 1519/1719/2294 1313/1715/2290 1528/1720/2295
f 1524/1721/2296 1307/1580/2107 1513/1402/1884
f 1513/1402/1884 1307/1580/2107 1266/1403/1885
f 1473/1722/2297 1271/1723/2298 1478/1724/2299
f 1478/1724/2300 1271/1723/2298 1289/1576/2301
f 1202/1725/2302 1100/1593/2303 1448/1726/2304
f 1448/1726/2304 1100/1593/2122 1443/1592/2305
f 1090/1416/1899 1182/1560/2259 1496/1418/2306
f 1496/1418/2306 1182/1560/2259 1508/1727/2307
f 1451/1728/2308 1445/1729/2309 1354/1730/2310
f 1354/1730/2310 1445/1729/2309 1355/1731/2311
f 1365/1241/1688 1429/1240/1687 1364/1732/2312
f 1364/1732/2312 1429/1240/1687 1427/1733/2313
f 1508/1734/2314 1506/1427/1911 1509/1735/2315
f 1509/1735/2316 1506/1427/1911 1507/1429/1913
f 1442/1605/2138 1448/1736/2317 1444/1606/2318
f 1444/1606/2139 1448/1736/2317 1451/1737/2319
f 1473/1738/2320 1476/1739/2321 1480/1740/2322
f 1480/1740/2322 1476/1739/2321 1481/1741/2323
f 1520/1742/2324 1523/1743/2325 1526/1744/2326
f 1526/1744/2326 1523/1743/2325 1527/1745/2327
f 1452/1432/1916 1454/1746/2328 1453/1434/1918
f 1453/1434/1918 1454/1746/2328 1455/1747/2329
f 1172/1748/2330 1070/1749/2331 1582/1750/2332
f 1582/1750/2332 1070/1749/2331 1575/1751/2333
f 1063/1618/2154 1192/1752/2334 1637/1617/2153
f 1637/1617/2153 1192/1752/2334 1627/1753/2335
f 1250/1754/2336 1285/1755/2337 1548/1756/2338
f 1548/1756/2338 1285/1755/2337 1569/1757/2339
f 1618/1758/2340 1303/1759/2341 1616/1455/1940
f 1616/1455/1940 1303/1759/2342 1243/1456/1943
f 1612/1760/2343 1614/1628/2164 1511/1761/2344
f 1511/1761/2344 1614/1628/2164 1507/1627/2163
f 1511/1761/2344 1543/1762/2345 1612/1760/2346
f 1612/1760/2346 1543/1762/2345 1615/1763/2347
f 1467/1764/2348 1469/1765/2349 1558/1766/2350
f 1558/1766/2350 1469/1765/2349 1561/1767/2351
f 1503/1631/2167 1590/1632/2168 1501/1468/2352
f 1501/1468/1955 1590/1632/2168 1608/1467/1954
f 1600/1768/2353 1595/1769/2354 1601/1770/2355
f 1601/1770/2356 1595/1769/2354 1597/1771/2357
f 1642/1772/2358 1638/1773/2359 1643/1774/2360
f 1643/1774/2360 1638/1773/2359 1639/1775/2361
f 1604/1776/2362 1590/1777/2363 1593/1778/2364
f 1593/1778/2364 1590/1777/2363 1594/1779/2365
f 1559/1780/2366 1555/1781/2367 1562/1782/2368
f 1562/1782/2368 1555/1781/2367 1563/1783/2369
f 1765/1784/2370 1766/1785/2371 1413/1786/2372
f 1413/1786/2372 1766/1785/2371 1693/1787/2373
f 1659/1788/2374 1658/1789/2375 1717/1790/2376
f 1717/1790/2377 1658/1789/2375 1718/1791/2378
f 1729/1792/2379 1726/1793/2380 1652/1794/2381
f 1652/1794/2381 1726/1793/2380 1653/1795/2382
f 1694/1796/2383 1677/1797/2384 1744/1798/2385
f 1744/1798/2386 1677/1797/2384 1743/1799/2387
f 1707/1656/2202 1667/1657/2203 1708/1800/2388
f 1708/1800/2388 1667/1657/2203 1685/1801/2389
f 926/1531/2036 919/1802/2390 966/1523/2026
f 966/1523/2026 919/1802/2390 958/1803/2391
f 924/1659/2206 950/1512/2010 891/1804/2392
f 891/1804/2392 950/1512/2008 945/1511/2007
f 954/1397/2393 956/1395/1877 895/1805/2394
f 895/1805/2394 956/1395/1877 935/1517/2016
f 970/1806/2395 1040/1271/2396 998/1518/2017
f 998/1518/2017 1040/1271/2396 1044/1273/1727
f 1042/1318/1784 1775/1807/2397 1032/1320/2398
f 1032/1320/1786 1775/1807/2397 1731/1169/1588
f 1021/1536/2041 1019/1808/2399 1020/1809/2400
f 1020/1809/2400 1019/1808/2399 983/1198/1626
f 1005/1810/2401 1031/1811/2402 874/1812/2403
f 874/1812/2403 1031/1811/2404 917/1813/2087
f 965/1667/2214 1012/1668/2216 960/1524/2027
f 960/1524/2027 1012/1668/2216 1008/1525/2028
f 970/1806/2405 990/1814/2406 989/1247/1694
f 989/1247/1694 990/1814/2406 992/1268/1721
f 927/1328/1794 889/1815/2407 952/1532/2037
f 952/1532/2408 889/1815/2409 931/1533/2038
f 944/1564/2086 943/1130/2410 914/1816/2411
f 914/1816/2412 943/1130/1546 886/1178/1600
f 898/1541/2048 884/1817/2413 900/1675/2224
f 900/1675/2224 884/1817/2413 897/1673/2222
f 900/1675/2224 896/1676/2414 899/1818/2033
f 899/1818/2033 896/1676/2225 957/1819/2415
f 1106/1221/2416 1134/1677/2229 1105/1222/2417
f 1105/1222/2054 1134/1677/2229 1135/1544/2052
f 1124/1549/2063 1103/1548/2237 1155/1204/2418
f 1155/1204/2418 1103/1548/2237 1154/1199/2236
f 1008/1525/2028 1421/1309/1773 1010/1527/2243
f 1010/1527/2243 1421/1309/1773 1423/1682/2244
f 1379/1820/2419 1378/1552/2069 885/1821/2420
f 885/1821/2420 1378/1552/2069 911/1554/2071
f 1078/1359/2421 1179/1555/2072 1067/1822/2422
f 1067/1822/2422 1179/1555/2072 1178/1557/2074
f 1196/1823/2423 1198/1824/2424 1062/1447/2425
f 1062/1447/2425 1198/1824/2424 1073/1689/2253
f 1212/1354/2426 1211/1691/2427 1174/1356/2428
f 1174/1356/1831 1211/1691/2255 1083/1825/2429
f 1181/1346/1821 1077/1345/2430 1219/1357/2078
f 1219/1357/1832 1077/1345/2430 1218/1693/2258
f 1074/1826/2431 1224/1695/2432 1190/1360/1835
f 1190/1360/1835 1224/1695/2433 1225/1361/1836
f 946/1827/2434 892/1513/2009 1380/1225/1667
f 1380/1225/1667 892/1513/2009 1379/1820/2419
f 892/1513/2009 949/1514/2011 1379/1820/2419
f 1379/1820/2419 949/1514/2011 1378/1552/2069
f 1293/1571/2092 1291/1572/2435 1259/1701/2270
f 1259/1701/2270 1291/1572/2093 1248/1451/2436
f 1253/1386/2437 1311/1573/2094 1242/1622/2438
f 1242/1622/2158 1311/1573/2094 1309/1574/2095
f 1327/1380/1859 1262/1381/2439 1326/1703/2274
f 1326/1703/2274 1262/1381/1860 1287/1828/2440
f 1333/1706/2277 1295/1372/1850 1331/1704/2275
f 1331/1704/2275 1295/1372/1850 1258/1569/2090
f 1255/1829/2441 1336/1708/2279 1304/1830/2442
f 1304/1830/2443 1336/1708/2279 1339/1709/2280
f 1280/1831/2444 1281/1290/1748 1346/1710/2282
f 1346/1710/2282 1281/1290/1748 1348/1832/2445
f 1344/1713/2286 1238/1712/2285 1314/1375/1853
f 1314/1375/1853 1238/1712/2285 1237/1833/2446
f 1409/1648/2447 1410/1227/1669 1046/1324/2448
f 1046/1324/2448 1410/1227/1669 1047/1226/1668
f 1319/1294/1752 1439/1587/2449 1261/1296/1755
f 1261/1296/1755 1439/1587/2116 1432/1834/2450
f 1265/1579/2105 1307/1580/2107 1520/1835/2451
f 1520/1835/2451 1307/1580/2107 1524/1721/2452
f 1478/1724/2300 1289/1576/2453 1472/1591/2120
f 1472/1591/2120 1289/1576/2454 1272/1575/2097
f 1446/1594/2123 1199/1595/2265 1452/1836/2455
f 1452/1836/2455 1199/1595/2265 1096/1367/1844
f 1182/1560/2079 1089/1694/2260 1508/1727/2307
f 1508/1727/2307 1089/1694/2260 1506/1837/2456
f 1445/1729/2457 1447/1598/2458 1355/1731/2311
f 1355/1731/2311 1447/1598/2128 1356/1600/2131
f 1496/1838/2459 1508/1734/2314 1497/1839/2460
f 1497/1839/2460 1508/1734/2461 1509/1735/2462
f 1448/1736/2317 1443/1840/2463 1451/1737/2319
f 1451/1737/2319 1443/1840/2463 1445/1841/2464
f 1480/1740/2322 1481/1741/2323 1474/1438/1922
f 1474/1438/1922 1481/1741/2323 1477/1437/1921
f 1521/1612/2465 1526/1744/2326 1522/1614/2149
f 1522/1614/2149 1526/1744/2466 1527/1745/2327
f 1454/1746/2328 1464/1601/2467 1455/1747/2329
f 1455/1747/2329 1464/1601/2467 1467/1602/2133
f 1069/1615/2468 1172/1748/2330 1576/1616/2152
f 1576/1616/2152 1172/1748/2469 1582/1750/2332
f 1192/1752/2334 1064/1842/2470 1627/1753/2471
f 1627/1753/2471 1064/1842/2472 1624/1843/2473
f 1569/1757/2339 1285/1755/2337 1564/1620/2156
f 1564/1620/2156 1285/1755/2337 1249/1619/2155
f 1303/1759/2341 1618/1758/2340 1244/1844/2474
f 1244/1844/2474 1618/1758/2340 1605/1845/2475
f 1603/1624/2476 1598/1462/2477 1497/1626/2162
f 1497/1626/2162 1598/1462/2477 1499/1460/1946
f 1629/1846/2478 1643/1847/2479 1518/1848/2480
f 1518/1848/2480 1643/1847/2479 1539/1849/2481
f 1455/1238/1684 1467/1764/2348 1563/1233/1683
f 1563/1233/1683 1467/1764/2348 1558/1766/2350
f 1596/1635/2174 1600/1768/2482 1598/1636/2175
f 1598/1636/2175 1600/1768/2353 1601/1770/2355
f 1628/1637/2176 1642/1772/2358 1629/1638/2177
f 1629/1638/2177 1642/1772/2358 1643/1774/2483
f 1593/1778/2364 1594/1779/2484 1587/1639/2485
f 1587/1639/2486 1594/1779/2365 1589/1640/2180
f 1562/1782/2368 1563/1783/2369 1556/1850/2487
f 1556/1850/2487 1563/1783/2369 1558/1851/2488
f 1409/1648/2190 1411/1717/2489 1688/1649/2192
f 1688/1649/2192 1411/1717/2489 1687/1852/2490
f 1719/1651/2491 1718/1791/2492 1657/1653/2197
f 1657/1653/2197 1718/1791/2378 1658/1789/2375
f 1726/1793/2380 1725/1497/1991 1653/1795/2382
f 1653/1795/2493 1725/1497/1991 1654/1499/2494
f 1666/1853/2495 1748/1854/2496 1703/1855/2497
f 1703/1855/2497 1748/1854/2496 1749/1856/2498
f 1666/1853/2495 1703/1855/2497 1685/1801/2389
f 1685/1801/2389 1703/1855/2497 1708/1800/2388
f 885/1821/2420 888/1857/2499 912/1509/2005
f 912/1509/2005 888/1857/2499 913/1510/2006
f 1060/1858/2500 1030/1313/2501 1061/1167/1586
f 1061/1167/1586 1030/1313/2501 1033/1315/1781
f 963/1176/1597 940/1859/2502 1053/1177/1599
f 1053/1177/1599 940/1859/2502 1054/1180/1605
f 995/1860/2503 979/1861/2504 997/1664/2211
f 997/1664/2211 979/1861/2504 996/1663/2210
f 1005/1810/2401 1006/1862/2505 978/1314/1780
f 978/1314/1780 1006/1862/2505 1003/1863/2506
f 1007/1196/1625 1029/1665/2212 983/1198/1626
f 983/1198/1626 1029/1665/2212 1020/1809/2507
f 1029/1665/2212 1028/1286/1743 1020/1809/2400
f 1020/1809/2400 1028/1286/1743 968/1287/1744
f 994/1669/2217 991/1244/1691 993/1864/2508
f 993/1864/2508 991/1244/1720 975/1865/2509
f 895/1805/2394 937/1866/2510 954/1397/2393
f 954/1397/2393 937/1866/2510 955/1867/2511
f 930/1131/1610 889/1815/2407 1405/1132/1548
f 1405/1132/1548 889/1815/2407 1406/1530/2034
f 933/1183/1607 931/1533/2038 930/1131/1547
f 930/1131/1610 931/1533/2038 889/1815/2407
f 905/1542/2050 875/1868/2512 906/1540/2047
f 906/1540/2047 875/1868/2512 904/1672/2220
f 1111/1344/2513 1132/1869/2514 1108/1224/2230
f 1108/1224/2230 1132/1869/2515 1133/1678/2231
f 1052/1171/1592 1384/1164/1589 1383/1212/1648
f 1383/1212/1648 1384/1164/1589 1026/1158/1576
f 1009/1683/2246 1425/1311/1776 1014/1522/2025
f 1014/1522/2025 1425/1311/1776 1424/1312/1778
f 1177/1688/2252 1080/1355/1829 1175/1444/2150
f 1175/1444/1928 1080/1355/1829 1069/1615/2151
f 1074/1826/2516 1063/1618/2517 1195/1690/2254
f 1195/1690/2254 1063/1618/2154 1193/1448/1932
f 1211/1691/2255 1210/1870/2518 1083/1825/2519
f 1083/1825/2429 1210/1870/2518 1171/1871/2520
f 1217/1872/2521 1215/1873/2522 1179/1555/2072
f 1179/1555/2072 1215/1873/2522 1079/1556/2073
f 1076/1874/2523 1188/1875/2524 1220/1876/2525
f 1220/1876/2525 1188/1875/2526 1223/1877/2527
f 1228/1878/2528 1198/1824/2424 1238/1712/2285
f 1238/1712/2285 1198/1824/2424 1237/1833/2446
f 1373/1879/2529 1372/1685/2248 870/1880/2530
f 870/1880/2531 1372/1685/2248 938/1684/2532
f 1290/1379/2271 1288/1453/2533 1262/1381/1860
f 1262/1381/1860 1288/1453/1937 1249/1619/2155
f 1308/1458/1944 1306/1387/1867 1242/1622/2158
f 1242/1622/2158 1306/1387/2272 1253/1386/1866
f 1325/1881/2534 1326/1703/2274 1263/1882/2535
f 1263/1882/2536 1326/1703/2274 1287/1828/2440
f 1332/1883/2537 1257/1370/2538 1333/1706/2277
f 1333/1706/2277 1257/1370/1848 1295/1372/1850
f 1338/1884/2539 1254/1702/2273 1339/1709/2280
f 1339/1709/2280 1254/1702/2273 1304/1830/2540
f 1314/1375/1853 1252/1374/2541 1344/1713/2286
f 1344/1713/2286 1252/1374/2541 1343/1885/2542
f 1312/1377/1855 1314/1375/1853 1235/1886/2543
f 1235/1886/2543 1314/1375/1853 1237/1833/2446
f 1411/1717/2544 1409/1648/2447 1048/1322/1788
f 1048/1322/1788 1409/1648/2447 1046/1324/2448
f 1278/1887/2545 1150/1888/2546 1351/1585/2547
f 1351/1585/2548 1150/1888/2546 1416/1646/2549
f 1310/1889/2550 1265/1579/2106 1526/1890/2551
f 1526/1890/2551 1265/1579/2105 1520/1835/2552
f 1480/1891/2553 1292/1892/2554 1473/1722/2297
f 1473/1722/2297 1292/1892/2554 1271/1723/2298
f 1082/1893/2555 1202/1725/2302 1442/1894/2556
f 1442/1894/2556 1202/1725/2302 1448/1726/2557
f 1186/1895/2558 1088/1896/2559 1510/1897/2560
f 1510/1897/2560 1088/1896/2559 1540/1898/2561
f 1354/1730/2310 1353/1899/2562 1451/1728/2308
f 1451/1728/2308 1353/1899/2562 1444/1900/2563
f 1361/1901/2564 1434/1902/2565 1366/1903/2566
f 1366/1903/2566 1434/1902/2565 1440/1904/2567
f 1484/1905/2568 1498/1906/2569 1487/1907/2570
f 1487/1907/2570 1498/1906/2569 1499/1908/2571
f 1443/1840/2463 1446/1431/1915 1445/1841/2464
f 1445/1841/2464 1446/1431/1915 1447/1433/1917
f 1478/1909/2572 1479/1910/2573 1473/1738/2574
f 1473/1738/2320 1479/1910/2573 1476/1739/2321
f 1513/1911/2575 1514/1912/2576 1524/1913/2577
f 1524/1913/2577 1514/1912/2576 1525/1914/2578
f 1428/1915/2579 1429/1916/2580 1456/1917/2581
f 1456/1917/2581 1429/1916/2582 1459/1918/2583
f 1070/1749/2331 1169/1919/2584 1575/1751/2333
f 1575/1751/2333 1169/1919/2584 1580/1920/2585
f 1187/1921/2586 1065/1922/2587 1626/1923/2588
f 1626/1923/2588 1065/1922/2587 1611/1924/2589
f 1300/1925/2590 1607/1926/2591 1245/1927/2592
f 1245/1927/2592 1607/1926/2591 1604/1928/2593
f 1754/1929/2594 1755/1930/2595 1136/1545/2053
f 1136/1545/2053 1755/1930/2595 1104/1546/2596
f 1469/1765/2597 1466/1931/2598 1561/1767/2351
f 1561/1767/2351 1466/1931/2598 1577/1932/2599
f 1636/1933/2600 1529/1934/2601 1632/1935/2602
f 1632/1935/2602 1529/1934/2601 1522/1936/2603
f 1629/1937/2604 1518/1938/2480 1636/1933/2605
f 1636/1933/2600 1518/1938/2606 1529/1934/2601
f 1595/1769/2607 1584/1939/2608 1597/1771/2357
f 1597/1771/2357 1584/1939/2608 1585/1940/2609
f 1638/1773/2359 1640/1941/2610 1639/1775/2361
f 1639/1775/2361 1640/1941/2610 1641/1942/2611
f 1607/1943/2612 1608/1944/2613 1604/1776/2362
f 1604/1776/2362 1608/1944/2613 1590/1777/2614
f 1547/1641/2183 1550/1945/2615 1549/1642/2184
f 1549/1642/2184 1550/1945/2615 1551/1946/2616
f 1412/1396/2617 1413/1786/2372 1692/1947/2618
f 1692/1947/2618 1413/1786/2372 1693/1787/2373
f 1717/1790/2376 1710/1948/2619 1659/1788/2374
f 1659/1788/2374 1710/1948/2619 1660/1949/2620
f 1727/1950/2621 1729/1792/2379 1651/1951/2622
f 1651/1951/2622 1729/1792/2379 1652/1794/2381
f 1691/1952/2623 1692/1953/2624 1682/1954/2625
f 1682/1954/2625 1692/1953/2624 1683/1955/2626
f 1676/1956/2627 1686/1957/2628 1695/1958/2629
f 1695/1958/2629 1686/1957/2628 1701/1959/2630
f 888/1857/2499 885/1821/2420 907/1960/2631
f 907/1960/2632 885/1821/2420 911/1554/2071
f 1733/1161/1580 946/1827/2434 877/1162/1581
f 975/1865/2633 995/1860/2503 993/1864/2508
f 993/1864/2508 995/1860/2503 997/1664/2211
f 1006/1862/2505 996/1663/2210 1003/1863/2506
f 1003/1863/2634 996/1663/2210 979/1861/2504
f 1423/1682/2244 1421/1309/1773 1388/1368/1845
f 1388/1368/1845 1421/1309/1773 1387/1310/1775
f 1114/1193/1620 1735/1194/1621 1739/1961/2635
f 1739/1961/2635 1735/1194/2636 1738/1962/2637
f 993/1864/2508 875/1963/2512 994/1669/2217
f 994/1669/2217 875/1963/2512 905/1670/2049
f 937/1866/2510 1763/1964/2638 955/1867/2511
f 955/1867/2511 1763/1964/2638 1764/1965/2639
f 931/1533/2038 933/1183/1607 890/1535/2040
f 890/1535/2040 933/1183/1607 932/1335/1805
f 907/1960/2631 911/1554/2071 883/1334/1803
f 883/1334/2640 911/1554/2071 873/1333/1800
f 899/1818/2033 880/1543/2032 900/1675/2224
f 900/1675/2224 880/1543/2032 898/1541/2048
f 1376/1966/2641 951/1534/2039 1375/1967/2642
f 1375/1967/2642 951/1534/2039 890/1535/2040
f 1110/1219/2643 1131/1968/2644 1111/1344/2513
f 1111/1344/2513 1131/1968/2645 1132/1869/2514
f 1124/1549/2646 1128/1550/2647 1146/1679/2648
f 1146/1679/2649 1128/1550/2650 1145/1969/2651
f 1013/1521/2022 1419/1520/2019 1157/1203/1633
f 1157/1203/1633 1419/1520/2019 1420/1201/2020
f 1105/1222/1660 1104/1546/2652 1768/1223/1663
f 1768/1223/1663 1104/1546/2652 1161/1970/2653
f 1080/1355/1829 1174/1356/1831 1069/1615/2468
f 1069/1615/2468 1174/1356/1831 1172/1748/2330
f 1190/1360/1835 1075/1362/1837 1192/1752/2334
f 1192/1752/2334 1075/1362/1837 1064/1842/2472
f 1093/1692/2256 1170/1971/2654 1211/1691/2427
f 1211/1691/2255 1170/1971/2654 1210/1870/2518
f 1215/1873/2522 1217/1872/2521 1091/1596/2655
f 1091/1596/2655 1217/1872/2521 1180/1415/2656
f 1220/1876/2525 1223/1877/2527 1088/1896/2559
f 1088/1896/2559 1223/1877/2527 1189/1972/2657
f 1229/1697/2658 1199/1595/2124 1230/1973/2659
f 1230/1973/2659 1199/1595/2124 1100/1593/2122
f 1197/1411/1893 1228/1878/2660 1236/1714/2288
f 1236/1714/2287 1228/1878/2528 1238/1712/2285
f 873/1333/1800 1377/1553/2070 902/1331/1798
f 902/1331/1798 1377/1553/2070 1376/1966/2641
f 1287/1828/2440 1262/1381/1860 1285/1755/2337
f 1285/1755/2337 1262/1381/1860 1249/1619/2155
f 1304/1830/2540 1303/1759/2341 1255/1829/2661
f 1255/1829/2662 1303/1759/2341 1244/1844/2474
f 1286/1408/1890 1326/1703/2274 1273/1410/1892
f 1273/1410/1892 1326/1703/2274 1325/1881/2534
f 1333/1706/2277 1296/1707/2278 1332/1883/2537
f 1332/1883/2537 1296/1707/2663 1269/1974/2664
f 1266/1403/1885 1338/1884/2539 1305/1405/1887
f 1305/1405/1887 1338/1884/2539 1339/1709/2280
f 1344/1713/2286 1343/1885/2542 1313/1715/2290
f 1313/1715/2290 1343/1885/2542 1260/1975/2665
f 955/1867/2666 1764/1965/2639 1413/1786/2667
f 1413/1786/2667 1764/1965/2639 1765/1784/2668
f 1151/1976/2669 1099/1977/2670 1418/1978/1616
f 1418/1978/1616 1099/1977/2671 1240/1979/2672
f 1260/1975/2665 1310/1889/2550 1521/1980/2673
f 1521/1980/2673 1310/1889/2550 1526/1890/2551
f 1474/1981/2674 1270/1705/2675 1480/1891/2553
f 1480/1891/2676 1270/1705/2675 1292/1892/2554
f 1452/1836/2455 1096/1367/1844 1454/1982/2677
f 1454/1982/2677 1096/1367/1844 1205/1365/2678
f 1089/1694/2260 1186/1895/2558 1506/1837/2456
f 1506/1837/2456 1186/1895/2679 1510/1897/2560
f 1167/1983/2680 1094/1984/2681 1468/1985/2682
f 1468/1985/2682 1094/1984/2681 1465/1986/2683
f 1366/1903/2566 1440/1904/2567 1359/1987/1903
f 1359/1987/1903 1440/1904/2567 1431/1988/2684
f 1498/1906/2569 1496/1838/2685 1499/1908/2571
f 1499/1908/2571 1496/1838/2459 1497/1839/2460
f 1538/1989/2686 1539/1990/2687 1531/1991/2688
f 1531/1991/2688 1539/1990/2687 1532/1992/2689
f 1472/1993/2690 1475/1994/2691 1478/1909/2572
f 1478/1909/2572 1475/1994/2692 1479/1910/2573
f 1520/1742/2693 1524/1913/2577 1523/1743/2325
f 1523/1743/2325 1524/1913/2577 1525/1914/2578
f 1426/1995/2694 1427/1996/2695 1428/1915/2579
f 1428/1915/2579 1427/1996/2695 1429/1916/2580
f 1071/1997/2696 1557/1998/2697 1169/1919/2584
f 1169/1919/2584 1557/1998/2697 1580/1920/2585
f 1064/1842/2470 1187/1921/2698 1624/1843/2473
f 1624/1843/2473 1187/1921/2586 1626/1923/2588
f 1607/1926/2699 1300/1925/2700 1605/1845/2475
f 1605/1845/2475 1300/1925/2700 1244/1844/2701
f 1098/1999/2702 1559/2000/2703 1204/1351/1825
f 1204/1351/1825 1559/2000/2703 1562/2001/2704
f 1545/2002/2705 1542/2003/2706 1625/2004/2707
f 1625/2004/2707 1542/2003/2706 1623/2005/2708
f 1625/2004/2707 1615/1763/2347 1545/2002/2705
f 1545/2002/2705 1615/1763/2347 1543/1762/2345
f 1466/1931/2598 1471/2006/2709 1577/1932/2599
f 1577/1932/2710 1471/2006/2709 1581/2007/2711
f 1632/1935/2602 1522/1936/2603 1634/2008/2712
f 1634/2008/2712 1522/1936/2603 1527/2009/2713
f 1459/1477/1966 1549/1478/1967 1461/2010/2714
f 1461/2010/2715 1549/1478/1967 1551/2011/2716
f 1584/1939/2717 1576/2012/2718 1585/1940/2609
f 1585/1940/2719 1576/2012/2718 1579/2013/2720
f 1640/1941/2721 1637/2014/2722 1641/1942/2611
f 1641/1942/2611 1637/2014/2722 1622/2015/2723
f 1605/2016/2724 1606/2017/2725 1607/1943/2612
f 1607/1943/2612 1606/2017/2725 1608/1944/2613
f 1550/1945/2615 1548/2018/2726 1551/1946/2616
f 1551/1946/2616 1548/2018/2726 1566/2019/2727
f 1234/1278/2085 1232/1563/2084 1082/1893/2555
f 1082/1893/2555 1232/1563/2084 1202/1725/2302
f 1412/1396/2728 1692/1947/2618 1414/1394/2729
f 1414/1394/2729 1692/1947/2618 1691/2020/2730
f 1714/1503/1999 1661/1504/2000 1710/1948/2619
f 1710/1948/2619 1661/1504/2000 1660/1949/2731
f 1715/2021/2732 1716/2022/2733 1645/2023/2734
f 1645/2023/2734 1716/2022/2733 1646/2024/2735
f 1690/2025/2736 1691/1952/2623 1681/2026/2736
f 1681/2026/2736 1691/1952/2623 1682/1954/2625
f 1673/2027/2737 1672/2028/2738 1699/2029/2739
f 1699/2029/2739 1672/2028/2738 1697/2030/2740
f 875/1963/2512 993/1864/2508 909/1662/2209
f 909/1662/2741 993/1864/2508 997/1664/2742
f 915/2031/2743 887/1661/1758 1006/1862/2505
f 1006/1862/2505 887/1661/1758 996/1663/2210
f 1014/1522/2024 966/1523/2026 1009/1683/2245
f 1009/1683/2744 966/1523/2026 958/1803/2745
f 985/1250/1698 957/2032/2415 1018/2033/2746
f 1018/2033/2747 957/2032/2415 967/2034/2748
f 1778/2035/2749 980/2036/2750 1777/2037/2751
f 1777/2037/2751 980/2036/2752 1038/2038/2753
f 995/1860/2503 975/1865/2509 1000/2039/2754
f 1000/2039/2754 975/1865/2509 990/1814/2406
f 1049/2040/2755 1051/1170/1591 894/1666/2213
f 894/1666/2213 1051/1170/1591 1011/1660/2207
f 896/1676/2225 936/2041/2756 957/1819/2415
f 957/1819/2415 936/2041/2757 967/2042/2758
f 881/1674/2223 870/1880/2531 934/2043/2759
f 934/2043/2760 870/1880/2531 938/1684/2532
f 901/2044/2761 897/1673/2222 882/2045/2762
f 882/2045/2762 897/1673/2222 884/1817/2413
f 1110/1219/2763 1112/1220/2764 1131/1968/2765
f 1131/1968/2765 1112/1220/2764 1130/2046/2766
f 1128/1550/2767 1122/2047/2768 1145/1969/2769
f 1145/1969/2769 1122/2047/2768 1144/2048/2770
f 1419/1520/2019 1013/1521/2771 1424/1312/1778
f 1424/1312/1778 1013/1521/2022 1014/1522/2025
f 920/1699/2772 919/1802/2390 1398/1671/2218
f 1398/1671/2218 919/1802/2773 1399/1325/2219
f 1174/1356/1831 1083/1825/2429 1172/1748/2330
f 1172/1748/2330 1083/1825/2429 1070/1749/2331
f 1074/1826/2431 1190/1360/1835 1063/1618/2154
f 1063/1618/2154 1190/1360/2774 1192/1752/2334
f 1209/2049/2775 1084/2050/2776 1210/1870/2518
f 1210/1870/2518 1084/2050/2777 1171/1871/2520
f 1216/1358/1833 1217/1872/2521 1078/1359/1834
f 1078/1359/2421 1217/1872/2521 1179/1555/2072
f 1188/1875/2524 1075/1362/1837 1223/1877/2527
f 1223/1877/2527 1075/1362/1837 1222/1363/1839
f 1198/1824/2424 1228/1878/2528 1073/1689/2778
f 1073/1689/2778 1228/1878/2528 1227/2051/2779
f 1237/1833/2446 1198/1824/2424 1235/1886/2543
f 1235/1886/2543 1198/1824/2424 1196/1823/2423
f 963/1176/1597 1023/1165/1584 1049/2040/2755
f 1049/2040/2755 1023/1165/1584 1051/1170/1591
f 1153/1218/1654 1768/1223/2780 942/2052/2781
f 942/2052/2782 1768/1223/2780 1769/2053/2783
f 1263/1882/2536 1287/1828/2784 1250/1754/2785
f 1250/1754/2785 1287/1828/2440 1285/1755/2337
f 1254/1702/2273 1243/1456/1941 1304/1830/2443
f 1304/1830/2786 1243/1456/1943 1303/1759/2342
f 1323/2054/2787 1325/1881/2534 1284/2055/2788
f 1284/2055/2788 1325/1881/2534 1263/1882/2536
f 1331/1704/2275 1258/1569/2090 1330/2056/2789
f 1330/2056/2789 1258/1569/2090 1293/1571/2790
f 1256/1383/1862 1334/1382/1861 1301/2057/2791
f 1301/2057/2792 1334/1382/1861 1337/2058/2793
f 1252/1374/2541 1311/1573/2794 1343/1885/2542
f 1343/1885/2542 1311/1573/2094 1342/2059/2795
f 1346/1710/2282 1348/1832/2445 1279/1711/2284
f 1279/1711/2284 1348/1832/2445 1318/2060/2796
f 1769/2053/2783 1770/1687/2251 942/2052/2782
f 942/2052/2782 1770/1687/2797 1372/1685/2248
f 1313/1715/2290 1260/1975/2665 1528/1720/2798
f 1528/1720/2295 1260/1975/2665 1521/1980/2799
f 1492/2061/2800 1269/1974/2801 1494/2062/2802
f 1494/2062/2802 1269/1974/2801 1296/1707/2278
f 1095/2063/2803 1464/2064/2804 1205/1365/2678
f 1205/1365/1841 1464/2064/2804 1454/1982/2677
f 1087/1562/2082 1544/2065/2805 1189/1972/2657
f 1189/1972/2657 1544/2065/2805 1540/1898/2561
f 1544/2065/2805 1087/1562/2082 1541/2066/2806
f 1094/1984/2681 1170/1971/2654 1465/1986/2683
f 1465/1986/2683 1170/1971/2654 1470/2067/2807
f 1437/2068/2808 1364/1732/2809 1427/1733/2313
f 1490/2069/2810 1484/1905/2568 1491/2070/2811
f 1491/2070/2811 1484/1905/2568 1487/1907/2812
f 1531/1991/2813 1532/1992/2689 1536/2071/2814
f 1536/2071/2815 1532/1992/2689 1537/2072/2816
f 1462/2073/2817 1463/2074/2818 1472/1993/2690
f 1472/1993/2690 1463/2074/2818 1475/1994/2691
f 1512/2075/2819 1515/2076/2820 1516/2077/2821
f 1516/2077/2822 1515/2076/2820 1517/2078/2823
f 1439/2079/2824 1430/2080/2825 1440/2081/2826
f 1440/2081/2826 1430/2080/2825 1431/2082/2827
f 1166/2083/2828 1560/2084/2829 1071/1997/2830
f 1071/1997/2696 1560/2084/2829 1557/1998/2697
f 1184/2085/2831 1066/1347/1820 1613/2086/2832
f 1613/2086/2832 1066/1347/1820 1610/2087/2833
f 1320/2088/2834 1251/2089/2835 1552/2090/2836
f 1552/2090/2836 1251/2089/2835 1547/2091/2837
f 1299/2092/2838 1593/2093/2839 1246/1371/1849
f 1246/1371/1849 1593/2093/2839 1587/2094/2840
f 1471/2006/2709 1485/2095/2841 1578/2096/2842
f 1578/2096/2843 1485/2095/2841 1583/2097/2844
f 1581/2007/2845 1471/2006/2709 1578/2096/2843
f 1634/2008/2712 1527/2009/2713 1620/2098/2846
f 1620/2098/2846 1527/2009/2713 1523/2099/2847
f 1461/2010/2715 1551/2011/2716 1458/2100/2848
f 1458/2100/2848 1551/2011/2716 1566/2101/2849
f 1576/2012/2850 1582/2102/2851 1579/2013/2720
f 1579/2013/2720 1582/2102/2852 1583/2103/2853
f 1637/2014/2722 1627/2104/2854 1622/2015/2723
f 1622/2015/2723 1627/2104/2854 1623/2105/2855
f 1618/2106/2856 1609/2107/2857 1605/2016/2724
f 1605/2016/2724 1609/2107/2857 1606/2017/2725
f 1548/2018/2726 1569/2108/2858 1566/2019/2859
f 1566/2019/2727 1569/2108/2858 1570/2109/2860
f 989/1247/1694 992/1268/2861 1719/1245/1692
f 1719/1245/1692 992/1268/2861 1718/1267/1719
f 1749/2110/2862 1750/1189/2863 1703/2111/2864
f 1703/2111/2864 1750/1189/2863 1418/1190/2865
f 1688/2112/2866 1679/2113/2867 1689/2114/2868
f 1689/2114/2868 1679/2113/2867 1678/2115/2869
f 1644/2116/2870 1711/2117/2871 1645/2023/2872
f 1645/2023/2734 1711/2117/2871 1715/2021/2732
f 1680/2118/2873 1687/2119/2874 1681/2026/2736
f 1681/2026/2736 1687/2119/2874 1690/2025/2736
f 1699/2029/2739 1698/2120/2875 1673/2027/2737
f 1673/2027/2737 1698/2120/2875 1674/2121/2876
f 883/1334/1803 904/1672/2221 907/1960/2632
f 907/1960/2631 904/1672/2220 910/2122/2877
f 874/2123/2403 914/1816/2412 915/1301/2878
f 915/1301/2879 914/1816/2412 916/1300/1759
f 934/2043/2759 936/2041/2880 881/1674/2223
f 881/1674/2223 936/2041/2756 896/1676/2225
f 1059/1305/2881 1031/1811/2402 1060/1858/2500
f 1060/1858/2500 1031/1811/2404 1030/1313/1779
f 991/1244/1720 992/1268/1721 975/1865/2633
f 975/1865/2633 992/1268/1721 990/1814/2406
f 1004/2124/2882 999/2125/2883 1001/1317/1783
f 1001/1317/1783 999/2125/2883 977/1519/2018
f 1391/1680/2240 1116/1206/1646 1126/1681/2242
f 1126/1681/2242 1116/1206/1646 1123/1211/1647
f 1016/1537/2042 974/1251/2884 1018/2033/2747
f 1018/2033/2747 974/1251/1699 985/1250/1698
f 1779/2126/2885 1730/1159/1578 1035/2127/2886
f 1035/2127/2886 1730/1159/1577 971/1168/1587
f 1005/1810/2401 874/1812/2403 1006/1862/2505
f 1006/1862/2505 874/1812/2403 915/2031/1760
f 876/1327/1793 927/1328/1794 948/1658/2204
f 948/1658/2204 927/1328/1794 952/1532/2037
f 965/1667/2214 960/1524/2027 922/2128/2887
f 922/2128/2888 960/1524/2027 918/1698/2889
f 1126/1681/2890 1123/1211/2891 1141/2129/2892
f 1141/2129/2892 1123/1211/2891 1140/2130/2893
f 1405/1132/1548 1406/1530/2034 928/1135/1553
f 928/1135/1551 1406/1530/2034 925/1303/1762
f 1396/1329/1795 1397/1700/2269 923/1330/1797
f 923/1330/1797 1397/1700/2269 891/1804/2392
f 1153/1218/1654 942/2052/2782 929/1182/1804
f 929/1182/1804 942/2052/2781 878/1336/1806
f 1168/2131/2894 1166/2083/2828 1084/2050/2895
f 1084/2050/2895 1166/2083/2828 1071/1997/2830
f 1185/2132/2896 1077/1345/2430 1184/2085/2897
f 1184/2085/2897 1077/1345/1818 1066/1347/1820
f 1209/2049/2775 1094/1984/2681 1207/2133/2898
f 1207/2133/2898 1094/1984/2681 1167/1983/2680
f 1214/2134/2899 1215/1873/2522 1176/2135/2900
f 1176/2135/2901 1215/1873/2522 1091/1596/2125
f 1218/1693/2258 1221/2136/2902 1089/1694/2260
f 1089/1694/2260 1221/2136/2902 1186/1895/2679
f 1227/2051/2779 1081/1413/1895 1226/2137/2903
f 1226/2137/2903 1081/1413/1895 1194/2138/2904
f 1085/1350/2905 1208/2139/2906 1206/1352/1826
f 1206/1352/2907 1208/2139/2906 1233/1364/2908
f 1297/1385/2909 1299/2092/2838 1257/1370/1848
f 1257/1370/2538 1299/2092/2838 1246/1371/1849
f 1323/2054/2787 1324/2140/2910 1283/2141/2911
f 1283/2141/2912 1324/2140/2910 1274/1398/1880
f 1329/2142/2913 1271/1723/2298 1330/2056/2914
f 1330/2056/2789 1271/1723/2298 1292/1892/2554
f 1337/2058/2793 1302/2143/2915 1336/1708/2279
f 1336/1708/2279 1302/2143/2915 1267/1590/2119
f 1342/2059/2795 1340/1388/2103 1310/1889/2550
f 1310/1889/2550 1340/1388/2103 1265/1579/2105
f 1317/1391/1873 1352/2144/2916 1278/1887/2545
f 1278/1887/2545 1352/2144/2916 1150/1888/2546
f 1318/2060/2796 1438/2145/2917 1279/1711/2918
f 1279/1711/2284 1438/2145/2919 1433/2146/2920
f 1269/1974/2801 1492/2061/2921 1298/1577/2101
f 1298/1577/2101 1492/2061/2921 1502/2147/2922
f 1538/1412/1896 1197/1411/1893 1519/1719/2294
f 1519/1719/2294 1197/1411/1893 1236/1714/2288
f 1087/1562/2082 1191/1561/2080 1541/2066/2806
f 1541/2066/2806 1191/1561/2080 1534/2148/2923
f 1173/1558/2924 1092/1559/2077 1488/2149/2925
f 1488/2149/2925 1092/1559/2077 1483/2150/2926
f 1362/2151/2927 1441/2152/2928 1361/1901/2564
f 1361/1901/2564 1441/2152/2928 1434/1902/2565
f 1482/2153/2929 1488/2154/2930 1485/2155/2931
f 1485/2155/2931 1488/2154/2930 1489/2156/2932
f 1530/2157/2933 1533/2158/2934 1534/2159/2935
f 1534/2159/2935 1533/2158/2934 1535/2160/2936
f 1456/1917/2581 1459/1918/2583 1460/2161/2937
f 1460/2161/2937 1459/1918/2938 1461/2162/2939
f 1504/2163/2940 1505/2164/2941 1512/2075/2819
f 1512/2075/2819 1505/2164/2941 1515/2076/2820
f 1432/2165/2942 1439/2079/2824 1434/2166/2943
f 1434/2166/2943 1439/2079/2824 1440/2081/2826
f 1756/2167/2944 1161/1970/2945 1755/1930/2946
f 1755/1930/2946 1161/1970/2947 1104/1546/2652
f 1066/1347/1820 1183/1348/2948 1610/2087/2949
f 1610/2087/2949 1183/1348/2948 1602/2168/2950
f 1072/1349/1823 1556/2169/2951 1166/2083/2828
f 1166/2083/2828 1556/2169/2951 1560/2084/2829
f 1591/2170/2952 1294/1373/1851 1587/2094/2840
f 1587/2094/2953 1294/1373/1851 1246/1371/1849
f 1631/2171/2954 1241/1376/2096 1635/2172/2955
f 1635/2172/2955 1241/1376/2096 1312/1377/2956
f 1641/2173/2957 1622/2174/2958 1537/2175/2959
f 1537/2175/2959 1622/2174/2958 1533/2176/2960
f 1486/2177/2961 1491/1464/1951 1585/2178/2962
f 1585/2178/2962 1491/1464/1951 1597/1463/1950
f 1585/2178/2962 1579/2179/2963 1486/2177/2961
f 1486/2177/2961 1579/2179/2963 1489/2180/2964
f 1515/1469/1957 1609/1470/1958 1517/2181/2965
f 1517/2181/2965 1609/1470/1958 1617/2182/2966
f 1475/2183/2967 1572/2184/2968 1479/2185/2969
f 1479/2185/2970 1572/2184/2968 1568/2186/2971
f 1572/2184/2968 1475/2183/2972 1567/2187/2973
f 1567/2187/2973 1475/2183/2967 1463/2188/2974
f 1557/2189/2975 1577/2190/2976 1580/2191/2977
f 1580/2191/2978 1577/2190/2979 1581/2192/2980
f 1626/2193/2981 1611/2194/2982 1615/2195/2983
f 1615/2195/2983 1611/2194/2982 1612/2196/2984
f 1630/2197/2985 1620/2198/2986 1619/2199/2987
f 1619/2199/2987 1620/2198/2986 1621/2200/2988
f 1565/2201/2989 1568/2202/2990 1571/2203/2991
f 1571/2203/2992 1568/2202/2990 1572/2204/2993
f 1708/2205/2994 1240/1979/2995 1707/1277/1731
f 1707/1277/1731 1240/1979/2995 1102/1275/1729
f 1649/2206/2996 1648/2207/2997 1722/2208/2998
f 1722/2208/2998 1648/2207/2997 1724/2209/2999
f 1664/2210/3000 1713/2211/3001 1644/2116/2870
f 1644/2116/2870 1713/2211/3002 1711/2117/2871
f 1686/1957/2628 1675/2212/3003 1701/1959/2630
f 1701/1959/2630 1675/2212/3003 1700/2213/3004
f 875/1868/2512 909/2214/2741 904/1672/2221
f 904/1672/3005 909/2214/2741 910/2122/2877
f 914/1816/2411 886/1178/1600 916/1300/1759
f 916/1300/1759 886/1178/1600 913/1510/2006
f 895/1805/2394 935/1517/2016 934/2043/2760
f 934/2043/3006 935/1517/2016 936/2041/2756
f 982/1142/1559 1022/1144/1561 1060/1858/2500
f 1060/1858/2500 1022/1144/1561 1059/1305/1765
f 1047/1226/1668 1045/1228/3007 1019/1808/2399
f 1019/1808/2399 1045/1228/3007 983/1198/1626
f 1003/1863/2506 979/1861/2504 1004/2124/2882
f 1004/2124/3008 979/1861/2504 999/2125/2883
f 984/1323/1789 1016/1537/3009 1017/1321/1787
f 1017/1321/1787 1016/1537/2042 1018/2033/2746
f 1779/2126/2885 1035/2127/3010 1778/2035/3011
f 1778/2035/3012 1035/2127/2886 980/2036/2750
f 964/1526/2029 1010/1527/2030 958/1803/2391
f 958/1803/2391 1010/1527/2243 1009/1683/2246
f 987/1252/1700 899/1529/2033 985/1250/1698
f 985/1250/1698 899/1529/2033 957/2032/2415
f 948/1658/2204 952/1532/2037 879/2215/3013
f 879/2215/3014 952/1532/2037 951/1534/3015
f 982/1142/1559 1060/1858/2500 1025/1166/3016
f 1025/1166/1585 1060/1858/2500 1061/1167/1586
f 938/1684/2247 937/1866/2510 934/2043/2759
f 934/2043/3006 937/1866/2510 895/1805/2394
f 894/1666/3017 965/1667/2214 921/2216/3018
f 921/2216/3019 965/1667/2214 922/2128/2887
f 882/2045/2762 884/1817/2413 902/1331/1798
f 902/1331/1798 884/1817/2413 903/1332/1802
f 940/1859/2502 1402/1539/2046 1054/1180/1605
f 1054/1180/1605 1402/1539/2046 1401/1163/1582
f 1122/2047/3020 1115/1185/1611 1127/1187/1613
f 1123/1211/3021 1121/1210/3022 1140/2130/3023
f 1140/2130/2893 1121/1210/3022 1139/2217/3024
f 932/1335/1805 1374/2218/3025 890/1535/3026
f 890/1535/3026 1374/2218/3027 1375/1967/2642
f 1011/1660/2207 981/1213/1649 1012/1668/2216
f 1012/1668/2216 981/1213/1649 1422/1215/1651
f 1085/1350/1824 1072/1349/1823 1168/2131/3028
f 1168/2131/3028 1072/1349/3029 1166/2083/2828
f 1076/1874/3030 1185/2132/3031 1065/1922/2587
f 1065/1922/2587 1185/2132/2896 1184/2085/2897
f 1208/2139/2906 1085/1350/1824 1207/2133/2898
f 1207/2133/2898 1085/1350/2905 1168/2131/3028
f 1214/2134/3032 1213/1353/1827 1177/1688/3033
f 1177/1688/3033 1213/1353/1827 1080/1355/1829
f 1185/2132/2896 1076/1874/3034 1221/2136/2902
f 1221/2136/2902 1076/1874/2523 1220/1876/2525
f 1195/1690/2254 1226/2137/3035 1074/1826/3036
f 1074/1826/3037 1226/2137/3035 1224/1695/2261
f 1208/2139/2906 1095/2063/2803 1233/1364/1840
f 1233/1364/1840 1095/2063/2803 1205/1365/1841
f 912/1509/2005 871/1179/1602 1380/1225/1667
f 1380/1225/1667 871/1179/1602 1368/1128/1544
f 1256/1383/3038 1245/1927/2592 1297/1385/2909
f 1297/1385/1865 1245/1927/2592 1299/2092/3039
f 1329/2142/2913 1259/1701/2270 1328/1378/2098
f 1328/1378/3040 1259/1701/2270 1290/1379/2271
f 1335/1384/1863 1297/1385/1865 1332/1883/2537
f 1332/1883/2537 1297/1385/1865 1257/1370/2538
f 1306/1387/2272 1254/1702/2273 1341/1389/1871
f 1341/1389/2104 1254/1702/2273 1338/1884/2539
f 1349/2219/3041 1347/1584/2112 1321/1399/1881
f 1321/1399/1881 1347/1584/2112 1275/1582/2109
f 1412/1396/1878 954/1397/2393 1413/1786/2667
f 1413/1786/2667 954/1397/2393 955/1867/3042
f 1261/1296/1755 1432/1834/2450 1318/2060/2796
f 1318/2060/2796 1432/1834/2450 1438/2145/2917
f 1302/2143/2915 1504/2220/3043 1267/1590/2119
f 1267/1590/2119 1504/2220/3043 1512/1406/1888
f 1283/2141/2912 1274/1398/1880 1460/2221/3044
f 1460/2221/3044 1274/1398/1880 1456/1400/1882
f 1194/2138/2904 1536/2222/3045 1086/1696/2263
f 1086/1696/2262 1536/2222/3045 1530/2223/3046
f 1092/1559/2077 1176/2135/2900 1483/2150/2926
f 1483/2150/2926 1176/2135/2900 1490/2224/3047
f 1167/1983/2680 1468/1985/3048 1095/2063/2803
f 1095/2063/2803 1468/1985/2682 1464/2064/2804
f 1470/2225/3049 1482/2153/2929 1471/2226/3050
f 1471/2226/3050 1482/2153/2929 1485/2155/2931
f 1540/1603/2135 1544/2227/3051 1543/1604/2137
f 1543/1604/2137 1544/2227/3051 1545/2228/3052
f 1431/2229/2827 1430/2230/2825 1450/1608/2141
f 1450/1608/2141 1430/2230/2825 1449/1607/2140
f 1492/1609/2144 1493/1610/2145 1502/2231/3053
f 1502/2231/3053 1493/1610/2145 1503/2232/3054
f 1438/2233/3055 1441/2234/3056 1433/1439/1923
f 1433/1439/1923 1441/2234/3056 1435/1440/1924
f 1739/1961/3057 1740/2235/3058 1114/1193/3059
f 1114/1193/3059 1740/2235/3060 1119/1339/3061
f 1178/1557/2074 1068/1443/1927 1600/2236/3062
f 1600/2236/3062 1068/1443/1927 1595/1445/1929
f 1235/1886/2543 1196/1823/3063 1628/2237/3064
f 1628/2237/3064 1196/1823/3063 1642/2238/3065
f 1247/1570/2091 1586/2239/3066 1291/1572/2093
f 1291/1572/2093 1586/2239/3066 1573/2240/3067
f 1633/2241/3068 1309/1574/2095 1631/2171/2954
f 1631/2171/2954 1309/1574/2095 1241/1376/2096
f 1639/2242/3069 1641/2173/2957 1532/2243/3070
f 1532/2243/3070 1641/2173/2957 1537/2175/2959
f 1517/2181/2965 1617/2182/2966 1514/2244/3071
f 1514/2244/3071 1617/2182/2966 1621/2245/3072
f 1479/2185/3073 1568/2186/2971 1476/1476/1965
f 1476/1476/1965 1568/2186/3074 1574/1475/1964
f 1560/2246/3075 1561/2247/3076 1557/2189/2975
f 1557/2189/2975 1561/2247/3076 1577/2190/2979
f 1611/2194/2982 1613/2248/3077 1612/2196/2984
f 1612/2196/2984 1613/2248/3077 1614/2249/3078
f 1633/2250/3079 1634/2251/3080 1630/2197/2985
f 1630/2197/2985 1634/2251/3080 1620/2198/2986
f 1573/2252/3081 1574/2253/3082 1565/2201/3083
f 1565/2201/3083 1574/2253/3082 1568/2202/2990
f 1411/1717/2489 1408/1716/3084 1687/1852/2490
f 1687/1852/2490 1408/1716/3085 1690/2254/3086
f 1722/2208/2998 1723/2255/3087 1649/2206/3088
f 1649/2206/3089 1723/2255/3087 1650/2256/3090
f 1663/2257/3091 1712/2258/3092 1664/2210/3000
f 1664/2210/3000 1712/2258/3092 1713/2211/3002
f 1704/1506/2002 1670/1505/2001 1706/2259/3093
f 1706/2259/3093 1670/1505/2001 1669/2260/3094
f 907/1960/2631 910/2122/3095 888/1857/2499
f 888/1857/2499 910/2122/3095 908/1298/1757
f 914/1816/2411 874/2123/2403 944/1564/2086
f 944/1564/3096 874/2123/2403 917/1565/2087
f 986/1265/1716 976/1242/1689 994/1669/2217
f 994/1669/2217 976/1242/1689 991/1244/1720
f 1002/1316/3097 1004/2124/3008 969/1319/1785
f 969/1319/1785 1004/2124/2882 1001/1317/1783
f 1125/1188/3098 1126/1681/2890 1142/2261/3099
f 1142/2261/3099 1126/1681/2890 1141/2129/2892
f 988/1263/1714 1021/1536/3100 968/1287/1744
f 968/1287/1744 1021/1536/2041 1020/1809/2400
f 1777/2037/2751 1038/2038/2753 1776/2262/3101
f 1776/2262/3101 1038/2038/2753 973/2263/3102
f 999/2125/2883 1000/2039/2754 977/1519/2018
f 977/1519/2018 1000/2039/2754 998/1518/2017
f 1049/2040/2755 894/1666/2213 1050/2264/3103
f 1050/2264/3103 894/1666/2213 921/2216/3019
f 889/1815/2409 927/1328/1794 1406/1530/2034
f 1406/1530/2034 927/1328/1794 1400/1326/1792
f 960/1524/2027 964/1526/2029 918/1698/2889
f 918/1698/2267 964/1526/2029 920/1699/2268
f 1118/1202/2062 1115/1185/1611 1128/1550/2064
f 1128/1550/2064 1115/1185/1611 1122/2047/3020
f 1143/2265/3104 1127/1187/3105 1142/2261/3099
f 1142/2261/3099 1127/1187/3105 1125/1188/3098
f 1012/1668/2216 1422/1215/1651 1008/1525/2028
f 1008/1525/2028 1422/1215/1651 1421/1309/1773
f 922/2128/2887 918/1698/2267 1396/1329/1795
f 1396/1329/3106 918/1698/3107 1397/1700/3108
f 1084/2050/2777 1071/1997/2830 1171/1871/2520
f 1171/1871/2520 1071/1997/2830 1169/1919/2584
f 1075/1362/1837 1188/1875/3109 1064/1842/2472
f 1064/1842/2470 1188/1875/3110 1187/1921/2698
f 1207/2133/2898 1168/2131/3028 1209/2049/2775
f 1209/2049/2775 1168/2131/3028 1084/2050/2777
f 1215/1873/2522 1214/2134/2899 1079/1556/2073
f 1079/1556/2073 1214/2134/2899 1177/1688/3111
f 1077/1345/2430 1185/2132/2896 1218/1693/2258
f 1218/1693/2258 1185/2132/3031 1221/2136/2902
f 1073/1689/2778 1227/2051/2779 1195/1690/3112
f 1195/1690/2254 1227/2051/2779 1226/2137/2903
f 1230/1973/2659 1100/1593/2122 1232/1563/2084
f 1232/1563/2084 1100/1593/2122 1202/1725/2302
f 1264/2266/3113 1284/2055/2788 1251/2089/3114
f 1251/2089/2835 1284/2055/2788 1282/2267/3115
f 1255/1829/2441 1244/1844/2474 1301/2057/2792
f 1301/2057/2791 1244/1844/2474 1300/1925/2700
f 1324/2140/2910 1323/2054/2787 1264/2266/3113
f 1264/2266/3116 1323/2054/2787 1284/2055/2788
f 1330/2056/2914 1293/1571/3117 1329/2142/2913
f 1329/2142/2913 1293/1571/3117 1259/1701/2270
f 1301/2057/2791 1337/2058/3118 1255/1829/2661
f 1255/1829/2441 1337/2058/2793 1336/1708/2279
f 1311/1573/2094 1253/1386/3119 1342/2059/2795
f 1342/2059/3120 1253/1386/3121 1340/1388/2103
f 1321/1399/1881 1274/1398/1880 1349/2219/3122
f 1349/2219/3122 1274/1398/1880 1324/2140/2910
f 1374/2218/3025 932/1335/1805 1373/1879/2529
f 1373/1879/2529 932/1335/3123 878/1336/3124
f 1275/1582/2109 1315/1581/2108 1426/2268/3125
f 1426/2268/3125 1315/1581/2108 1436/2269/3126
f 1500/2270/3127 1268/1578/2102 1502/2147/2922
f 1502/2147/2922 1268/1578/2102 1298/1577/2100
f 1203/1643/2185 1082/1893/2555 1449/2271/3128
f 1449/2271/3129 1082/1893/2555 1442/1894/2556
f 1086/1696/2262 1530/2223/3130 1191/1561/2080
f 1191/1561/2080 1530/2223/3130 1534/2148/2923
f 1093/1692/2256 1173/1558/3131 1482/2272/3132
f 1482/2272/3132 1173/1558/2075 1488/2149/2925
f 1441/2152/2928 1362/2151/2927 1435/2273/3133
f 1435/2273/3133 1362/2151/2927 1363/2274/3134
f 1488/2154/2930 1483/2275/3135 1489/2156/3136
f 1489/2156/3136 1483/2275/3137 1486/2276/3138
f 1541/2277/3139 1534/2159/2935 1542/2278/3140
f 1542/2278/3140 1534/2159/2935 1535/2160/2936
f 1460/2161/2937 1461/2162/3141 1457/2279/3142
f 1457/2279/3142 1461/2162/2939 1458/2280/3143
f 1500/2281/3144 1501/2282/3145 1504/2163/2940
f 1504/2163/2940 1501/2282/3146 1505/2164/3147
f 1436/1441/1925 1437/1442/1926 1426/1995/2694
f 1426/1995/2694 1437/1442/1926 1427/1996/2695
f 1183/1348/2948 1067/1822/2422 1602/2168/2950
f 1602/2168/2950 1067/1822/2422 1596/2283/3148
f 1741/2284/3149 1137/1338/1809 1740/2235/3150
f 1740/2235/3151 1137/1338/3152 1119/1339/3153
f 1294/1373/1851 1591/2170/2952 1247/1570/2091
f 1247/1570/2091 1591/2170/2952 1586/2239/3066
f 1635/2172/2955 1312/1377/2956 1628/2237/3064
f 1628/2237/3064 1312/1377/2956 1235/1886/2543
f 1535/2285/3154 1623/2005/3155 1542/2003/2706
f 1579/2179/2963 1583/2097/2844 1489/2180/3156
f 1489/2180/3157 1583/2097/2844 1485/2095/3158
f 1620/2098/2846 1523/2099/2847 1621/2245/3159
f 1621/2245/3159 1523/2099/2847 1525/2286/3160
f 1570/2287/3161 1567/2187/2973 1463/2188/2974
f 1575/2288/3162 1580/2191/2978 1578/2289/3163
f 1578/2289/3163 1580/2191/2978 1581/2192/2980
f 1624/2290/3164 1626/2193/3165 1625/2291/3166
f 1625/2291/3167 1626/2193/2981 1615/2195/2983
f 1619/2199/2987 1621/2200/3168 1616/2292/3169
f 1616/2292/3169 1621/2200/3168 1617/2293/3170
f 1571/2203/2991 1572/2204/2993 1564/2294/3171
f 1564/2294/3171 1572/2204/2993 1567/2295/3172
f 1697/1293/1751 1696/2296/3173 1319/1294/1752
f 1319/1294/1752 1696/2296/2186 1239/1589/2118
f 1693/2297/3174 1766/2298/3175 1684/2299/3176
f 1684/2299/3176 1766/2298/3175 1767/2300/3177
f 1728/2301/3178 1724/2209/3179 1647/2302/3180
f 1647/2302/3181 1724/2209/2999 1648/2207/2997
f 1689/2114/2868 1678/2115/2869 1694/1796/2383
f 1694/1796/2383 1678/2115/2869 1677/1797/2384
f 1698/2120/3182 1700/2213/3004 1674/2121/2876
f 1674/2121/2876 1700/2213/3004 1675/2212/3003
f 910/2122/3095 909/2214/2741 908/1298/1757
f 908/1298/3183 909/2214/2209 887/1299/1758
f 945/1511/3184 892/1513/2009 947/2303/3185
f 947/2303/3185 892/1513/2009 946/1827/2434
f 1055/1143/1560 982/1142/1559 1056/1160/1579
f 1056/1160/1579 982/1142/1559 1025/1166/1585
f 1047/1226/1668 1019/1808/2399 1046/1324/1790
f 1046/1324/2448 1019/1808/2399 984/1323/1789
f 978/1314/1780 1003/1863/2506 1002/1316/3097
f 1002/1316/3097 1003/1863/2506 1004/2124/2882
f 1031/1811/3186 1005/1810/2401 1030/1313/2501
f 1030/1313/2501 1005/1810/2401 978/1314/1780
f 1017/1321/1787 1018/2033/2747 962/2304/2013
f 962/2304/2013 1018/2033/2747 967/2034/2748
f 1423/1682/3187 1388/1368/1845 1425/1311/1776
f 1425/1311/1776 1388/1368/1845 1389/1281/1735
f 1000/2039/2754 990/1814/2406 998/1518/2017
f 998/1518/2017 990/1814/2406 970/1806/2405
f 963/1176/1597 1049/2040/2755 940/1859/2502
f 940/1859/2502 1049/2040/2755 1050/2264/3103
f 967/2042/2748 936/2041/2756 962/1516/2013
f 962/1516/2013 936/2041/2756 935/1517/2016
f 964/1526/2029 958/1803/2391 920/1699/2268
f 920/1699/2268 958/1803/3188 919/1802/2773
f 1107/1551/3189 1129/2305/3190 1112/1220/2764
f 1112/1220/2764 1129/2305/3190 1130/2046/2766
f 1122/2047/2768 1127/1187/3105 1144/2048/3191
f 1144/2048/3191 1127/1187/3105 1143/2265/3104
f 919/1802/2390 926/1531/3192 1399/1325/1791
f 1399/1325/1791 926/1531/2036 1400/1326/2035
f 1113/1342/2067 1164/1136/2068 1109/1340/2239
f 1109/1340/2239 1164/1136/2068 1156/1137/3193
f 1171/1871/2520 1169/1919/2584 1083/1825/2429
f 1083/1825/2429 1169/1919/2584 1070/1749/2331
f 1188/1875/2524 1076/1874/3034 1187/1921/2698
f 1187/1921/2586 1076/1874/3194 1065/1922/2587
f 1170/1971/2654 1094/1984/2681 1210/1870/2518
f 1210/1870/2518 1094/1984/2681 1209/2049/2775
f 1217/1872/2521 1216/1358/1833 1180/1415/2656
f 1180/1415/1898 1216/1358/1833 1090/1416/3195
f 1223/1877/2527 1222/1363/1839 1189/1972/2657
f 1189/1972/2657 1222/1363/1839 1087/1562/2082
f 1228/1878/2528 1197/1411/1893 1227/2051/2779
f 1227/2051/2779 1197/1411/1893 1081/1413/1895
f 1375/1967/2642 882/2045/2762 1376/1966/2641
f 1376/1966/2641 882/2045/2762 902/1331/1798
f 1284/2055/3196 1263/1882/3197 1282/2267/3115
f 1282/2267/3115 1263/1882/3197 1250/1754/2785
f 1301/2057/2791 1300/1925/2700 1256/1383/1862
f 1256/1383/3038 1300/1925/2700 1245/1927/2592
f 1325/1881/2534 1323/2054/2787 1273/1410/1892
f 1273/1410/1892 1323/2054/2787 1283/2141/2912
f 1270/1705/2675 1331/1704/2275 1292/1892/3198
f 1292/1892/2554 1331/1704/2275 1330/2056/2789
f 1334/1382/1861 1268/1578/2102 1337/2058/2793
f 1337/2058/2793 1268/1578/2102 1302/2143/3199
f 1343/1885/2542 1342/2059/2795 1260/1975/3200
f 1260/1975/2665 1342/2059/2795 1310/1889/2550
f 1349/2219/3122 1324/2140/2910 1322/2306/3201
f 1322/2306/3201 1324/2140/2910 1264/2266/3116
f 1373/1879/3202 878/1336/1806 1372/1685/2248
f 1372/1685/2248 878/1336/3203 942/2052/2781
f 1315/1581/2283 1279/1711/2284 1436/2269/3126
f 1436/2269/3126 1279/1711/2284 1433/2146/3204
f 1270/1705/2675 1474/1981/3205 1296/1707/2663
f 1296/1707/2663 1474/1981/2674 1494/2062/2802
f 1239/1645/2118 1203/1643/2185 1430/2307/2117
f 1430/2307/2117 1203/1643/3206 1449/2271/3129
f 1088/1896/2559 1189/1972/2657 1540/1898/2561
f 1170/1971/2654 1093/1692/2256 1470/2067/2807
f 1470/2067/2807 1093/1692/2256 1482/2272/3132
f 1435/2273/3207 1363/2274/3134 1437/2068/3208
f 1437/2068/2808 1363/2274/3134 1364/1732/2312
f 1483/2275/3137 1490/2069/2810 1486/2276/3138
f 1486/2276/3138 1490/2069/2810 1491/2070/3209
f 1530/2157/3210 1536/2071/2814 1533/2158/3211
f 1533/2158/2934 1536/2071/2815 1537/2072/2816
f 1457/2279/3142 1458/2280/3143 1462/2073/2817
f 1462/2073/2817 1458/2280/3143 1463/2074/2818
f 1516/2077/2822 1517/2078/2823 1513/1911/2575
f 1513/1911/2575 1517/2078/2823 1514/1912/2576
f 1519/2308/3212 1528/1611/2146 1518/2309/3213
f 1518/2309/3213 1528/1611/2146 1529/1613/2148
f 1065/1922/3214 1184/2085/2897 1611/1924/2589
f 1611/1924/2589 1184/2085/2831 1613/2086/3215
f 1593/2093/2839 1299/2092/2838 1604/1928/3216
f 1604/1928/3216 1299/2092/2838 1245/1927/2592
f 1622/2174/2958 1623/2005/3155 1533/2176/2960
f 1533/2176/2960 1623/2005/3155 1535/2285/3217
f 1514/2244/3071 1621/2245/3159 1525/2286/3218
f 1458/2100/2848 1566/2101/2849 1463/2188/2974
f 1463/2188/2974 1566/2101/3219 1570/2287/3220
f 1582/2102/3221 1575/2288/3162 1583/2103/2853
f 1583/2103/2853 1575/2288/3162 1578/2289/3163
f 1627/2104/2854 1624/2290/3222 1623/2105/3223
f 1623/2105/3223 1624/2290/3164 1625/2291/3167
f 1616/2292/3169 1617/2293/3224 1618/2106/3225
f 1618/2106/3225 1617/2293/3226 1609/2107/2857
f 1570/2109/3227 1569/2108/2858 1567/2295/3172
f 1567/2295/3172 1569/2108/2858 1564/2294/3171
f 1711/1289/1746 1713/1262/1712 988/1263/1714
f 1745/2310/3228 1415/1229/3229 1744/2311/3230
f 1744/2311/3230 1415/1229/1990 1694/1496/1987
f 1684/2299/3176 1683/1955/2626 1693/2297/3174
f 1693/2297/3174 1683/1955/2626 1692/1953/3231
f 1716/2022/2733 1728/2301/3178 1646/2024/2735
f 1646/2024/2735 1728/2301/3232 1647/2302/3181
f 1679/2113/2867 1688/2112/3233 1680/2118/2873
f 1680/2118/2873 1688/2112/3233 1687/2119/2874
f 1696/2312/2004 1697/2030/2740 1671/2313/2003
f 1671/2313/2003 1697/2030/2740 1672/2028/2738
f 916/1300/1759 913/1510/2006 908/1298/3234
f 908/1298/1757 913/1510/2006 888/1857/2499
f 1381/1147/1564 1054/1180/1605 1407/1146/1563
f 1407/1146/1563 1054/1180/1605 1401/1163/1582
f 1031/1811/3186 1059/1305/2881 917/1813/2087
f 917/1813/3235 1059/1305/1766 1058/1306/1767
f 921/2216/3018 922/2128/2887 1404/1173/1594
f 1404/1173/1594 922/2128/2887 1396/1329/1795
f 979/1861/2504 995/1860/2503 999/2125/2883
f 999/2125/2883 995/1860/2503 1000/2039/2754
f 1041/1307/1769 1774/1308/1771 1042/1318/1784
f 1042/1318/1784 1774/1308/1771 1775/1807/2397
f 1019/1808/2399 1021/1536/3100 984/1323/1789
f 984/1323/1789 1021/1536/3100 1016/1537/3009
f 1033/1315/3236 1002/1316/1782 1032/1320/3237
f 1032/1320/1786 1002/1316/3097 969/1319/1785
f 977/1519/2018 1041/1307/3238 1001/1317/1783
f 1001/1317/1783 1041/1307/1769 1042/1318/1784
f 939/1718/2012 1048/1322/1788 962/2304/2013
f 962/2304/2013 1048/1322/1788 1017/1321/1787
f 950/1512/2010 948/1658/2204 949/1514/2011
f 949/1514/2011 948/1658/2204 879/2215/3014
f 1763/1964/2638 937/1866/2510 1771/1686/2250
f 1771/1686/2250 937/1866/2510 938/1684/2532
f 1050/2264/3103 921/2216/3019 1403/1172/1593
f 1403/1172/2045 921/2216/3019 1404/1173/1594
f 940/1859/2502 1050/2264/3103 1402/1539/2046
f 1402/1539/2046 1050/2264/3103 1403/1172/1593
f 1121/1210/3022 1120/1209/1808 1139/2217/3024
f 1139/2217/3024 1120/1209/1808 1138/1337/1807
f 1113/1342/3239 1149/1343/3240 1107/1551/3241
f 1107/1551/3241 1149/1343/3240 1129/2305/3242
f 879/2215/3014 951/1534/3015 1377/1553/2070
f 1377/1553/2070 951/1534/3015 1376/1966/2641
f 1397/1700/3108 1398/1671/2218 891/1804/2392
f 891/1804/2392 1398/1671/2218 924/1659/3243
f 1111/1344/1816 1165/1217/1817 1110/1219/1655
f 1110/1219/1655 1165/1217/1817 1163/1133/1656
f 1026/1158/1576 1024/1157/2266 1383/1212/1648
f 1383/1212/1648 1024/1157/1575 1385/1214/1650
f 1181/1346/1821 1078/1359/2421 1183/1348/2948
f 1183/1348/2948 1078/1359/1834 1067/1822/2422
f 1207/2133/2898 1167/1983/3244 1208/2139/2906
f 1208/2139/2906 1167/1983/2680 1095/2063/2803
f 1213/1353/1827 1214/2134/3032 1092/1559/2077
f 1092/1559/2077 1214/2134/2899 1176/2135/2900
f 1221/2136/2902 1220/1876/2525 1186/1895/2558
f 1186/1895/2558 1220/1876/2525 1088/1896/2559
f 1226/2137/2903 1194/2138/2904 1224/1695/2261
f 1224/1695/2261 1194/2138/2904 1086/1696/2262
f 1206/1352/2907 1233/1364/2908 1097/2314/3245
f 1097/2314/3245 1233/1364/1840 1231/1366/1843
f 885/1821/2420 912/1509/2005 1379/1820/2419
f 1379/1820/2419 912/1509/2005 1380/1225/1667
f 1388/1368/1845 1387/1310/1775 1039/1369/1847
f 1039/1369/1847 1387/1310/1775 1034/1568/2089
f 1295/1372/1850 1294/1373/1851 1258/1569/2090
f 1258/1569/2090 1294/1373/1851 1247/1570/2091
f 1271/1723/2298 1329/2142/2913 1289/1576/2454
f 1289/1576/2453 1329/2142/2913 1328/1378/3040
f 1332/1883/2537 1269/1974/2801 1335/1384/1864
f 1335/1384/1863 1269/1974/2801 1298/1577/2100
f 1341/1389/1871 1338/1884/2539 1307/1580/2107
f 1307/1580/2107 1338/1884/3246 1266/1403/1885
f 1408/2315/2291 939/1515/2012 1414/1394/1876
f 1414/1394/1876 939/1515/2012 956/1395/1877
f 1321/1399/3247 1275/1582/2109 1428/1401/1883
f 1428/1401/1883 1275/1582/2109 1426/2268/3125
f 1268/1578/2102 1500/2270/3127 1302/2143/2915
f 1302/2143/3199 1500/2270/3127 1504/2220/3043
f 1457/1409/1891 1273/1410/1892 1460/2221/3044
f 1460/2221/3044 1273/1410/1892 1283/2141/2912
f 1081/1413/1895 1531/1414/3248 1194/2138/2904
f 1194/2138/2904 1531/1414/3248 1536/2222/3045
f 1176/2135/2900 1091/1596/2125 1490/2224/3249
f 1490/2224/3047 1091/1596/2125 1484/1597/2127
f 1353/1899/2562 1358/1419/1902 1444/1900/2563
f 1444/1900/2563 1358/1419/1902 1450/1421/1904
f 1465/1424/1907 1470/2225/3049 1466/1426/3250
f 1466/1426/3250 1470/2225/3049 1471/2226/3251
f 1544/2227/3252 1541/2277/3139 1545/2228/3052
f 1545/2228/3052 1541/2277/3139 1542/2278/3140
f 1519/2316/3212 1518/2317/3213 1538/1989/3253
f 1538/1989/2686 1518/2317/3213 1539/1990/2687
f 1502/2231/3053 1503/2232/3254 1500/2281/3144
f 1500/2281/3144 1503/2232/3054 1501/2282/3145
f 1432/2165/3255 1434/2166/2943 1438/2233/3055
f 1438/2233/3055 1434/2166/2943 1441/2234/3056
f 1067/1822/2422 1178/1557/2074 1596/2283/3256
f 1596/2283/3256 1178/1557/2074 1600/2236/3062
f 1196/1823/3063 1062/1447/1931 1642/2238/3065
f 1642/2238/3065 1062/1447/1931 1638/1449/3257
f 1291/1572/2435 1573/2240/3067 1248/1451/2436
f 1248/1451/2436 1573/2240/3067 1565/1452/1936
f 1242/1622/2158 1309/1574/2095 1630/1621/2157
f 1630/1621/2157 1309/1574/2095 1633/2241/3068
f 1643/1847/2479 1639/2242/3069 1539/1849/3258
f 1539/1849/3258 1639/2242/3069 1532/2243/3070
f 1556/1850/2487 1558/1851/2488 1560/2246/3075
f 1560/2246/3259 1558/1851/2488 1561/2247/3076
f 1613/2248/3077 1610/1479/1968 1614/2249/3078
f 1614/2249/3078 1610/1479/1968 1599/1481/3260
f 1631/1485/1975 1632/1486/1976 1633/2250/3079
f 1633/2250/3079 1632/1486/1976 1634/2251/3080
f 1586/1489/3261 1588/1490/1981 1573/2252/3262
f 1573/2252/3262 1588/1490/1981 1574/2253/3082
f 1414/1394/2729 1691/2020/2730 1408/2315/3085
f 1408/2315/3263 1691/2020/2730 1690/2318/3086
f 1723/2255/3264 1727/2319/2621 1650/2256/3265
f 1650/2256/3265 1727/2319/2621 1651/2320/2622
f 1662/1502/1997 1709/1501/3266 1663/2257/3267
f 1663/2257/3267 1709/1501/3266 1712/2258/3268
f 1668/1655/2201 1705/1654/3269 1669/2260/3094
f 1669/2260/3094 1705/1654/3269 1706/2259/3093
f 1675/2321/3270 1667/2322/3271 1674/2323/3272
f 1674/2323/3272 1667/2322/3271 1668/2324/3273
f 1674/2323/3272 1668/2324/3273 1673/2325/3274
f 1673/2325/3275 1668/2324/3273 1669/2326/3276
f 1672/2327/3277 1673/2325/3278 1670/2328/3279
f 1670/2328/3279 1673/2325/3278 1669/2326/3280
f 1672/2327/3277 1670/2328/3279 1671/2329/3281
f 1682/2330/3282 1680/2331/3283 1681/2332/3284
f 1683/2333/3285 1684/2334/3286 1679/2335/3287
f 1679/2335/3287 1684/2334/3286 1678/2336/3288
f 1682/2330/3282 1683/2333/3285 1680/2331/3289
f 1680/2331/3283 1683/2333/3285 1679/2335/3287
f 1743/2337/3290 1677/2338/3291 1748/2339/3292
f 1748/2339/3292 1677/2338/3291 1665/2340/3293
f 1677/2338/3291 1678/2336/3288 1665/2340/3294
f 1665/2340/3294 1678/2336/3288 1767/2341/3295
f 1678/2336/3288 1684/2334/3286 1767/2341/3295
f 1675/2321/3270 1686/2342/3296 1667/2322/3297
f 1667/2322/3297 1686/2342/3296 1685/2343/3298
f 1686/2342/3296 1676/2344/3299 1685/2343/3300
f 1685/2343/3300 1676/2344/3299 1666/2345/3301
f 1649/2346/3302 1650/2347/3303 1653/2348/3304
f 1653/2348/3304 1650/2347/3305 1652/2349/3306
f 1652/2349/3307 1650/2347/3303 1651/2350/3308
f 1654/2351/3309 1655/2352/3310 1648/2353/3311
f 1648/2353/3311 1655/2352/3310 1647/2354/3312
f 1653/2348/3304 1654/2351/3309 1649/2346/3302
f 1649/2346/3302 1654/2351/3309 1648/2353/3311
f 1657/2355/3313 1658/2356/3314 1645/2357/3315
f 1659/2358/3316 1644/2359/3317 1658/2356/3314
f 1658/2356/3314 1644/2359/3317 1645/2357/3318
f 1655/2352/3310 1656/2360/3319 1647/2354/3320
f 1647/2354/3312 1656/2360/3319 1646/2361/3321
f 1656/2360/3319 1657/2355/3313 1646/2361/3321
f 1646/2361/3321 1657/2355/3313 1645/2357/3315
f 1659/2358/3316 1660/2362/3322 1644/2359/3317
f 1644/2359/3323 1660/2362/3322 1664/2363/3324
f 1663/2364/3325 1664/2363/3324 1661/2365/3326
f 1661/2365/3327 1664/2363/3328 1660/2362/3322
f 1663/2364/3329 1661/2365/3326 1662/2366/3330
f 1201/2367/3331 1099/1977/2671 1371/2368/1570
f 1371/2368/1570 1099/1977/2670 1151/1976/1568
f 1318/2060/2796 1348/1832/2445 1261/1296/1755
f 1261/1296/1755 1348/1832/2445 1350/1295/1754
f 1251/2089/3114 1282/2267/3115 1547/2091/3332
f 1547/2091/3332 1282/2267/3115 1550/2369/3333
f 961/1304/1604 1022/1144/1764 1053/1177/3334
f 1053/1177/1599 1022/1144/3335 1382/1145/1562
f 1057/1148/1565 1058/1566/3336 1381/1147/1564
f 1381/1147/1564 1058/1566/1767 961/1181/1604
f 971/1168/1587 1730/1159/3337 1025/1166/1585
f 1025/1166/1585 1730/1159/3337 1056/1160/1579
f 1032/1320/2398 1731/1169/1588 1033/1315/1781
f 1033/1315/3338 1731/1169/3339 1061/1167/1586
f 1369/1129/3340 943/1130/1546 1057/1148/1565
f 1057/1148/1565 943/1130/1546 944/1564/2086
f 949/1514/2011 879/2215/3014 1378/1552/2069
f 1378/1552/2069 879/2215/3341 1377/1553/2070
f 891/1804/2392 945/1511/2007 923/1330/1797
f 923/1330/3342 945/1511/2007 947/2303/3185
f 1734/1174/2043 947/2303/3343 941/1538/2044
f 1369/1129/3344 1407/1146/1563 1732/1127/1666
f 1732/1127/1666 1407/1146/1563 877/1162/1581
f 1380/1225/1667 1732/1127/1543 946/1827/2434
f 946/1827/2434 1732/1127/1666 877/1162/1581
f 941/1538/2044 1733/1161/1580 1402/1539/3345
f 1402/1539/2046 1733/1161/3346 1401/1163/1582
f 941/1538/2044 947/2303/3343 1733/1161/3346
f 1733/1161/1580 947/2303/3185 946/1827/2434
f 923/1330/3342 947/2303/3185 872/1175/1596
f 872/1175/3347 947/2303/3185 1734/1174/1595
f 1424/1312/1778 1390/1257/3348 1419/1520/2019
f 1419/1520/2019 1390/1257/1706 1392/1255/1704
f 1420/1201/2020 1118/1202/1632 1157/1203/2023
f 1157/1203/1633 1118/1202/1632 1155/1204/1635
f 1164/1136/1552 1162/1134/1550 1405/1132/1548
f 1163/1133/3349 1165/1217/1653 930/1131/1547
f 1115/1185/1631 1420/1201/2020 1117/1186/3350
f 1117/1186/3350 1420/1201/2020 1393/1141/1558
f 1045/1228/3351 1415/1229/1672 1746/2370/3352
f 1746/2370/3352 1415/1229/1672 1745/2310/3353
f 983/1198/1626 1045/1228/1670 1747/1197/1624
f 1747/1197/1624 1045/1228/3351 1746/2370/3352
f 1322/2306/3354 1264/2266/3113 1320/2088/3355
f 1320/2088/2834 1264/2266/3113 1251/2089/3114
f 1347/1584/2112 1349/2219/3041 1276/1392/1874
f 1276/1392/1874 1349/2219/3041 1322/2306/3354
f 1276/1392/1874 1322/2306/3201 1277/1390/3356
f 1277/1390/1872 1322/2306/3201 1320/2088/2834
f 1282/2267/3115 1250/1754/2785 1550/2369/3333
f 1550/2369/3333 1250/1754/2336 1548/1756/2338
f 1277/1390/3356 1320/2088/3357 1546/2371/3358
f 1546/2371/3359 1320/2088/3355 1552/2090/2836
f 1345/1583/2111 1347/1584/2112 1316/1393/1875
f 1316/1393/3360 1347/1584/2112 1276/1392/1874
f 1736/2372/3361 1277/1390/1872 1546/2371/3358
f 1350/1295/1754 1348/1832/2445 1698/1292/1750
f 1698/1292/1750 1348/1832/2445 1281/1290/1748
f 1350/1295/1754 1699/1297/1756 1697/1293/1751
f 1346/1710/2282 1345/1583/2111 1280/1831/3362
f 1280/1831/3363 1345/1583/2111 1316/1393/3360
f 1280/1831/3363 1316/1393/1875 1278/1887/2545
f 1278/1887/2545 1316/1393/1875 1317/1391/1873
f 1278/1887/2545 1351/1585/2548 1280/1831/3363
f 1280/1831/3363 1351/1585/2548 1281/1290/1748
f 1120/1209/3364 1152/1191/1643 1119/1339/3365
f 1119/1339/3365 1152/1191/1643 1114/1193/3059
f 1007/1196/3366 1735/1194/3367 1029/1665/2212
f 1029/1665/2212 1735/1194/1621 1027/1192/3368
f 1738/1962/2637 1735/1194/1621 1737/1195/1622
f 1737/1195/3369 1735/1194/1621 1007/1196/1625
f 1742/2373/3370 1317/1391/1873 1736/2372/3371
f 1736/2372/3371 1317/1391/1873 1277/1390/1872
f 1738/1962/2637 1737/1195/1622 1736/2374/3371
f 1736/2374/3371 1737/1195/1622 1742/2375/3372
f 1739/1961/2635 1738/1962/2637 1546/2376/3358
f 1546/2376/3373 1738/1962/2637 1736/2374/3361
f 1740/2235/3060 1739/1961/3057 1554/2377/3374
f 1554/2377/3375 1739/1961/3057 1546/2376/3376
f 1395/2378/3377 1741/2284/3149 1554/2377/1681
f 1554/2377/3378 1741/2284/3149 1740/2235/3151
f 1352/2144/2916 1317/1391/1873 1742/2373/3372
f 1744/1798/2385 1743/1799/3379 1695/1958/3380
f 1695/1958/2629 1743/1799/2387 1676/1956/2627
f 1416/2379/2188 1745/2310/3228 1695/2380/2189
f 1695/2380/2189 1745/2310/3228 1744/2311/3381
f 1150/2381/2546 1746/2370/3382 1416/2379/2549
f 1416/2379/2549 1746/2370/3352 1745/2310/3353
f 1352/2382/2916 1747/1197/1624 1150/2381/3383
f 1150/2381/2546 1747/1197/1624 1746/2370/3384
f 1747/1197/1624 1352/2382/2916 1737/1195/1622
f 1737/1195/3369 1352/2382/2916 1742/2375/3372
f 1101/2383/3385 1230/1973/2659 1102/1275/1729
f 1102/1275/1729 1230/1973/2659 1232/1563/2083
f 1099/1977/2670 1101/2383/3386 1240/1979/3387
f 1240/1979/3388 1101/2383/3386 1102/1275/1729
f 1200/2384/3389 1229/1697/2658 1101/2383/3386
f 1101/2383/3390 1229/1697/2658 1230/1973/2659
f 1201/2367/3391 1200/2384/3389 1099/1977/2671
f 1099/1977/2670 1200/2384/3389 1101/2383/3390
f 1234/1278/2085 1706/1280/3392 1705/1276/1730
f 1704/1279/1733 1234/1278/1732 1203/1643/2185
f 1203/1643/2185 1234/1278/1732 1082/1893/2555
f 1748/1854/2496 1665/2385/3393 1749/1856/2498
f 1749/1856/2498 1665/2385/3393 1702/2386/3394
f 1702/2387/3395 1417/2388/3396 1749/2110/3397
f 1749/2110/2862 1417/2388/3398 1750/1189/2863
f 1417/2388/3399 953/2389/3400 1750/1189/1615
f 1750/1189/3401 953/2389/3400 1751/1149/1566
f 953/2389/3400 893/2390/3402 1751/1149/1566
f 1751/1149/1566 893/2390/3402 1752/1150/1567
f 893/2390/3403 1370/2391/3404 1752/1150/1567
f 1752/1150/1567 1370/2391/3404 1759/1155/1573
f 1394/2392/1673 1555/2393/1676 1754/1929/2594
f 1754/1929/2594 1555/2393/1676 1755/1930/2595
f 1559/2394/3405 1756/2167/2944 1555/2393/3406
f 1555/2393/3407 1756/2167/2944 1755/1930/3408
f 1757/1154/1572 1753/1153/1571 1559/2394/2703
f 1559/2394/2703 1753/1153/1571 1756/2167/3409
f 1759/1155/1573 1370/2391/3404 1753/1153/1571
f 1753/1153/1571 1370/2391/3404 1159/2395/3410
f 1097/2314/3245 1231/1366/1843 1200/2384/3389
f 1200/2384/3389 1231/1366/1842 1229/1697/2658
f 1201/2367/3331 1098/1999/2702 1200/2384/3389
f 1200/2384/3389 1098/1999/2702 1097/2314/3411
f 1204/1351/1825 1206/1352/2907 1098/1999/2702
f 1098/1999/2702 1206/1352/2907 1097/2314/3245
f 1556/2169/3412 1072/1349/3029 1562/2001/2704
f 1562/2001/2704 1072/1349/3029 1204/1351/1825
f 1201/2367/3331 1758/2396/1574 1098/1999/3413
f 1098/1999/2702 1758/2396/1574 1757/2397/1572
f 1098/1999/2702 1757/2397/1572 1559/2000/2703
f 1161/1970/3414 1756/2167/3415 1159/2395/3410
f 1159/2395/3410 1756/2167/3415 1753/1153/1571
f 1374/2218/3025 901/2044/3416 1375/1967/2642
f 1375/1967/2642 901/2044/3416 882/2045/2762
f 903/1332/1802 884/1817/2413 906/1540/2047
f 906/1540/2047 884/1817/2413 898/1541/2048
f 870/1880/2530 881/1674/2223 901/2044/2761
f 901/2044/2761 881/1674/2223 897/1673/2222
f 1373/1879/2529 870/1880/2530 1374/2218/3025
f 1374/2218/3025 870/1880/2531 901/2044/3417
f 1371/2368/1570 1758/2396/1574 1201/2367/3331
f 1758/1156/1574 1371/1152/1570 1759/1155/1573
f 1759/1155/1573 1371/1152/1570 1752/1150/3418
f 1240/1979/2995 1708/2205/3419 1418/1978/3420
f 1418/1978/3420 1708/2205/2994 1703/2398/2864
f 1743/2337/3290 1748/2339/3292 1676/2344/3421
f 1676/2344/3299 1748/2339/3292 1666/2345/3422
f 1728/1283/1740 1015/1208/1640 1724/1138/1555
f 1724/1138/3423 1015/1208/3424 1760/1139/1556
f 1760/1139/1556 1015/1208/3424 1391/1680/3425
f 1391/1680/3426 1015/1208/1640 1116/1206/1637
f 1760/1139/1556 1391/1680/3425 1393/1141/1739
f 1393/1141/1558 1391/1680/3425 1117/1186/3350
f 1761/1205/3427 1762/1207/1638 1152/1191/1618
f 1152/1191/1618 1762/1207/1639 1027/1192/1619
f 1728/1283/1740 972/1285/1742 1015/1208/3424
f 1015/1208/1640 972/1285/1742 1762/1207/1639
f 1027/1192/1619 1762/1207/1639 972/1285/1742
f 1764/1965/2639 1763/1964/2638 953/2389/3400
f 953/2389/3400 1763/1964/3428 893/2390/3402
f 1765/1784/3429 1764/1965/2639 1417/2388/3430
f 1417/2388/3399 1764/1965/2639 953/2389/3400
f 1766/1785/2371 1765/1784/2370 1702/2387/3395
f 1702/2387/3395 1765/1784/2370 1417/2388/3398
f 1766/2298/3175 1702/2386/3394 1767/2300/3177
f 1767/2300/3177 1702/2386/3431 1665/2385/3432
f 1768/1223/3433 1161/1970/3434 1769/2053/2783
f 1769/2053/3435 1161/1970/3436 1159/2395/3410
f 1770/1687/2797 1769/2053/3435 1370/2391/3404
f 1370/2391/3404 1769/2053/2783 1159/2395/3410
f 1771/1686/2250 1770/1687/2797 893/2390/3402
f 893/2390/3402 1770/1687/2797 1370/2391/3404
f 1763/1964/2638 1771/1686/2250 893/2390/3402
f 1772/1272/1726 973/2263/3437 1773/1274/1728
f 1773/1274/1728 973/2263/3102 1038/2038/2753
f 1773/1274/1770 1038/2038/2753 1774/1308/1771
f 1774/1308/1771 1038/2038/3438 980/2036/2750
f 1774/1308/1771 980/2036/2750 1775/1807/2397
f 1775/1807/2397 980/2036/2750 1035/2127/3010
f 1721/1269/1722 1725/2399/3439 1782/1270/1724
f 1782/1270/1724 1725/2399/3440 1781/2400/3441
f 1775/1807/2397 1035/2127/3010 1731/1169/1588
f 1731/1169/1588 1035/2127/3010 971/1168/1587
f 1037/1282/1737 1039/1369/1847 1776/2262/3442
f 1776/2262/3101 1039/1369/1847 1777/2037/2751
f 1034/1568/3443 1778/2035/2749 1039/1369/1847
f 1039/1369/1847 1778/2035/3012 1777/2037/2751
f 1036/1567/3444 1779/2126/2885 1034/1568/3443
f 1034/1568/2089 1779/2126/2885 1778/2035/3012
f 1726/1260/3445 1780/1261/1711 1725/2399/3439
f 1725/2399/3439 1780/1261/1711 1781/2400/3441
f 1730/1159/3337 1779/2126/2885 1024/1157/2266
f 1024/1157/1575 1779/2126/2885 1036/1567/2088
f 1043/1259/3446 1727/1256/3447 1390/1257/1706
f 976/1242/1689 1710/1266/1717 1717/1243/1718
f 1780/1261/1711 1776/2262/3101 1781/2400/3441
f 1781/2400/3441 1776/2262/3101 973/2263/3102
f 1782/1270/3448 1781/2400/3441 1772/1272/1726
f 1772/1272/1726 1781/2400/3441 973/2263/3102
f 1783/1248/1723 1782/1270/1724 1040/1271/1725
f 1040/1271/2396 1782/1270/1724 1772/1272/1726
f 989/1247/1694 1783/1248/1723 970/1806/2405
f 970/1806/2405 1783/1248/1723 1040/1271/2396
f 1043/1259/1710 1037/1282/1737 1780/1261/1711
f 1780/1261/1711 1037/1282/1737 1776/2262/3101
