# Blender v3.2.2 OBJ File: 'oculus_controller_R.blend'
# www.blender.org
mtllib oculus_controller_R.mtl
o controller_ply_Mesh
v 0.014416 -0.016559 0.073555
v 0.009972 -0.012532 0.125751
v 0.010439 0.008324 0.124936
v 0.012505 -0.015482 0.101124
v -0.000373 -0.018553 0.131411
v -0.000367 -0.024283 0.101419
v 0.011980 0.011433 0.102330
v 0.011062 -0.002570 0.129108
v 0.019554 -0.003411 0.072155
v 0.016183 -0.002732 0.101624
v -0.000369 -0.023496 0.086488
v 0.008606 -0.019755 0.074476
v 0.013639 -0.015996 0.086761
v 0.008765 -0.020370 0.101545
v 0.008987 -0.020606 0.086748
v 0.011013 -0.014770 0.115351
v 0.006966 -0.015625 0.129010
v -0.000361 -0.023332 0.117258
v 0.007690 -0.019491 0.116624
v 0.013045 0.011323 0.087121
v 0.017912 -0.002877 0.086730
v 0.011039 0.010386 0.116540
v 0.014114 -0.002509 0.116250
v 0.018666 -0.015981 0.056471
v -0.000371 0.013030 0.132861
v 0.008488 -0.022320 0.066429
v 0.004225 -0.020508 0.074592
v 0.008863 -0.020144 0.080162
v 0.004715 -0.022700 0.086579
v -0.000362 -0.022021 0.079791
v 0.004513 -0.021474 0.080111
v 0.014063 -0.016244 0.079957
v 0.013122 -0.015738 0.093851
v 0.008951 -0.020600 0.093946
v 0.004835 -0.023064 0.101538
v -0.000370 -0.024094 0.093636
v 0.004837 -0.023044 0.093800
v 0.008265 -0.020096 0.109268
v 0.004373 -0.022040 0.117127
v -0.000367 -0.024072 0.109404
v 0.004656 -0.022781 0.109455
v 0.011765 -0.015196 0.108477
v 0.010351 -0.014050 0.121178
v 0.007191 -0.018230 0.123145
v 0.003924 -0.017482 0.130636
v -0.000366 -0.021694 0.124581
v 0.004072 -0.020483 0.124175
v -0.000363 -0.012545 0.137612
v 0.003230 0.017412 0.118564
v 0.003154 0.018280 0.103201
v 0.003159 0.018061 0.111076
v 0.003577 0.012472 0.131963
v 0.003318 0.015859 0.125385
v 0.010532 0.009471 0.122093
v 0.011515 0.011012 0.109774
v 0.003265 0.018053 0.088332
v 0.003192 0.018236 0.095234
v 0.012442 0.011606 0.094711
v 0.003373 0.017873 0.083653
v 0.018049 0.003118 0.071174
v 0.013840 0.010291 0.079721
v 0.016596 0.004642 0.086958
v 0.018715 -0.003053 0.079257
v 0.017257 0.004129 0.079231
v 0.008448 -0.020299 0.070163
v 0.004030 -0.023328 0.067559
v 0.004078 -0.021206 0.070903
v 0.012614 -0.020558 0.064294
v 0.014324 -0.017270 0.067475
v -0.000367 -0.028455 0.064167
v 0.003824 0.006132 0.137405
v 0.010903 0.003588 0.127581
v 0.020312 -0.004463 0.065843
v 0.006683 -0.010867 0.134403
v 0.003534 -0.012255 0.136376
v 0.013356 0.004302 0.116479
v 0.012943 -0.002456 0.122673
v 0.012361 0.003928 0.122524
v 0.015111 0.004770 0.102009
v 0.015174 -0.002621 0.109106
v 0.014238 0.004627 0.109508
v 0.017096 -0.002795 0.094176
v 0.015905 0.004770 0.094516
v 0.016846 -0.020670 0.054563
v 0.008816 -0.026379 0.062690
v 0.012360 -0.024476 0.060684
v 0.004216 -0.027873 0.063831
v -0.000371 -0.020781 0.074495
v -0.000367 0.018839 0.103304
v -0.000367 0.018529 0.088404
v -0.000367 0.018097 0.118862
v -0.000341 -0.003202 0.140666
v -0.000367 -0.023684 0.067878
v -0.000369 0.006764 0.138410
v -0.000367 0.018688 0.111260
v -0.000365 0.016540 0.125856
v -0.000367 0.018739 0.095285
v -0.000369 -0.021571 0.071138
v -0.013814 -0.013170 0.072408
v -0.011855 -0.011615 0.124846
v -0.013379 -0.013549 0.101047
v -0.011899 -0.002504 0.127749
v -0.016786 -0.002626 0.070483
v -0.014363 -0.002236 0.102693
v -0.008694 -0.018518 0.074193
v -0.009507 -0.020442 0.101543
v -0.009246 -0.019990 0.087367
v -0.013026 -0.013005 0.115062
v -0.008241 -0.015706 0.129418
v -0.008708 -0.020053 0.116612
v -0.013687 -0.002306 0.116015
v -0.007967 0.011184 0.130458
v -0.007788 -0.003390 0.137882
v -0.017508 -0.015935 0.058227
v -0.008984 -0.022025 0.066110
v -0.004847 -0.020101 0.074703
v -0.005364 -0.022510 0.086594
v -0.005110 -0.021123 0.080430
v -0.011335 -0.016507 0.073384
v -0.013222 -0.013666 0.095358
v -0.011749 -0.017396 0.101240
v -0.009402 -0.020313 0.093735
v -0.011667 -0.017253 0.094521
v -0.005638 -0.023203 0.101536
v -0.005539 -0.023036 0.093588
v -0.009267 -0.020399 0.109288
v -0.005233 -0.022346 0.117168
v -0.005497 -0.023024 0.109471
v -0.013352 -0.013337 0.108294
v -0.011257 -0.016947 0.115708
v -0.011667 -0.017266 0.108692
v -0.012436 -0.012472 0.120786
v -0.010411 -0.013779 0.127017
v -0.008406 -0.018579 0.123343
v -0.010649 -0.016008 0.122138
v -0.005070 -0.017704 0.130826
v -0.004958 -0.020801 0.124297
v -0.019842 -0.010565 0.057324
v -0.003990 0.017485 0.118574
v -0.003901 0.018310 0.103261
v -0.003914 0.018132 0.111134
v -0.004334 0.012587 0.132175
v -0.004096 0.015955 0.125419
v -0.003990 0.018019 0.088333
v -0.003921 0.018222 0.095234
v -0.015810 0.004186 0.073318
v -0.008738 -0.019459 0.069573
v -0.004733 -0.023240 0.067461
v -0.004682 -0.020940 0.070762
v -0.013404 -0.019478 0.063216
v -0.015440 -0.013858 0.065065
v -0.012155 -0.017370 0.067772
v -0.004600 -0.003118 0.140071
v -0.004512 0.006424 0.137765
v -0.011381 0.004664 0.127591
v -0.010341 -0.002931 0.133493
v -0.009741 0.004572 0.132750
v -0.019083 -0.003119 0.062949
v -0.015396 -0.009053 0.071882
v -0.017440 -0.009291 0.064142
v -0.007992 -0.011368 0.134271
v -0.004606 -0.012324 0.136919
v -0.012107 -0.008923 0.126200
v -0.010367 -0.010069 0.130513
v -0.012898 0.005410 0.116731
v -0.012993 -0.002356 0.121890
v -0.012255 0.005251 0.122309
v -0.013480 0.005649 0.102342
v -0.014132 -0.002314 0.109551
v -0.013204 0.005738 0.110076
v -0.014111 -0.009953 0.101411
v -0.013648 -0.009570 0.115588
v -0.012967 -0.009275 0.121445
v -0.013666 0.005279 0.096676
v -0.014034 -0.009801 0.108706
v -0.016818 -0.021031 0.055597
v -0.009600 -0.026428 0.062762
v -0.013765 -0.023745 0.059762
v -0.004990 -0.027974 0.064007
v -0.000358 0.010256 0.135941
v 0.003751 0.009627 0.134942
v -0.004448 0.009826 0.135270
v -0.007534 0.008928 0.133754
v -0.000476 0.002075 0.140218
v 0.003909 0.001586 0.138969
v -0.007808 0.001781 0.137628
v -0.010055 0.000657 0.133607
v 0.003599 -0.008017 0.138502
v -0.000264 -0.008049 0.139762
v -0.004405 -0.007713 0.139336
v -0.007737 -0.006850 0.137261
v -0.010457 -0.006228 0.132662
v 0.009840 0.068655 0.042936
v 0.019671 0.064966 0.042844
v 0.027941 0.059366 0.042729
v 0.034254 0.052618 0.042607
v 0.038840 0.045028 0.042474
v 0.041785 0.036834 0.042339
v 0.043044 0.028608 0.042211
v 0.042749 0.019961 0.042056
v 0.040865 0.011729 0.041880
v 0.037597 0.004099 0.041694
v 0.032819 -0.003390 0.041576
v 0.010189 0.069989 0.037323
v 0.020278 0.066213 0.037258
v 0.028792 0.060522 0.037163
v 0.035352 0.053665 0.037048
v 0.040209 0.045913 0.036924
v 0.043444 0.037495 0.036799
v 0.044996 0.028946 0.036676
v 0.044972 0.019970 0.036541
v 0.009734 0.066943 0.025228
v 0.009506 -0.022029 0.024904
v 0.043260 0.011138 0.036404
v 0.039846 0.002718 0.036266
v 0.034785 -0.005076 0.036145
v 0.019060 0.063581 0.025214
v 0.027114 0.058507 0.025196
v 0.033431 0.052424 0.025172
v 0.038363 0.045394 0.025142
v 0.041953 0.037459 0.025116
v 0.043970 0.029226 0.025097
v 0.044458 0.020456 0.025067
v 0.043210 0.011470 0.025036
v 0.039996 0.002571 0.024998
v 0.034951 -0.005435 0.024965
v 0.027173 -0.013171 0.024926
v 0.027596 -0.012860 0.036026
v 0.026522 -0.011562 0.041453
v 0.019727 -0.018355 0.041272
v 0.019089 -0.018325 0.024914
v 0.019754 -0.019014 0.035950
v 0.015060 -0.021949 0.035894
v -0.000367 0.017269 0.077854
v 0.019357 -0.000293 0.053245
v 0.017774 0.001984 0.057158
v 0.016164 0.004372 0.061403
v 0.007030 0.015089 0.075618
v 0.013553 0.008052 0.066879
v 0.003506 0.016735 0.077321
v 0.010283 0.012191 0.072295
v 0.011706 0.010500 0.070186
v 0.008521 0.013899 0.074262
v 0.005241 0.016098 0.076688
v -0.022877 -0.002741 0.055378
v -0.008787 0.015529 0.078813
v -0.015943 0.007737 0.070251
v -0.011473 0.013258 0.076612
v -0.006307 0.016945 0.079974
v -0.020091 -0.000293 0.053245
v -0.017387 0.003595 0.059927
v -0.015907 0.005769 0.063481
v -0.007764 0.015089 0.075618
v -0.014287 0.008052 0.066879
v -0.004240 0.016735 0.077321
v -0.011017 0.012191 0.072295
v -0.012440 0.010500 0.070186
v -0.009255 0.013899 0.074262
v -0.005975 0.016098 0.076688
v 0.006617 0.014789 0.075330
v 0.008054 0.013643 0.074022
v 0.009783 0.011968 0.072091
v 0.011184 0.010297 0.070021
v 0.013018 0.007871 0.066730
v 0.015621 0.004210 0.061265
v 0.017230 0.001811 0.057038
v 0.018821 -0.000504 0.053153
v -0.019555 -0.000504 0.053153
v -0.016843 0.003423 0.059807
v -0.015364 0.005606 0.063343
v -0.013752 0.007871 0.066730
v -0.011918 0.010297 0.070021
v -0.010517 0.011968 0.072091
v -0.008788 0.013643 0.074022
v -0.007351 0.014789 0.075330
v -0.005652 0.015749 0.076344
v -0.004028 0.016343 0.076939
v -0.000367 0.016849 0.077446
v 0.003294 0.016343 0.076939
v 0.004918 0.015749 0.076344
v -0.019737 -0.018467 0.046510
v 0.019258 -0.018104 0.046520
v -0.020059 0.001549 0.061721
v 0.018708 0.002487 0.063110
v -0.000367 0.018249 0.080927
v -0.004159 0.017731 0.080580
v 0.003425 0.017731 0.080580
v -0.004107 0.017873 0.083653
v -0.000367 0.018365 0.083878
v 0.022168 -0.006883 0.055844
v 0.015209 0.007737 0.070251
v 0.022391 -0.003104 0.054781
v 0.008053 0.015529 0.078813
v 0.010739 0.013258 0.076612
v 0.005573 0.016945 0.079974
v 0.013037 0.010673 0.073826
v 0.035193 0.000075 0.041637
v 0.037536 -0.001800 0.024979
v 0.037338 -0.001514 0.036210
v 0.039328 0.007709 0.041798
v 0.041798 0.006783 0.025016
v 0.041690 0.006668 0.036346
v 0.041910 0.015453 0.041983
v 0.044004 0.015606 0.025048
v 0.044256 0.015168 0.036479
v 0.043084 0.023979 0.042148
v 0.044429 0.024568 0.025080
v 0.045191 0.024153 0.036615
v 0.042638 0.032454 0.042288
v 0.044468 0.032951 0.036743
v 0.043213 0.033090 0.025105
v 0.042170 0.041406 0.036863
v 0.040485 0.041171 0.025123
v 0.040638 0.040633 0.042417
v 0.036919 0.048620 0.042556
v 0.038167 0.049589 0.036988
v 0.036244 0.048746 0.025153
v 0.031548 0.055866 0.042685
v 0.032532 0.056975 0.037110
v 0.030701 0.055343 0.025181
v 0.024812 0.063533 0.037219
v 0.023328 0.061181 0.025201
v 0.024077 0.062324 0.042807
v 0.014938 0.067069 0.042913
v 0.014568 0.065486 0.025219
v 0.015443 0.068362 0.037298
v 0.004573 0.069588 0.042956
v 0.004523 0.067845 0.025217
v 0.004760 0.070953 0.037334
v 0.023423 -0.015823 0.024925
v 0.024056 -0.015924 0.035986
v 0.022950 -0.015351 0.041386
v 0.014501 -0.020428 0.024905
v 0.004422 -0.022967 0.024895
v 0.029861 -0.007369 0.041407
v 0.031186 -0.009639 0.024950
v 0.031304 -0.009183 0.036038
v 0.038061 -0.002098 0.030621
v 0.035442 -0.005715 0.030569
v 0.040573 0.002252 0.030679
v 0.042431 0.006399 0.030730
v 0.043945 0.011082 0.030783
v 0.044856 0.015239 0.030823
v 0.045443 0.020144 0.030869
v 0.045544 0.024351 0.030904
v 0.045217 0.029145 0.030941
v 0.043428 0.037685 0.030988
v 0.044577 0.033151 0.030965
v 0.039991 0.046010 0.031026
v 0.042053 0.041563 0.031005
v 0.035030 0.053567 0.031055
v 0.037888 0.049601 0.031040
v 0.028487 0.060200 0.031070
v 0.032210 0.056765 0.031065
v 0.020055 0.065710 0.031055
v 0.024536 0.063111 0.031065
v 0.015304 0.067778 0.031036
v 0.010146 0.069353 0.031011
v 0.004739 0.070303 0.030971
v 0.024066 -0.016241 0.030387
v 0.019544 -0.019031 0.030339
v 0.027735 -0.013484 0.030436
v 0.014884 -0.021508 0.030267
v 0.031705 -0.009898 0.030502
v 0.009812 -0.023545 0.030185
v -0.000367 0.069897 0.042909
v -0.000367 0.068145 0.025229
v -0.000367 0.071255 0.037327
v -0.000367 0.070596 0.030937
v -0.000367 -0.023231 0.024888
v 0.016386 -0.021615 0.041164
v -0.010574 0.068655 0.042936
v -0.020405 0.064966 0.042844
v -0.028675 0.059366 0.042729
v -0.034988 0.052618 0.042607
v -0.039574 0.045028 0.042474
v -0.042519 0.036834 0.042339
v -0.043778 0.028608 0.042211
v -0.043483 0.019961 0.042056
v -0.041599 0.011729 0.041880
v -0.038331 0.004099 0.041694
v -0.033553 -0.003390 0.041576
v -0.010923 0.069989 0.037323
v -0.021012 0.066213 0.037258
v -0.029526 0.060522 0.037163
v -0.036086 0.053665 0.037048
v -0.040943 0.045913 0.036924
v -0.044178 0.037495 0.036799
v -0.045730 0.028945 0.036676
v -0.045706 0.019970 0.036541
v -0.010468 0.066943 0.025228
v -0.010240 -0.022029 0.024904
v -0.043994 0.011138 0.036404
v -0.040580 0.002718 0.036266
v -0.035519 -0.005076 0.036145
v -0.019794 0.063581 0.025214
v -0.027848 0.058507 0.025196
v -0.034165 0.052424 0.025172
v -0.039097 0.045394 0.025142
v -0.042687 0.037459 0.025116
v -0.044704 0.029226 0.025097
v -0.045192 0.020456 0.025067
v -0.043944 0.011470 0.025036
v -0.040730 0.002571 0.024998
v -0.035685 -0.005435 0.024965
v -0.027907 -0.013171 0.024926
v -0.028597 -0.012629 0.036029
v -0.027838 -0.010871 0.041452
v -0.020461 -0.018355 0.041272
v -0.019823 -0.018325 0.024914
v -0.020488 -0.019014 0.035950
v -0.015794 -0.021949 0.035894
v -0.035927 0.000075 0.041637
v -0.038270 -0.001800 0.024979
v -0.038072 -0.001514 0.036210
v -0.040062 0.007709 0.041798
v -0.042532 0.006783 0.025016
v -0.042424 0.006668 0.036346
v -0.042644 0.015453 0.041983
v -0.044738 0.015606 0.025048
v -0.044990 0.015168 0.036479
v -0.043818 0.023979 0.042148
v -0.045163 0.024568 0.025080
v -0.045925 0.024153 0.036615
v -0.043372 0.032454 0.042288
v -0.045202 0.032951 0.036743
v -0.043947 0.033090 0.025105
v -0.042904 0.041406 0.036863
v -0.041219 0.041171 0.025123
v -0.041372 0.040633 0.042417
v -0.037653 0.048620 0.042556
v -0.038901 0.049589 0.036988
v -0.036978 0.048746 0.025153
v -0.032282 0.055866 0.042685
v -0.033266 0.056975 0.037110
v -0.031435 0.055343 0.025181
v -0.025546 0.063533 0.037219
v -0.024062 0.061181 0.025201
v -0.024811 0.062324 0.042807
v -0.015672 0.067069 0.042913
v -0.015302 0.065486 0.025219
v -0.016177 0.068362 0.037298
v -0.005307 0.069588 0.042956
v -0.005257 0.067845 0.025217
v -0.005494 0.070953 0.037334
v -0.024157 -0.015823 0.024925
v -0.024790 -0.015924 0.035986
v -0.023983 -0.015074 0.041397
v -0.015235 -0.020428 0.024905
v -0.005156 -0.022967 0.024895
v -0.030594 -0.007369 0.041407
v -0.031920 -0.009639 0.024950
v -0.032038 -0.009183 0.036038
v -0.038795 -0.002098 0.030621
v -0.036176 -0.005715 0.030569
v -0.041307 0.002252 0.030679
v -0.043165 0.006399 0.030730
v -0.044679 0.011082 0.030783
v -0.045590 0.015239 0.030823
v -0.046177 0.020144 0.030869
v -0.046278 0.024351 0.030904
v -0.045951 0.029145 0.030941
v -0.044162 0.037685 0.030988
v -0.045311 0.033151 0.030965
v -0.040725 0.046010 0.031026
v -0.042787 0.041563 0.031005
v -0.035764 0.053567 0.031055
v -0.038622 0.049601 0.031040
v -0.029221 0.060200 0.031070
v -0.032944 0.056765 0.031065
v -0.020789 0.065710 0.031055
v -0.025270 0.063111 0.031065
v -0.016038 0.067778 0.031036
v -0.010880 0.069353 0.031011
v -0.005473 0.070303 0.030971
v -0.024800 -0.016241 0.030387
v -0.020278 -0.019031 0.030339
v -0.028469 -0.013484 0.030436
v -0.015618 -0.021508 0.030267
v -0.032439 -0.009898 0.030502
v -0.010546 -0.023545 0.030185
v -0.017120 -0.021615 0.041164
v -0.021800 -0.015439 0.046511
v 0.009269 -0.016988 0.023623
v 0.013824 -0.015605 0.026363
v 0.017485 -0.013732 0.029578
v 0.020150 -0.011728 0.033580
v 0.021631 -0.009702 0.037393
v 0.004454 -0.017890 0.022442
v -0.000367 -0.018087 0.022379
v 0.022117 -0.007560 0.041254
v -0.010003 -0.016988 0.023623
v -0.014558 -0.015605 0.026363
v -0.018219 -0.013732 0.029578
v -0.020884 -0.011728 0.033580
v -0.022365 -0.009702 0.037393
v -0.005188 -0.017890 0.022442
v -0.022851 -0.007560 0.041254
v 0.010606 -0.008651 0.128367
v 0.007302 -0.007507 0.135286
v 0.020899 -0.011745 0.056483
v 0.021060 -0.015456 0.046518
v 0.019176 -0.010628 0.067315
v 0.018359 -0.010301 0.073315
v 0.017480 -0.010394 0.079667
v 0.016623 -0.010673 0.086764
v 0.015773 -0.010871 0.093886
v 0.014969 -0.010599 0.101225
v 0.014082 -0.010314 0.108522
v 0.013174 -0.009982 0.115498
v 0.012287 -0.009605 0.121321
v 0.003706 -0.003422 0.139572
v -0.004643 0.002250 0.139583
v -0.009871 0.007000 0.131486
v -0.007709 0.005866 0.135799
v -0.009881 0.008716 0.128617
v -0.010758 0.010084 0.122673
v -0.011098 0.010941 0.117096
v -0.011117 0.011463 0.110244
v -0.011116 0.011777 0.102231
v -0.011397 0.011475 0.095096
v -0.013850 0.010604 0.073699
v -0.011946 0.010977 0.087021
v -0.012845 0.010417 0.080199
v 0.021877 -0.005679 0.044392
v -0.022599 -0.005688 0.044392
v 0.007395 0.013366 0.123580
v 0.007471 0.014740 0.117481
v 0.007562 0.015461 0.110421
v 0.007707 0.015824 0.102800
v 0.007899 0.015910 0.095011
v 0.008190 0.000707 0.134541
v 0.008105 0.004384 0.133452
v 0.008158 0.007995 0.131065
v 0.007653 0.010405 0.128958
v 0.008662 0.015230 0.081944
v 0.008212 0.015719 0.087834
v 0.007976 -0.003051 0.135143
v -0.000367 -0.035102 0.060546
v -0.010375 -0.031322 0.058987
v -0.013981 -0.027598 0.056575
v -0.005568 -0.034177 0.060200
v 0.009641 -0.031322 0.058987
v 0.012570 -0.028297 0.057028
v 0.004834 -0.034177 0.060200
v -0.016383 -0.024349 0.052718
v -0.017447 -0.021724 0.046420
v 0.015666 -0.024329 0.052735
v 0.016713 -0.021724 0.046420
v -0.008592 0.015361 0.087844
v -0.009124 0.014967 0.082022
v -0.008670 0.014753 0.117492
v -0.008577 0.013457 0.123605
v -0.008204 0.015409 0.110449
v -0.008326 0.015630 0.095016
v -0.008223 0.015681 0.102814
v -0.026858 -0.012148 0.020196
v -0.025569 -0.010364 0.021099
v -0.030776 -0.008673 0.020233
v -0.029258 -0.007016 0.021120
v -0.000367 -0.021185 0.020104
v -0.000367 -0.018612 0.021069
v -0.009822 -0.020088 0.020168
v -0.019106 -0.016798 0.020192
v -0.009263 -0.017779 0.021045
v -0.018405 -0.014697 0.021087
v -0.022955 -0.014734 0.020203
v -0.022127 -0.012693 0.021097
v -0.014610 -0.018596 0.020181
v -0.005110 -0.020878 0.020170
v -0.004741 -0.018416 0.021055
v -0.013898 -0.016400 0.021074
v 0.009088 -0.020088 0.020168
v 0.018372 -0.016798 0.020192
v 0.008529 -0.017779 0.021045
v 0.017671 -0.014697 0.021087
v 0.022221 -0.014734 0.020203
v 0.021393 -0.012693 0.021097
v 0.013876 -0.018596 0.020181
v 0.004376 -0.020878 0.020170
v 0.004007 -0.018416 0.021055
v 0.013164 -0.016400 0.021074
v 0.026124 -0.012148 0.020196
v 0.024835 -0.010364 0.021099
v 0.030042 -0.008673 0.020233
v 0.028524 -0.007016 0.021120
v -0.034402 -0.004502 0.020257
v -0.039215 0.003460 0.020305
v -0.037198 0.004680 0.021177
v -0.032562 -0.003010 0.021138
v -0.036845 -0.000853 0.020279
v -0.034920 0.000520 0.021155
v -0.040872 0.007639 0.020334
v -0.038737 0.008640 0.021204
v 0.033668 -0.004502 0.020257
v 0.038481 0.003460 0.020305
v 0.036464 0.004680 0.021177
v 0.031828 -0.003010 0.021138
v 0.036111 -0.000853 0.020279
v 0.034186 0.000520 0.021155
v 0.040138 0.007639 0.020334
v 0.038003 0.008640 0.021204
v -0.042193 0.012144 0.020360
v -0.043187 0.020817 0.020405
v -0.042445 0.029185 0.020448
v -0.039924 0.012825 0.021226
v -0.040826 0.020999 0.021263
v -0.040095 0.028963 0.021297
v -0.042825 0.016148 0.020380
v -0.040499 0.016586 0.021243
v -0.043001 0.024754 0.020426
v -0.040640 0.024748 0.021280
v 0.041459 0.012144 0.020360
v 0.042453 0.020817 0.020405
v 0.041711 0.029185 0.020448
v 0.039190 0.012825 0.021226
v 0.040092 0.020999 0.021263
v 0.039361 0.028963 0.021297
v 0.042091 0.016148 0.020380
v 0.039765 0.016586 0.021243
v 0.042267 0.024754 0.020426
v 0.039906 0.024748 0.021280
v -0.040217 0.036906 0.020480
v -0.037956 0.036230 0.021320
v -0.041545 0.032808 0.020464
v -0.039226 0.032369 0.021309
v 0.039483 0.036906 0.020480
v 0.037222 0.036230 0.021320
v 0.040811 0.032808 0.020464
v 0.038492 0.032369 0.021309
v -0.036551 0.044271 0.020513
v -0.034492 0.043203 0.021345
v -0.038657 0.040357 0.020494
v -0.036481 0.039503 0.021330
v -0.034435 0.047281 0.020529
v -0.032492 0.046023 0.021357
v 0.035817 0.044271 0.020513
v 0.033758 0.043203 0.021345
v 0.037923 0.040357 0.020494
v 0.035747 0.039503 0.021330
v 0.033701 0.047282 0.020529
v 0.031758 0.046023 0.021357
v -0.031742 0.050574 0.020552
v -0.025709 0.055816 0.020600
v -0.024264 0.053952 0.021411
v -0.029953 0.049092 0.021373
v -0.029103 0.053059 0.020575
v -0.027472 0.051383 0.021391
v -0.000367 0.062180 0.021456
v -0.000367 0.064525 0.020655
v -0.018241 0.060283 0.020635
v -0.009790 0.063305 0.020660
v -0.009313 0.061020 0.021462
v -0.017226 0.058149 0.021440
v -0.022161 0.058127 0.020619
v -0.020919 0.056118 0.021427
v -0.014128 0.061968 0.020650
v -0.013352 0.059754 0.021453
v -0.004901 0.064140 0.020655
v -0.004650 0.061817 0.021457
v 0.017507 0.060283 0.020635
v 0.009056 0.063305 0.020660
v 0.008579 0.061020 0.021462
v 0.016492 0.058149 0.021440
v 0.021427 0.058127 0.020619
v 0.020184 0.056118 0.021427
v 0.013394 0.061968 0.020650
v 0.012618 0.059754 0.021453
v 0.004167 0.064140 0.020655
v 0.003916 0.061817 0.021457
v 0.031008 0.050574 0.020552
v 0.024975 0.055816 0.020600
v 0.023530 0.053952 0.021411
v 0.029219 0.049092 0.021373
v 0.028369 0.053059 0.020575
v 0.026738 0.051383 0.021391
v -0.026570 -0.008130 0.046506
v -0.030957 -0.001204 0.046735
v -0.035154 0.006037 0.046636
v -0.029006 0.000327 0.045199
v -0.032992 0.002218 0.046727
v -0.031098 0.003536 0.045206
v -0.028625 -0.004996 0.046792
v -0.026308 -0.002622 0.045244
v -0.023252 -0.004920 0.045083
v 0.022518 -0.004920 0.045083
v 0.030223 -0.001204 0.046735
v 0.034420 0.006037 0.046636
v 0.028272 0.000327 0.045199
v 0.025836 -0.008130 0.046506
v 0.032258 0.002218 0.046727
v 0.030364 0.003536 0.045206
v 0.027891 -0.004996 0.046792
v 0.025574 -0.002622 0.045244
v -0.038054 0.012697 0.046671
v -0.040071 0.020094 0.046697
v -0.033185 0.007214 0.045133
v -0.035967 0.013388 0.045148
v -0.037911 0.020351 0.045174
v -0.036674 0.009247 0.046645
v -0.034651 0.010228 0.045136
v -0.039094 0.016008 0.046678
v -0.036963 0.016489 0.045159
v -0.040462 0.023851 0.046758
v -0.038353 0.023929 0.045191
v 0.037320 0.012697 0.046671
v 0.039337 0.020094 0.046697
v 0.032451 0.007214 0.045133
v 0.035233 0.013388 0.045148
v 0.037177 0.020351 0.045174
v 0.035940 0.009247 0.046645
v 0.033917 0.010228 0.045136
v 0.038360 0.016008 0.046678
v 0.036229 0.016489 0.045159
v 0.039728 0.023851 0.046758
v 0.037619 0.023929 0.045191
v -0.040628 0.028201 0.046804
v -0.039916 0.035943 0.046669
v -0.038554 0.028080 0.045210
v -0.037744 0.035370 0.045238
v -0.035343 0.042797 0.045273
v -0.040449 0.031796 0.046737
v -0.038320 0.031465 0.045224
v -0.038891 0.039544 0.046701
v -0.036797 0.038800 0.045253
v 0.039894 0.028201 0.046804
v 0.039182 0.035943 0.046669
v 0.037820 0.028080 0.045210
v 0.037010 0.035370 0.045238
v 0.034609 0.042797 0.045273
v 0.039715 0.031796 0.046737
v 0.037586 0.031465 0.045224
v 0.038157 0.039544 0.046701
v 0.036063 0.038800 0.045253
v -0.037326 0.043744 0.046749
v -0.033199 0.051045 0.046725
v -0.031442 0.049652 0.045307
v -0.035576 0.047171 0.046737
v -0.033687 0.046020 0.045287
v -0.029088 0.052565 0.045328
v 0.036592 0.043744 0.046749
v 0.032465 0.051045 0.046725
v 0.030708 0.049652 0.045307
v 0.034842 0.047171 0.046737
v 0.032953 0.046020 0.045287
v 0.028354 0.052565 0.045328
v -0.027312 0.057571 0.046771
v -0.025931 0.055817 0.045353
v -0.030665 0.054141 0.046750
v -0.023641 0.060419 0.046735
v -0.018503 0.060973 0.045389
v -0.022449 0.058501 0.045372
v 0.017769 0.060973 0.045389
v 0.021715 0.058501 0.045372
v 0.026578 0.057571 0.046771
v 0.025197 0.055817 0.045353
v 0.029931 0.054141 0.046750
v 0.022907 0.060419 0.046735
v -0.000367 0.067852 0.046757
v -0.000367 0.065592 0.045413
v -0.019480 0.063039 0.046712
v -0.010094 0.066557 0.046773
v -0.009663 0.064357 0.045417
v -0.014918 0.065009 0.046744
v -0.014190 0.062873 0.045405
v -0.005052 0.067438 0.046762
v -0.004827 0.065208 0.045413
v 0.018746 0.063039 0.046712
v 0.009360 0.066557 0.046773
v 0.008929 0.064357 0.045417
v 0.014184 0.065009 0.046744
v 0.013456 0.062873 0.045405
v 0.004318 0.067438 0.046762
v 0.004093 0.065208 0.045413
v -0.010722 -0.015009 0.076718
v -0.012162 -0.012792 0.076037
v -0.013272 -0.009052 0.076760
v -0.013749 -0.002721 0.079469
v -0.013210 0.001909 0.082019
v -0.012685 0.003654 0.083916
v -0.012233 0.004665 0.086764
v -0.012212 0.004465 0.089600
v -0.012433 0.002853 0.092469
v -0.012770 0.000801 0.094067
v -0.013016 -0.001917 0.094630
v -0.013048 -0.005047 0.094104
v -0.012581 -0.008972 0.092636
v -0.011669 -0.012955 0.090808
v -0.010217 -0.016131 0.089011
v -0.009192 -0.017489 0.087527
v -0.008127 -0.018160 0.085515
v -0.007452 -0.018240 0.083303
v -0.007333 -0.017851 0.081415
v -0.008012 -0.017102 0.079387
v -0.009214 -0.016262 0.077855
v 0.011944 -0.023191 0.051548
v 0.012589 -0.021236 0.046965
v 0.010743 -0.021376 0.039879
v 0.009154 -0.021864 0.037556
v 0.006555 -0.022331 0.035201
v 0.003658 -0.022598 0.033620
v -0.000360 -0.022649 0.032857
v -0.004378 -0.022598 0.033620
v -0.007276 -0.022331 0.035201
v -0.009874 -0.021864 0.037556
v -0.011463 -0.021376 0.039879
v -0.013309 -0.021236 0.046965
v -0.012664 -0.023191 0.051548
v -0.010919 -0.025604 0.054454
v -0.008188 -0.028184 0.056253
v -0.004477 -0.030232 0.057232
v -0.000360 -0.031045 0.057675
v 0.003757 -0.030232 0.057232
v 0.007468 -0.028184 0.056253
v 0.010198 -0.025604 0.054454
v 0.012047 -0.020986 0.043431
v -0.012767 -0.020986 0.043431
v -0.004991 -0.033932 0.057774
v -0.009166 -0.031629 0.056673
v -0.012237 -0.028726 0.054650
v -0.000360 -0.034846 0.058273
v 0.004271 -0.033932 0.057774
v 0.008445 -0.031629 0.056673
v 0.011517 -0.028726 0.054650
v -0.014201 -0.026011 0.051381
v -0.014926 -0.023812 0.046226
v -0.000360 -0.025401 0.030356
v -0.005155 -0.025345 0.031215
v -0.011062 -0.024519 0.035643
v -0.008139 -0.025045 0.032993
v -0.012850 -0.023971 0.038255
v -0.014316 -0.023531 0.042251
v 0.013480 -0.026011 0.051381
v 0.014205 -0.023812 0.046226
v 0.004435 -0.025345 0.031215
v 0.010341 -0.024519 0.035643
v 0.007419 -0.025045 0.032993
v 0.012129 -0.023971 0.038255
v 0.013596 -0.023531 0.042251
v -0.008309 -0.019557 0.080699
v -0.009204 -0.019785 0.085491
v -0.011937 -0.015951 0.075349
v -0.008986 -0.018647 0.078340
v -0.010335 -0.017572 0.076619
v -0.008417 -0.019983 0.082868
v -0.013536 -0.013340 0.074673
v -0.014812 -0.009227 0.075635
v -0.010430 -0.018657 0.087635
v -0.011547 -0.017007 0.089143
v -0.013128 -0.013593 0.091152
v -0.014120 -0.009157 0.093130
v -0.014623 -0.005009 0.094737
v -0.014207 0.004647 0.083454
v -0.013731 0.005778 0.086642
v -0.014754 0.002695 0.081360
v -0.014602 -0.001584 0.095312
v -0.014338 0.001413 0.094720
v -0.013621 0.005443 0.089804
v -0.015329 -0.002369 0.078575
v -0.013971 0.003666 0.092952
v -0.011876 0.000488 0.127709
v -0.011991 -0.005736 0.127126
v 0.010812 -0.006010 0.128866
v 0.010993 0.000173 0.128715
v 0.010548 0.006275 0.126589
v -0.021460 -0.006416 0.056306
v -0.025332 -0.010039 0.046508
v -0.021440 -0.011943 0.051878
v -0.023257 -0.008353 0.051353
v -0.024723 -0.005436 0.050942
v -0.021671 -0.002607 0.049164
v -0.021077 -0.003096 0.048772
v -0.023174 -0.013368 0.046511
v -0.013311 -0.022101 0.049392
v -0.014886 -0.024804 0.048948
v -0.017066 -0.022764 0.049819
v -0.018455 -0.019227 0.051389
v -0.019802 -0.015670 0.051967
v 0.012522 -0.021947 0.049136
v 0.014102 -0.024635 0.048659
v 0.016462 -0.022733 0.049385
v 0.018261 -0.019097 0.050777
v 0.020117 -0.015637 0.051504
v 0.023658 -0.008371 0.051213
v 0.020472 -0.003300 0.048419
v 0.021065 -0.002794 0.048834
v 0.024138 -0.005653 0.050583
v 0.024665 -0.009997 0.046501
v 0.022599 -0.013151 0.046513
v 0.021855 -0.012276 0.051496
v -0.014341 0.007015 0.077093
v -0.018022 0.004618 0.066008
v -0.017348 0.000863 0.068940
v 0.015618 -0.018573 0.060794
v 0.014893 -0.022452 0.057663
v 0.014674 -0.025796 0.054794
v 0.012713 -0.027205 0.053158
v 0.011284 -0.024236 0.053147
v 0.020525 -0.000275 0.059010
v 0.021125 -0.005610 0.060675
v 0.019948 -0.011136 0.062054
v 0.017063 -0.016285 0.062542
v -0.014345 -0.005538 0.102260
v -0.014170 -0.005550 0.109125
v -0.013746 -0.005461 0.115687
v -0.013056 -0.005328 0.121564
v -0.013999 0.001501 0.102754
v -0.013764 0.001422 0.109794
v -0.013358 0.001245 0.116274
v -0.012707 0.001088 0.122040
v -0.014163 0.001480 0.098156
v -0.014457 -0.001912 0.098475
v -0.014459 -0.005331 0.097987
v -0.014116 -0.009503 0.096725
v -0.000382 -0.031893 0.041162
v -0.006891 -0.030922 0.041985
v 0.006172 -0.030923 0.041990
v 0.009221 -0.028540 0.040831
v 0.005968 -0.029574 0.039899
v -0.000388 -0.030364 0.039098
v -0.006700 -0.029575 0.039903
v -0.009953 -0.028544 0.040826
v 0.008804 -0.033197 0.046729
v 0.005787 -0.034524 0.045938
v -0.000374 -0.035644 0.045305
v -0.006505 -0.034525 0.045933
v -0.009528 -0.033193 0.046730
v -0.003480 -0.035330 0.045481
v -0.003670 -0.031616 0.041394
v -0.003553 -0.030150 0.039321
v 0.002750 -0.035329 0.045482
v 0.002940 -0.031619 0.041392
v 0.002834 -0.030154 0.039324
v 0.009449 -0.029681 0.042935
v -0.010182 -0.029683 0.042939
v -0.010045 -0.031242 0.044927
v -0.006832 -0.032557 0.043992
v -0.003621 -0.033322 0.043429
v -0.000390 -0.033624 0.043205
v 0.002911 -0.033323 0.043434
v 0.006078 -0.032562 0.043982
v 0.009324 -0.031242 0.044929
v -0.008681 -0.035454 0.048380
v -0.006009 -0.036842 0.047898
v -0.003261 -0.037694 0.047614
v -0.000377 -0.038000 0.047506
v 0.002539 -0.037693 0.047616
v 0.005277 -0.036843 0.047899
v 0.007961 -0.035459 0.048383
v 0.005576 -0.028378 0.037722
v 0.002606 -0.028804 0.037142
v -0.000379 -0.028949 0.036942
v -0.003338 -0.028802 0.037145
v -0.006302 -0.028376 0.037716
v -0.009343 -0.027598 0.038585
v 0.008609 -0.027593 0.038590
v 0.007691 -0.026724 0.036389
v 0.005055 -0.027240 0.035437
v 0.002291 -0.027505 0.034797
v -0.000378 -0.027584 0.034592
v -0.003020 -0.027502 0.034795
v -0.005786 -0.027239 0.035436
v -0.008417 -0.026721 0.036377
v -0.003084 -0.040341 0.050057
v -0.005381 -0.039426 0.050109
v 0.011393 -0.026088 0.039878
v 0.012204 -0.026693 0.042150
v 0.011665 -0.031278 0.047982
v 0.010531 -0.033449 0.049130
v 0.004648 -0.039427 0.050108
v 0.002350 -0.040341 0.050057
v 0.006725 -0.037925 0.050150
v -0.000366 -0.040653 0.050019
v -0.013271 -0.027652 0.044250
v -0.012942 -0.026688 0.042149
v -0.013107 -0.029219 0.046290
v 0.012537 -0.027652 0.044250
v 0.012374 -0.029220 0.046289
v -0.012390 -0.031280 0.047972
v -0.007447 -0.037922 0.050136
v -0.011261 -0.033446 0.049133
v -0.009605 -0.035738 0.049833
v 0.008883 -0.035743 0.049847
v -0.010834 -0.025780 0.037650
v -0.009052 -0.025724 0.035593
v -0.007370 -0.025793 0.034231
v -0.000367 -0.025997 0.032034
v 0.001887 -0.025965 0.032246
v -0.002623 -0.025961 0.032243
v 0.004505 -0.025902 0.033061
v -0.005238 -0.025902 0.033061
v -0.012132 -0.026083 0.039876
v 0.010127 -0.025773 0.037675
v 0.006631 -0.025809 0.034238
v 0.008333 -0.025712 0.035592
v -0.007730 -0.025018 0.034088
v -0.009695 -0.024898 0.035797
v -0.005471 -0.025146 0.032791
v -0.002980 -0.025239 0.031980
v -0.000367 -0.025296 0.031702
v -0.011290 -0.024922 0.037813
v -0.005572 -0.039440 0.050936
v -0.002909 -0.040533 0.050917
v -0.007864 -0.037633 0.050918
v -0.000367 -0.040829 0.050871
v -0.009912 -0.035462 0.050608
v -0.011545 -0.033047 0.049914
v 0.004737 -0.025146 0.032791
v 0.002246 -0.025239 0.031980
v 0.006996 -0.025019 0.034088
v 0.008961 -0.024900 0.035797
v 0.010559 -0.024908 0.037818
v 0.011751 -0.025256 0.040028
v 0.012535 -0.025868 0.042411
v 0.011942 -0.030776 0.048694
v 0.012632 -0.028668 0.047007
v 0.010811 -0.033048 0.049913
v 0.009179 -0.035462 0.050608
v 0.012845 -0.026904 0.044731
v 0.004838 -0.039440 0.050935
v 0.007130 -0.037633 0.050919
v 0.002175 -0.040533 0.050916
v -0.012486 -0.025256 0.040028
v -0.013269 -0.025869 0.042411
v -0.012676 -0.030776 0.048694
v -0.013365 -0.028668 0.047007
v -0.013579 -0.026904 0.044731
v 0.004978 -0.023191 0.033566
v 0.007305 -0.022776 0.035075
v 0.009241 -0.022400 0.036959
v 0.010758 -0.021968 0.039188
v 0.011842 -0.021813 0.041635
v 0.012642 -0.022047 0.044845
v 0.012880 -0.022664 0.047694
v 0.012623 -0.023684 0.050355
v 0.011843 -0.025006 0.052687
v 0.010476 -0.026567 0.054718
v 0.008682 -0.028079 0.056270
v 0.006513 -0.029499 0.057369
v 0.004015 -0.030657 0.058203
v 0.001395 -0.031384 0.058614
v -0.000367 -0.031496 0.058695
v 0.002363 -0.023341 0.032660
v -0.000367 -0.023410 0.032347
v -0.005712 -0.023191 0.033566
v -0.008039 -0.022776 0.035075
v -0.009975 -0.022400 0.036959
v -0.011492 -0.021968 0.039188
v -0.012576 -0.021813 0.041635
v -0.013376 -0.022047 0.044845
v -0.013614 -0.022664 0.047694
v -0.013357 -0.023684 0.050355
v -0.012577 -0.025006 0.052687
v -0.011210 -0.026567 0.054718
v -0.009416 -0.028079 0.056270
v -0.007247 -0.029499 0.057369
v -0.004749 -0.030657 0.058203
v -0.002129 -0.031384 0.058614
v -0.003097 -0.023341 0.032660
v 0.004496 -0.036161 0.054422
v 0.001847 -0.037076 0.054601
v 0.006823 -0.034621 0.054063
v 0.008871 -0.032748 0.053464
v 0.010627 -0.030624 0.052350
v 0.011844 -0.028619 0.050829
v 0.012569 -0.026840 0.048883
v -0.000367 -0.037287 0.054626
v -0.002581 -0.037076 0.054601
v -0.005230 -0.036161 0.054422
v -0.007557 -0.034621 0.054063
v -0.009605 -0.032748 0.053464
v -0.011361 -0.030624 0.052350
v -0.012578 -0.028619 0.050829
v -0.013303 -0.026840 0.048883
v 0.011639 -0.025682 0.039920
v 0.012444 -0.026294 0.042258
v 0.012769 -0.027294 0.044470
v 0.012583 -0.028960 0.046628
v 0.011877 -0.031055 0.048331
v 0.010736 -0.033287 0.049519
v 0.009083 -0.035651 0.050232
v 0.006956 -0.037844 0.050541
v 0.004769 -0.039491 0.050524
v 0.002294 -0.040491 0.050487
v -0.000366 -0.040798 0.050445
v -0.003028 -0.040491 0.050487
v -0.005503 -0.039491 0.050525
v -0.007683 -0.037843 0.050532
v -0.009809 -0.035648 0.050224
v -0.011468 -0.033285 0.049521
v -0.012606 -0.031056 0.048326
v -0.013316 -0.028959 0.046629
v -0.013503 -0.027294 0.044470
v -0.013181 -0.026292 0.042258
v -0.012375 -0.025679 0.039920
v -0.011112 -0.025360 0.037681
v -0.009399 -0.025318 0.035627
v -0.007580 -0.025410 0.034102
v -0.005377 -0.025527 0.032869
v -0.002796 -0.025602 0.032047
v -0.000367 -0.025648 0.031807
v 0.002061 -0.025604 0.032049
v 0.004643 -0.025528 0.032868
v 0.006844 -0.025419 0.034107
v 0.008674 -0.025312 0.035626
v 0.010395 -0.025350 0.037698
v -0.000366 0.000433 0.054624
v 0.009827 0.000471 0.054419
v -0.004118 -0.014642 0.027549
v -0.008986 -0.013109 0.030177
v 0.002088 -0.014780 0.027321
v 0.009645 -0.013979 0.028540
v -0.011725 -0.010915 0.034062
v 0.007249 0.007123 0.065110
v -0.000366 0.007052 0.065128
v -0.000366 0.003212 0.059291
v 0.008903 0.003273 0.059162
v -0.007982 0.007123 0.065110
v -0.005687 0.015378 0.076660
v -0.004038 0.015987 0.077287
v -0.001904 0.016367 0.077673
v -0.000365 0.016465 0.077773
v 0.001178 0.016359 0.077666
v 0.003326 0.016005 0.077306
v 0.005006 0.015366 0.076649
v 0.006708 0.014412 0.075625
v 0.008119 0.013258 0.074335
v 0.009870 0.011586 0.072379
v 0.011573 0.009546 0.069798
v 0.013706 0.006635 0.065710
v 0.016427 0.002722 0.059539
v 0.018657 -0.000510 0.053972
v 0.020912 -0.003819 0.048156
v 0.021718 -0.005219 0.045679
v 0.022202 -0.006578 0.043263
v 0.022291 -0.007700 0.041257
v 0.022133 -0.008820 0.039247
v 0.021733 -0.009927 0.037254
v 0.021095 -0.011011 0.035301
v 0.019713 -0.012552 0.032533
v 0.017923 -0.014000 0.029951
v 0.016113 -0.015082 0.028049
v 0.014043 -0.016058 0.026371
v 0.011807 -0.016896 0.024971
v 0.009453 -0.017592 0.023847
v 0.007014 -0.018147 0.022998
v 0.003600 -0.018636 0.022288
v -0.000358 -0.018870 0.021968
v -0.003030 -0.018773 0.022097
v -0.006696 -0.018323 0.022742
v -0.010179 -0.017597 0.023847
v -0.012540 -0.016897 0.024970
v -0.014776 -0.016060 0.026371
v -0.016850 -0.015082 0.028054
v -0.019284 -0.013529 0.030791
v -0.021158 -0.011848 0.033798
v -0.022106 -0.010552 0.036131
v -0.022756 -0.009077 0.038786
v -0.023024 -0.007554 0.041521
v -0.022814 -0.006161 0.044007
v -0.022091 -0.004490 0.046975
v -0.019652 -0.000893 0.053308
v -0.014472 0.006588 0.065628
v -0.012520 0.009264 0.069422
v -0.010733 0.011388 0.072118
v -0.008864 0.013266 0.074350
v -0.007448 0.014414 0.075626
v -0.016850 -0.014237 0.027591
v -0.014776 -0.015216 0.025908
v -0.012540 -0.016053 0.024508
v -0.010179 -0.016755 0.023385
v -0.006696 -0.017482 0.022281
v -0.003030 -0.017933 0.021636
v -0.000358 -0.018030 0.021508
v 0.003600 -0.017796 0.021827
v 0.007014 -0.017307 0.022537
v 0.009453 -0.016748 0.023384
v 0.016113 -0.014237 0.027586
v 0.011807 -0.016051 0.024507
v 0.014043 -0.015213 0.025907
v -0.021158 -0.011004 0.033335
v -0.019284 -0.012685 0.030328
v 0.017923 -0.013155 0.029487
v 0.021095 -0.010165 0.034838
v 0.019713 -0.011706 0.032069
v -0.022756 -0.008232 0.038323
v -0.023024 -0.006708 0.041058
v 0.021733 -0.009082 0.036790
v 0.022133 -0.007975 0.038783
v 0.022291 -0.006855 0.040793
v 0.022202 -0.005733 0.042799
v -0.022091 -0.003644 0.046511
v 0.021718 -0.004373 0.045215
v 0.020912 -0.002972 0.047692
v 0.013706 0.007486 0.065243
v -0.008865 0.014123 0.073877
v -0.007450 0.015277 0.075151
v -0.010733 0.012242 0.071648
v -0.001904 0.017249 0.077189
v -0.004041 0.016865 0.076804
v -0.005693 0.016248 0.076179
v 0.001179 0.017242 0.077182
v -0.000365 0.017348 0.077289
v 0.003330 0.016883 0.076822
v 0.009871 0.012440 0.071909
v 0.011574 0.010398 0.069330
v 0.008121 0.014116 0.073861
v 0.006710 0.015275 0.075150
v 0.005004 0.016238 0.076172
v -0.012521 0.010116 0.068954
v -0.014472 0.007439 0.065161
v -0.019652 -0.000046 0.052844
v -0.022814 -0.005316 0.043543
v -0.022106 -0.009708 0.035668
v 0.018657 0.000337 0.053507
v 0.016427 0.003571 0.059074
v 0.000350 -0.003628 0.039866
v 0.005110 -0.006742 0.034268
v 0.002796 -0.006001 0.035600
v 0.000514 -0.002282 0.042283
v 0.003518 -0.000066 0.046267
v 0.005996 0.000538 0.047352
v 0.011445 0.000381 0.047071
v 0.013760 -0.000361 0.045738
v 0.016042 -0.004079 0.039055
v 0.016206 -0.002734 0.041473
v 0.013038 -0.006295 0.035071
v 0.010560 -0.006899 0.033986
v 0.008749 0.000693 0.047631
v 0.015413 -0.001442 0.043794
v 0.014942 -0.005316 0.036832
v 0.007807 -0.007054 0.033707
v 0.001143 -0.004919 0.037545
v 0.001614 -0.001046 0.044507
v 0.001378 -0.003926 0.040168
v 0.005521 -0.006637 0.035296
v 0.003507 -0.005991 0.036456
v 0.001520 -0.002755 0.042272
v 0.004135 -0.000826 0.045739
v 0.006291 -0.000301 0.046684
v 0.011035 -0.000437 0.046439
v 0.013049 -0.001082 0.045279
v 0.015035 -0.004319 0.039462
v 0.015178 -0.003148 0.041567
v 0.012421 -0.006247 0.035995
v 0.010264 -0.006773 0.035051
v 0.008688 -0.000166 0.046927
v 0.014488 -0.002024 0.043587
v 0.014078 -0.005395 0.037527
v 0.007868 -0.006908 0.034808
v 0.002068 -0.005050 0.038148
v 0.002478 -0.001679 0.044207
v 0.016252 -0.007472 0.040886
v 0.016420 -0.006090 0.043369
v 0.015606 -0.004764 0.045752
v 0.013908 -0.003653 0.047749
v 0.011531 -0.002892 0.049118
v 0.008762 -0.002571 0.049694
v 0.005934 -0.002731 0.049407
v 0.003389 -0.003351 0.048292
v 0.001434 -0.004357 0.046485
v 0.000304 -0.005627 0.044201
v 0.000136 -0.007009 0.041718
v 0.000950 -0.008335 0.039334
v 0.002648 -0.009446 0.037338
v 0.005025 -0.010207 0.035969
v 0.007794 -0.010528 0.035393
v 0.010622 -0.010368 0.035680
v 0.013167 -0.009748 0.036794
v 0.015122 -0.008742 0.038602
v 0.001743 -0.002076 0.050118
v 0.005152 -0.001232 0.051570
v 0.008920 -0.000986 0.051868
v 0.012566 -0.001369 0.051011
v 0.015661 -0.002333 0.049137
v 0.017866 -0.003769 0.046495
v 0.018933 -0.005506 0.043377
v 0.018728 -0.007332 0.040134
v 0.017270 -0.009033 0.037144
v 0.014728 -0.010420 0.034764
v 0.011386 -0.011322 0.033280
v 0.007633 -0.011613 0.032886
v 0.003931 -0.011236 0.033646
v -0.001527 -0.008752 0.038146
v 0.000745 -0.010237 0.035475
v -0.002611 -0.006972 0.041333
v -0.002387 -0.005124 0.044654
v -0.000876 -0.003426 0.047708
v -0.017255 0.003434 0.058834
v -0.017255 0.002585 0.059299
v -0.000474 0.010097 0.069267
v -0.000372 0.014043 0.073937
v -0.012546 -0.006071 0.042821
v -0.010072 0.000947 0.055386
v -0.000366 0.008089 0.067632
v 0.004378 0.011723 0.071969
v 0.003805 0.012734 0.073173
v 0.002729 0.013558 0.074154
v 0.001279 0.014097 0.074794
v -0.004542 0.012737 0.073167
v -0.002017 0.014098 0.074792
v 0.003807 0.009637 0.069481
v 0.001283 0.008276 0.067856
v 0.002732 0.008813 0.068498
v -0.005113 0.010650 0.070679
v -0.002014 0.008277 0.067854
v -0.003463 0.008815 0.068494
v -0.004540 0.009639 0.069475
v 0.004379 0.010647 0.070687
v -0.005113 0.011726 0.071961
v -0.000369 0.014284 0.075016
v -0.003466 0.013560 0.074150
v -0.005112 0.011475 0.069987
v -0.002013 0.009101 0.067162
v -0.003463 0.009640 0.067802
v -0.004539 0.010464 0.068783
v -0.000365 0.008914 0.066940
v 0.001283 0.009100 0.067164
v 0.002732 0.009638 0.067807
v 0.004379 0.011472 0.069995
v 0.003808 0.010461 0.068790
v -0.004541 0.013561 0.072475
v -0.002017 0.014922 0.074100
v -0.000368 0.015109 0.074324
v -0.003466 0.014385 0.073458
v -0.005113 0.012551 0.071269
v 0.003806 0.013559 0.072481
v 0.002729 0.014383 0.073463
v 0.001280 0.014921 0.074102
v 0.004379 0.012548 0.071277
v -0.008489 0.003888 0.053387
v -0.012464 -0.001126 0.052389
v -0.011178 0.003130 0.059229
v -0.013473 0.001616 0.056840
v -0.012575 0.002477 0.058208
v -0.013765 0.000651 0.055290
v -0.013414 -0.000301 0.053744
v -0.007432 -0.001987 0.050876
v -0.011028 -0.001724 0.051389
v -0.009281 -0.002023 0.050863
v -0.005705 -0.001620 0.051426
v -0.003409 -0.000106 0.053815
v -0.003469 0.001811 0.056911
v -0.004419 0.002636 0.058266
v -0.007602 0.003533 0.059792
v -0.005855 0.003234 0.059267
v -0.004308 -0.000967 0.052447
v -0.003118 0.000859 0.055365
v -0.009451 0.003497 0.059779
v -0.007363 0.005271 0.056343
v -0.005542 0.004512 0.055074
v -0.005097 0.003304 0.053113
v -0.006237 0.002212 0.051378
v -0.008428 0.001747 0.050680
v -0.010645 0.002126 0.051347
v -0.011851 0.003173 0.053065
v -0.011481 0.004397 0.055032
v -0.009709 0.005225 0.056327
v -0.012586 -0.003346 0.041096
v -0.016647 -0.008318 0.040251
v -0.015138 -0.004008 0.047011
v -0.017511 -0.005518 0.044696
v -0.016568 -0.004654 0.046032
v -0.017853 -0.006495 0.043164
v -0.017553 -0.007467 0.041620
v -0.011666 -0.009259 0.038623
v -0.015245 -0.008945 0.039221
v -0.013515 -0.009272 0.038656
v -0.009921 -0.008909 0.039126
v -0.007548 -0.007400 0.041441
v -0.007506 -0.005450 0.044517
v -0.008412 -0.004599 0.045886
v -0.011545 -0.003646 0.047480
v -0.009815 -0.003972 0.046915
v -0.008491 -0.008263 0.040105
v -0.007206 -0.006423 0.042973
v -0.013394 -0.003658 0.047514
v -0.011370 -0.001947 0.044009
v -0.009591 -0.002742 0.042703
v -0.009210 -0.003976 0.040744
v -0.010406 -0.005071 0.039049
v -0.012620 -0.005516 0.038411
v -0.014814 -0.005101 0.039128
v -0.015964 -0.004021 0.040865
v -0.015530 -0.002782 0.042809
v -0.013716 -0.001963 0.044051
v -0.010835 0.005291 0.057490
v -0.011204 0.004856 0.058160
v -0.009477 0.005223 0.058710
v -0.009540 0.005566 0.057902
v -0.013000 0.003948 0.055375
v -0.013499 0.003342 0.055771
v -0.012601 0.004203 0.057139
v -0.012326 0.004594 0.056401
v -0.013791 0.002378 0.054221
v -0.013311 0.002918 0.053720
v -0.013048 0.002204 0.052561
v -0.013440 0.001425 0.052675
v -0.012490 0.000600 0.051320
v -0.012034 0.001324 0.051115
v -0.010957 0.000875 0.050364
v -0.011054 0.000002 0.050320
v -0.009307 -0.000297 0.049794
v -0.009092 0.000556 0.049804
v -0.007705 0.000583 0.049814
v -0.007458 -0.000261 0.049807
v -0.005862 0.000974 0.050400
v -0.005731 0.000106 0.050357
v -0.004815 0.001464 0.051166
v -0.004334 0.000759 0.051378
v -0.003856 0.002383 0.052626
v -0.003435 0.001620 0.052746
v -0.003637 0.003107 0.053789
v -0.003144 0.002585 0.054296
v -0.003495 0.003537 0.055842
v -0.004012 0.004123 0.055438
v -0.004725 0.004742 0.056455
v -0.004445 0.004362 0.057197
v -0.007567 0.005604 0.057916
v -0.007628 0.005259 0.058723
v -0.005881 0.004960 0.058198
v -0.006256 0.005380 0.057522
v -0.014812 -0.001871 0.045240
v -0.015169 -0.002293 0.045924
v -0.013425 -0.001943 0.046427
v -0.013504 -0.001608 0.045618
v -0.017045 -0.003208 0.043194
v -0.017542 -0.003803 0.043609
v -0.016599 -0.002939 0.044945
v -0.016338 -0.002560 0.044196
v -0.017884 -0.004780 0.042077
v -0.017410 -0.004250 0.041559
v -0.017185 -0.004980 0.040401
v -0.017584 -0.005752 0.040533
v -0.016678 -0.006603 0.039164
v -0.016219 -0.005888 0.038940
v -0.015166 -0.006358 0.038168
v -0.015276 -0.007230 0.038135
v -0.013546 -0.007557 0.037570
v -0.013320 -0.006707 0.037565
v -0.011934 -0.006697 0.037540
v -0.011697 -0.007544 0.037536
v -0.010072 -0.006324 0.038077
v -0.009952 -0.007194 0.038039
v -0.008999 -0.005839 0.038810
v -0.008522 -0.006548 0.039018
v -0.007993 -0.004918 0.040236
v -0.007579 -0.005685 0.040354
v -0.007736 -0.004185 0.041385
v -0.007237 -0.004708 0.041886
v -0.007537 -0.003735 0.043430
v -0.008057 -0.003147 0.043033
v -0.008736 -0.002509 0.044060
v -0.008443 -0.002884 0.044799
v -0.011531 -0.001595 0.045582
v -0.011576 -0.001930 0.046394
v -0.009846 -0.002257 0.045829
v -0.010233 -0.001840 0.045158
v 0.002187 -0.001574 0.049155
v -0.000253 -0.002831 0.046908
v -0.001662 -0.004414 0.044062
v -0.001871 -0.006136 0.040966
v -0.000860 -0.007794 0.037996
v 0.001258 -0.009178 0.035506
v 0.004226 -0.010113 0.033802
v 0.007677 -0.010473 0.033091
v 0.011180 -0.010216 0.033457
v 0.014305 -0.009388 0.034841
v 0.016688 -0.008104 0.037066
v 0.018057 -0.006519 0.039864
v 0.018251 -0.004813 0.042901
v 0.017253 -0.003188 0.045820
v 0.015186 -0.001840 0.048288
v 0.012286 -0.000932 0.050026
v 0.008877 -0.000566 0.050809
v 0.005363 -0.000789 0.050515
v 0.011966 -0.002494 0.039221
v 0.010540 -0.003543 0.037329
v 0.008058 -0.003902 0.036681
v 0.005680 -0.003404 0.037581
v 0.004519 -0.002281 0.039606
v 0.005119 -0.001059 0.041811
v 0.007198 -0.000310 0.043162
v 0.009784 -0.000384 0.043029
v 0.011667 -0.001247 0.041472
v 0.016729 -0.007255 0.040565
v 0.013460 -0.009660 0.036227
v 0.007769 -0.010483 0.034741
v 0.002317 -0.009340 0.036803
v -0.000344 -0.006766 0.041448
v 0.001031 -0.003965 0.046501
v 0.005798 -0.002247 0.049600
v 0.011727 -0.002417 0.049293
v 0.016044 -0.004395 0.045725
v 0.014327 -0.004156 0.039500
v 0.011988 -0.005877 0.036396
v 0.007914 -0.006466 0.035332
v 0.004012 -0.005649 0.036808
v 0.002108 -0.003806 0.040132
v 0.003092 -0.001801 0.043749
v 0.006504 -0.000572 0.045967
v 0.010748 -0.000693 0.045747
v 0.013837 -0.002109 0.043194
v 0.011667 0.000252 0.040641
v 0.009784 0.001115 0.042198
v 0.007198 0.001189 0.042332
v 0.005119 0.000440 0.040980
v 0.004519 -0.000782 0.038776
v 0.005680 -0.001905 0.036750
v 0.008058 -0.002403 0.035850
v 0.010540 -0.002044 0.036498
v 0.011966 -0.000995 0.038391
v 0.014520 0.002904 0.038059
v 0.015052 0.001694 0.038800
v 0.014912 0.000549 0.036733
v 0.014395 0.001846 0.036155
v 0.013899 0.003916 0.039889
v 0.014375 0.002794 0.040784
v 0.012595 0.004766 0.041418
v 0.012963 0.003715 0.042446
v 0.010775 0.005348 0.042472
v 0.010986 0.004347 0.043585
v 0.008652 0.005593 0.042909
v 0.008683 0.004612 0.044064
v 0.006484 0.005471 0.042694
v 0.006332 0.004480 0.043826
v 0.004535 0.004997 0.041835
v 0.004215 0.003966 0.042898
v 0.003034 0.004228 0.040451
v 0.002589 0.003132 0.041393
v 0.002171 0.003258 0.038697
v 0.001650 0.002079 0.039493
v 0.002039 0.002200 0.036794
v 0.001510 0.000933 0.037426
v 0.002666 0.001189 0.034965
v 0.002187 -0.000167 0.035442
v 0.003965 0.000337 0.033432
v 0.003599 -0.001088 0.033780
v 0.005788 -0.000241 0.032384
v 0.005576 -0.001720 0.032641
v 0.007910 -0.000490 0.031940
v 0.007879 -0.001985 0.032162
v 0.010077 -0.000364 0.032162
v 0.010230 -0.001853 0.032400
v 0.012030 0.000106 0.033015
v 0.012347 -0.001339 0.033328
v 0.013526 0.000878 0.034403
v 0.013973 -0.000505 0.034833
v 0.014367 0.000327 0.039467
v 0.014242 -0.000702 0.037609
v 0.013397 -0.001649 0.035901
v 0.011936 -0.002399 0.034548
v 0.010033 -0.002861 0.033714
v 0.007920 -0.002980 0.033500
v 0.005849 -0.002741 0.033931
v 0.004073 -0.002174 0.034955
v 0.002803 -0.001346 0.036449
v 0.002195 -0.000357 0.038232
v 0.002321 0.000673 0.040090
v 0.003165 0.001620 0.041798
v 0.004627 0.002369 0.043150
v 0.006529 0.002831 0.043984
v 0.008643 0.002950 0.044199
v 0.010713 0.002712 0.043768
v 0.012490 0.002144 0.042744
v 0.013759 0.001316 0.041250
v 0.008558 0.005424 0.041202
v 0.006935 0.005332 0.041041
v 0.010148 0.005240 0.040874
v 0.012208 0.001893 0.034833
v 0.012859 0.002618 0.036144
v 0.011088 0.001315 0.033793
v 0.009626 0.000963 0.033154
v 0.008003 0.000869 0.032988
v 0.006414 0.001055 0.033320
v 0.005048 0.001488 0.034106
v 0.004076 0.002126 0.035253
v 0.003606 0.002883 0.036623
v 0.003705 0.003675 0.038048
v 0.004351 0.004401 0.039361
v 0.005475 0.004978 0.040398
v 0.011511 0.004805 0.040086
v 0.012488 0.004168 0.038941
v 0.012953 0.003410 0.037570
v 0.008530 0.004538 0.041195
v 0.007072 0.004456 0.041050
v 0.009958 0.004373 0.040901
v 0.011809 0.001366 0.035473
v 0.012393 0.002018 0.036651
v 0.010802 0.000847 0.034539
v 0.009489 0.000531 0.033965
v 0.008031 0.000446 0.033816
v 0.006604 0.000613 0.034114
v 0.005377 0.001003 0.034820
v 0.004503 0.001576 0.035851
v 0.004081 0.002256 0.037081
v 0.004170 0.002968 0.038362
v 0.004751 0.003620 0.039541
v 0.005761 0.004138 0.040472
v 0.011183 0.003982 0.040192
v 0.012060 0.003410 0.039163
v 0.012478 0.002729 0.037932
v 0.007854 0.004276 0.040725
v 0.005588 0.003726 0.039732
v 0.004583 0.002599 0.037697
v 0.005307 0.001421 0.035574
v 0.007423 0.000746 0.034355
v 0.009940 0.000887 0.034610
v 0.011681 0.001780 0.036221
v 0.011830 0.003006 0.038433
v 0.010319 0.003992 0.040212
v -0.012056 -0.009387 0.076611
v -0.011350 -0.011731 0.075863
v -0.012272 0.002005 0.081782
v -0.012172 -0.004771 0.094746
v -0.012163 -0.002125 0.095389
v -0.009210 -0.016259 0.089246
v -0.012678 -0.004769 0.078542
v -0.012427 -0.007149 0.077531
v -0.012624 -0.000268 0.080567
v -0.012715 -0.002619 0.079493
v -0.011834 -0.008960 0.092904
v -0.010275 -0.014216 0.090481
v -0.011239 -0.011391 0.091827
v -0.018031 -0.007412 0.084314
v -0.018570 -0.004946 0.085245
v -0.015850 -0.010131 0.075806
v -0.016673 -0.010267 0.076626
v -0.014376 -0.012353 0.075308
v -0.015199 -0.012526 0.076129
v -0.016873 -0.007874 0.076628
v -0.017573 -0.008268 0.077346
v -0.016816 -0.014344 0.088025
v -0.016013 -0.014895 0.088951
v -0.015321 -0.016381 0.086932
v -0.014524 -0.016883 0.087848
v -0.018225 -0.005656 0.078417
v -0.017496 -0.005270 0.077688
v -0.018054 -0.000475 0.079774
v -0.018768 -0.001127 0.080389
v -0.018559 -0.003164 0.079463
v -0.017815 -0.002822 0.078737
v -0.018572 -0.009993 0.090011
v -0.017932 -0.010161 0.091102
v -0.017707 -0.012419 0.088968
v -0.017058 -0.012593 0.090040
v -0.018705 0.001193 0.081699
v -0.017956 0.001824 0.081083
v -0.019618 -0.005337 0.091861
v -0.019048 -0.005278 0.093038
v -0.019238 -0.002614 0.093551
v -0.019773 -0.002984 0.092324
v -0.018983 -0.000880 0.086619
v -0.018872 -0.002740 0.086018
v -0.018796 0.003036 0.087830
v -0.018950 0.002616 0.089029
v -0.011413 0.005287 0.086371
v -0.011339 0.005434 0.087755
v -0.017926 0.004504 0.086484
v -0.017873 0.004379 0.085133
v -0.018080 0.004264 0.088437
v -0.018245 0.003815 0.089699
v -0.018505 0.002963 0.091049
v -0.018714 0.002025 0.092003
v -0.019139 0.002017 0.090037
v -0.019337 0.001160 0.090970
v -0.011535 0.004038 0.092538
v -0.011669 0.003134 0.093532
v -0.018632 0.003161 0.085154
v -0.018684 0.003239 0.086429
v -0.011329 0.005212 0.089977
v -0.011393 0.004792 0.091268
v -0.012066 -0.017563 0.080748
v -0.012719 -0.016822 0.080988
v -0.010497 -0.018400 0.080540
v -0.011116 -0.016535 0.077229
v -0.010676 -0.017351 0.078326
v -0.012484 -0.016002 0.077883
v -0.012150 -0.016733 0.078908
v -0.010256 -0.013862 0.075994
v -0.009433 -0.015058 0.076536
v -0.011885 -0.015396 0.076148
v -0.012734 -0.014289 0.075577
v -0.012364 -0.017938 0.082679
v -0.012816 -0.017927 0.083893
v -0.010915 -0.018853 0.082850
v -0.011473 -0.018845 0.084161
v -0.013837 -0.014124 0.076423
v -0.013082 -0.015104 0.076961
v -0.007948 -0.018411 0.086370
v -0.008427 -0.017855 0.087570
v -0.013280 -0.018008 0.086796
v -0.012407 -0.018562 0.085731
v -0.013535 -0.017715 0.085141
v -0.014325 -0.017227 0.086097
v -0.007090 -0.018565 0.083130
v -0.007293 -0.018608 0.084494
v -0.007328 -0.018105 0.080977
v -0.008363 -0.016219 0.077660
v -0.007730 -0.017069 0.078795
v -0.011587 0.004758 0.084687
v -0.011821 0.003876 0.083367
v -0.017902 0.003069 0.082258
v -0.017876 0.003874 0.083544
v -0.011998 0.000128 0.095216
v -0.011864 0.001539 0.094698
v -0.019123 -0.000851 0.093432
v -0.018962 0.000569 0.092955
v -0.019531 0.000063 0.091748
v -0.019690 -0.001260 0.092244
v -0.018629 0.002819 0.083897
v -0.018655 0.002121 0.082664
v -0.015374 -0.013581 0.081968
v -0.014379 -0.014959 0.081516
v -0.013506 -0.015991 0.081198
v -0.018978 0.000604 0.087064
v -0.018908 0.001845 0.087436
v -0.016405 -0.011804 0.082612
v -0.017302 -0.009746 0.083406
v -0.012074 -0.017124 0.079632
v -0.010539 -0.017951 0.079411
v -0.007482 -0.017662 0.079864
v -0.012201 -0.017843 0.081882
v -0.010658 -0.018702 0.081674
v -0.007162 -0.018410 0.082032
v -0.019048 0.001461 0.089190
v -0.019166 0.000218 0.089324
v -0.019219 -0.001255 0.089295
v -0.019151 -0.003110 0.088991
v -0.018853 -0.005455 0.088331
v -0.018182 -0.008438 0.087221
v -0.017385 -0.010884 0.086235
v -0.016461 -0.012934 0.085346
v -0.015351 -0.014702 0.084515
v -0.014362 -0.015906 0.083818
v -0.013509 -0.016735 0.083144
v -0.012762 -0.017324 0.082422
v -0.018694 0.002282 0.085659
v -0.018737 0.001220 0.084872
v -0.018743 -0.000124 0.084101
v -0.018667 -0.002041 0.083207
v -0.018407 -0.004167 0.082325
v -0.017953 -0.006529 0.081380
v -0.017268 -0.008873 0.080466
v -0.016367 -0.010951 0.079733
v -0.015244 -0.012853 0.079228
v -0.014160 -0.014349 0.079086
v -0.013301 -0.015455 0.079174
v -0.012658 -0.016372 0.079456
v -0.019800 -0.000856 0.092852
v -0.019893 -0.002680 0.092941
v -0.019724 -0.005208 0.092446
v -0.018611 -0.010152 0.090482
v -0.017697 -0.012712 0.089379
v -0.016734 -0.014798 0.088362
v -0.015159 -0.016939 0.087208
v -0.014071 -0.017872 0.086295
v -0.013226 -0.018397 0.085271
v -0.012435 -0.018631 0.083907
v -0.011894 -0.018642 0.082613
v -0.011674 -0.018514 0.081545
v -0.011548 -0.018235 0.080521
v -0.011559 -0.017857 0.079501
v -0.011666 -0.017327 0.078525
v -0.012082 -0.016544 0.077432
v -0.012738 -0.015561 0.076437
v -0.013549 -0.014509 0.075865
v -0.015026 -0.012774 0.075558
v -0.016581 -0.010397 0.076082
v -0.017547 -0.008250 0.076857
v -0.018232 -0.005496 0.077985
v -0.018582 -0.002874 0.079088
v -0.018806 -0.000680 0.080081
v -0.018735 0.001764 0.081463
v -0.018682 0.002789 0.082512
v -0.018654 0.003541 0.083820
v -0.018656 0.003926 0.085195
v -0.018711 0.004015 0.086551
v -0.018835 0.003796 0.088110
v -0.019000 0.003349 0.089384
v -0.019209 0.002679 0.090497
v -0.019420 0.001764 0.091484
v -0.019633 0.000554 0.092330
vt 0.696604 0.652906
vt 0.731354 0.650052
vt 0.697850 0.664968
vt 0.732881 0.667074
vt 0.466642 0.614835
vt 0.449600 0.595533
vt 0.475067 0.579285
vt 0.459226 0.576870
vt 0.464721 0.561724
vt 0.483459 0.549287
vt 0.467905 0.549716
vt 0.494087 0.416849
vt 0.499715 0.428312
vt 0.469514 0.429127
vt 0.478483 0.452035
vt 0.751637 0.487429
vt 0.768999 0.498323
vt 0.737965 0.510364
vt 0.752646 0.529980
vt 0.723987 0.629704
vt 0.755159 0.620157
vt 0.755809 0.647695
vt 0.346487 0.776308
vt 0.325457 0.769073
vt 0.350909 0.750363
vt 0.319863 0.739801
vt 0.343057 0.727920
vt 0.347985 0.742005
vt 0.317842 0.730646
vt 0.319316 0.737321
vt 0.690160 0.490382
vt 0.698803 0.475298
vt 0.710240 0.503520
vt 0.722275 0.491322
vt 0.688141 0.627189
vt 0.715745 0.614152
vt 0.693095 0.638011
vt 0.719719 0.519024
vt 0.728886 0.535712
vt 0.729495 0.476508
vt 0.705070 0.464073
vt 0.733199 0.461201
vt 0.709163 0.450111
vt 0.708953 0.537096
vt 0.704670 0.522977
vt 0.689237 0.591406
vt 0.672162 0.605632
vt 0.677943 0.584625
vt 0.663406 0.599688
vt 0.734404 0.556924
vt 0.757501 0.561032
vt 0.714951 0.697667
vt 0.692385 0.686122
vt 0.772692 0.616247
vt 0.744679 0.594197
vt 0.431509 0.656717
vt 0.423346 0.632894
vt 0.467734 0.648067
vt 0.466320 0.481446
vt 0.445667 0.470623
vt 0.459280 0.462611
vt 0.439690 0.456188
vt 0.341606 0.796501
vt 0.327683 0.792836
vt 0.407737 0.382690
vt 0.381485 0.357179
vt 0.420563 0.363792
vt 0.391404 0.342605
vt 0.377233 0.316256
vt 0.385521 0.303167
vt 0.402663 0.325670
vt 0.416008 0.301290
vt 0.470665 0.529249
vt 0.485525 0.529897
vt 0.481867 0.480393
vt 0.469611 0.496655
vt 0.486061 0.510369
vt 0.471047 0.508754
vt 0.423748 0.401790
vt 0.443241 0.388640
vt 0.436652 0.421851
vt 0.450278 0.407828
vt 0.397198 0.396167
vt 0.410167 0.410086
vt 0.421967 0.425764
vt 0.688530 0.521357
vt 0.700105 0.508108
vt 0.686532 0.507576
vt 0.660852 0.515307
vt 0.662657 0.500007
vt 0.437977 0.613929
vt 0.398602 0.660305
vt 0.427501 0.600289
vt 0.435558 0.586259
vt 0.392037 0.643772
vt 0.377531 0.656530
vt 0.380552 0.676827
vt 0.405695 0.629135
vt 0.667478 0.678072
vt 0.434870 0.263050
vt 0.410249 0.273564
vt 0.423480 0.243735
vt 0.401915 0.255086
vt 0.176226 0.551378
vt 0.173393 0.546387
vt 0.192440 0.557696
vt 0.173393 0.528278
vt 0.164607 0.528303
vt 0.164607 0.546412
vt 0.145555 0.557720
vt 0.161774 0.551475
vt 0.288607 0.540170
vt 0.210832 0.567865
vt 0.049393 0.540192
vt 0.127162 0.567888
vt 0.574070 0.312092
vt 0.602233 0.320034
vt 0.572719 0.319651
vt 0.576755 0.347300
vt 0.588978 0.352032
vt 0.574913 0.374332
vt 0.588994 0.379800
vt 0.527549 0.305906
vt 0.507640 0.297873
vt 0.519307 0.281117
vt 0.546216 0.288246
vt 0.542141 0.304165
vt 0.512097 0.436137
vt 0.526763 0.436037
vt 0.508343 0.458373
vt 0.541933 0.461842
vt 0.544068 0.428682
vt 0.557330 0.418450
vt 0.552582 0.437392
vt 0.572075 0.422914
vt 0.514521 0.310485
vt 0.495945 0.310826
vt 0.553730 0.305709
vt 0.576380 0.291777
vt 0.565462 0.311025
vt 0.575644 0.329613
vt 0.596541 0.336324
vt 0.572542 0.389163
vt 0.585289 0.394031
vt 0.609776 0.382951
vt 0.640922 0.396717
vt 0.604515 0.401786
vt 0.634392 0.414552
vt 0.519323 0.179962
vt 0.500402 0.185760
vt 0.495872 0.171694
vt 0.503215 0.147076
vt 0.486907 0.155694
vt 0.476833 0.143136
vt 0.576327 0.476013
vt 0.583761 0.448345
vt 0.490020 0.389544
vt 0.460598 0.375493
vt 0.488700 0.352814
vt 0.471873 0.347504
vt 0.482394 0.327967
vt 0.492708 0.330944
vt 0.502695 0.318193
vt 0.519480 0.895560
vt 0.495997 0.903700
vt 0.500579 0.889688
vt 0.476845 0.932162
vt 0.503251 0.928379
vt 0.489806 0.960599
vt 0.512161 0.952173
vt 0.486971 0.919661
vt 0.673382 0.752337
vt 0.705005 0.733642
vt 0.683816 0.772245
vt 0.718614 0.750225
vt 0.507327 0.530894
vt 0.506150 0.548914
vt 0.776502 0.473438
vt 0.786785 0.505137
vt 0.795183 0.475522
vt 0.669435 0.410980
vt 0.661858 0.427428
vt 0.636973 0.510776
vt 0.640469 0.493773
vt 0.575629 0.498439
vt 0.540272 0.490164
vt 0.754729 0.443980
vt 0.733170 0.440628
vt 0.744440 0.413802
vt 0.727076 0.417480
vt 0.697201 0.409843
vt 0.712213 0.421826
vt 0.693030 0.424004
vt 0.711821 0.435499
vt 0.490198 0.257445
vt 0.472447 0.269973
vt 0.475385 0.234766
vt 0.457105 0.248518
vt 0.570469 0.574138
vt 0.569107 0.600641
vt 0.536378 0.573817
vt 0.535612 0.602321
vt 0.654529 0.578605
vt 0.651235 0.597889
vt 0.551174 0.734997
vt 0.584398 0.727501
vt 0.559031 0.764371
vt 0.593864 0.755360
vt 0.471856 0.682436
vt 0.439312 0.687940
vt 0.395330 0.398112
vt 0.368663 0.374227
vt 0.370371 0.372151
vt 0.449212 0.551896
vt 0.446112 0.562968
vt 0.446564 0.551254
vt 0.443550 0.562110
vt 0.418974 0.612640
vt 0.832544 0.340729
vt 0.811650 0.356953
vt 0.818276 0.324911
vt 0.798274 0.342499
vt 0.625089 0.240788
vt 0.604009 0.232848
vt 0.633660 0.214384
vt 0.610581 0.206664
vt 0.759423 0.243961
vt 0.744154 0.265270
vt 0.739727 0.232321
vt 0.725661 0.254423
vt 0.838681 0.307564
vt 0.824987 0.294060
vt 0.805609 0.312299
vt 0.884043 0.427600
vt 0.875813 0.407963
vt 0.910098 0.417712
vt 0.900890 0.396655
vt 0.617655 0.181849
vt 0.594149 0.174761
vt 0.624954 0.157200
vt 0.600758 0.150043
vt 0.612179 0.486066
vt 0.619022 0.461502
vt 0.805968 0.763829
vt 0.790748 0.777303
vt 0.786791 0.745241
vt 0.772520 0.757463
vt 0.901428 0.582767
vt 0.875428 0.578918
vt 0.903758 0.559588
vt 0.877739 0.557720
vt 0.740025 0.843768
vt 0.722680 0.852996
vt 0.725990 0.821653
vt 0.709793 0.830301
vt 0.854412 0.751523
vt 0.839037 0.768555
vt 0.832887 0.735392
vt 0.818631 0.751215
vt 0.891610 0.627302
vt 0.918476 0.635481
vt 0.884268 0.648463
vt 0.910339 0.658311
vt 0.582539 0.850008
vt 0.588003 0.875818
vt 0.559966 0.857125
vt 0.567435 0.881718
vt 0.398475 0.861355
vt 0.388227 0.838587
vt 0.423919 0.839952
vt 0.410240 0.820858
vt 0.650724 0.910701
vt 0.657767 0.932563
vt 0.625056 0.918698
vt 0.631244 0.940661
vt 0.950571 0.702125
vt 0.937624 0.725262
vt 0.926850 0.691118
vt 0.915011 0.713574
vt 0.926063 0.744101
vt 0.725174 0.907055
vt 0.703225 0.916343
vt 0.714300 0.886472
vt 0.693707 0.895271
vt 0.961062 0.511604
vt 0.957672 0.483490
vt 0.988338 0.509049
vt 0.984072 0.478047
vt 0.827866 0.259760
vt 0.844910 0.242654
vt 0.845423 0.275288
vt 0.863525 0.259017
vt 0.281949 0.662798
vt 0.288607 0.665035
vt 0.282166 0.684802
vt 0.288607 0.684903
vt 0.788773 0.039744
vt 0.788773 0.050911
vt 0.765626 0.039744
vt 0.765626 0.050911
vt 0.570171 0.039744
vt 0.570171 0.050911
vt 0.553474 0.039744
vt 0.553474 0.050911
vt 0.880777 0.039744
vt 0.880777 0.050911
vt 0.859690 0.039744
vt 0.859690 0.050911
vt 0.737303 0.034658
vt 0.720318 0.034658
vt 0.737303 0.023491
vt 0.720318 0.023491
vt 0.463649 0.023491
vt 0.484172 0.023491
vt 0.463649 0.034658
vt 0.484172 0.034658
vt 0.759271 0.308497
vt 0.743138 0.328639
vt 0.743030 0.297145
vt 0.727453 0.318413
vt 0.875336 0.497163
vt 0.855338 0.500056
vt 0.871299 0.476266
vt 0.851626 0.480654
vt 0.728767 0.788356
vt 0.711417 0.798159
vt 0.713841 0.766285
vt 0.697368 0.774730
vt 0.833028 0.648796
vt 0.840464 0.632242
vt 0.852275 0.657485
vt 0.859969 0.639448
vt 0.288607 0.364850
vt 0.173393 0.353472
vt 0.288607 0.349218
vt 0.173393 0.335650
vt 0.173393 0.368950
vt 0.288607 0.383776
vt 0.164607 0.266617
vt 0.164607 0.285113
vt 0.049393 0.281155
vt 0.049393 0.296534
vt 0.049393 0.263419
vt 0.164607 0.250549
vt 0.049393 0.383799
vt 0.049393 0.364873
vt 0.164607 0.368973
vt 0.164607 0.353495
vt 0.164607 0.388117
vt 0.049393 0.400532
vt 0.049393 0.516651
vt 0.164607 0.509332
vt 0.275814 0.005353
vt 0.275423 0.019511
vt 0.254254 0.005353
vt 0.253879 0.019511
vt 0.522622 0.005353
vt 0.547240 0.005353
vt 0.522928 0.019511
vt 0.547806 0.019511
vt 0.783868 0.005353
vt 0.801182 0.005353
vt 0.784431 0.019511
vt 0.801712 0.019511
vt 0.991897 0.005353
vt 0.987895 0.019511
vt 0.973822 0.005353
vt 0.970214 0.019511
vt 0.417839 0.231831
vt 0.399495 0.241261
vt 0.690016 0.108312
vt 0.691192 0.100690
vt 0.706028 0.108312
vt 0.707317 0.100690
vt 0.816120 0.108312
vt 0.805916 0.108312
vt 0.814338 0.100690
vt 0.804879 0.100690
vt 0.554190 0.095380
vt 0.532550 0.095381
vt 0.552246 0.080619
vt 0.528945 0.080619
vt 0.674081 0.699212
vt 0.691933 0.718832
vt 0.632209 0.624658
vt 0.637154 0.653243
vt 0.602778 0.628673
vt 0.606362 0.660230
vt 0.436774 0.857269
vt 0.455991 0.840131
vt 0.444656 0.822905
vt 0.646518 0.381261
vt 0.674461 0.395986
vt 0.508436 0.485863
vt 0.508228 0.512671
vt 0.539625 0.515726
vt 0.538826 0.532901
vt 0.636082 0.544769
vt 0.606707 0.540889
vt 0.636775 0.531394
vt 0.607808 0.526673
vt 0.581331 0.269144
vt 0.550260 0.266736
vt 0.503464 0.575365
vt 0.537875 0.549666
vt 0.537246 0.637058
vt 0.540106 0.671963
vt 0.503050 0.641643
vt 0.506217 0.677113
vt 0.469695 0.298953
vt 0.487350 0.285292
vt 0.679248 0.615023
vt 0.705166 0.601129
vt 0.563957 0.786754
vt 0.569337 0.810560
vt 0.530756 0.794141
vt 0.535901 0.817228
vt 0.375861 0.654413
vt 0.347114 0.675674
vt 0.348575 0.677932
vt 0.450315 0.528166
vt 0.453030 0.528420
vt 0.453656 0.505086
vt 0.452515 0.494108
vt 0.441430 0.575272
vt 0.611443 0.694913
vt 0.617844 0.719179
vt 0.578768 0.702569
vt 0.790391 0.298824
vt 0.772158 0.318663
vt 0.776631 0.287731
vt 0.754341 0.209696
vt 0.775369 0.222039
vt 0.860210 0.289791
vt 0.936571 0.407380
vt 0.926558 0.384885
vt 0.527166 0.155012
vt 0.751485 0.672798
vt 0.769990 0.675962
vt 0.774130 0.646251
vt 0.669124 0.481278
vt 0.647078 0.471455
vt 0.776985 0.788393
vt 0.759900 0.800706
vt 0.759637 0.767619
vt 0.743394 0.778959
vt 0.897332 0.605633
vt 0.871435 0.599821
vt 0.736094 0.876130
vt 0.754613 0.866413
vt 0.860569 0.786316
vt 0.877080 0.767963
vt 0.945603 0.644055
vt 0.936828 0.668601
vt 0.580091 0.931581
vt 0.574023 0.906835
vt 0.600811 0.925757
vt 0.594288 0.901030
vt 0.518240 0.870417
vt 0.501718 0.870067
vt 0.499717 0.982353
vt 0.479602 0.991321
vt 0.469467 0.969434
vt 0.904027 0.731663
vt 0.747842 0.896198
vt 0.564689 0.115656
vt 0.584655 0.121682
vt 0.557650 0.137772
vt 0.580055 0.144178
vt 0.812077 0.247228
vt 0.828074 0.229555
vt 0.288607 0.581612
vt 0.228651 0.580781
vt 0.288607 0.562762
vt 0.809459 0.039744
vt 0.809459 0.050911
vt 0.534104 0.039744
vt 0.534104 0.050911
vt 0.948074 0.039744
vt 0.970421 0.039744
vt 0.948074 0.050911
vt 0.970421 0.050911
vt 0.757052 0.023491
vt 0.757052 0.034658
vt 0.971706 0.023491
vt 0.971706 0.034658
vt 0.948661 0.023491
vt 0.948661 0.034658
vt 0.728406 0.287736
vt 0.713452 0.309783
vt 0.846786 0.461912
vt 0.866378 0.456172
vt 0.696405 0.806013
vt 0.683394 0.781413
vt 0.846953 0.614218
vt 0.866556 0.619922
vt 0.173393 0.300944
vt 0.288607 0.315190
vt 0.173393 0.319747
vt 0.288607 0.331147
vt 0.288607 0.296511
vt 0.173393 0.285090
vt 0.049393 0.331169
vt 0.049393 0.315214
vt 0.164607 0.319770
vt 0.164607 0.300967
vt 0.164607 0.335672
vt 0.049393 0.349238
vt 0.236246 0.005353
vt 0.235645 0.019511
vt 0.500000 0.005353
vt 0.500000 0.019511
vt 0.763754 0.005353
vt 0.764355 0.019511
vt 0.952407 0.005353
vt 0.950904 0.019511
vt 0.458173 0.130495
vt 0.489927 0.114782
vt 0.469647 0.105811
vt 0.511939 0.846872
vt 0.497747 0.851919
vt 0.440614 0.225930
vt 0.433150 0.216406
vt 0.721057 0.108312
vt 0.722318 0.100690
vt 0.749559 0.108312
vt 0.749574 0.100690
vt 0.587955 0.080620
vt 0.603321 0.080620
vt 0.593613 0.095381
vt 0.609074 0.095381
vt 0.570402 0.632845
vt 0.600709 0.599563
vt 0.691694 0.537066
vt 0.727841 0.332020
vt 0.714005 0.350083
vt 0.692184 0.308816
vt 0.680710 0.329927
vt 0.435391 0.337240
vt 0.692459 0.552054
vt 0.662425 0.548227
vt 0.662822 0.534932
vt 0.609102 0.299757
vt 0.616618 0.277081
vt 0.602240 0.575220
vt 0.600076 0.777795
vt 0.495989 0.779222
vt 0.500816 0.800101
vt 0.469753 0.786738
vt 0.476085 0.807038
vt 0.390178 0.641830
vt 0.403673 0.627364
vt 0.450937 0.505262
vt 0.449650 0.442245
vt 0.432980 0.443227
vt 0.575012 0.521165
vt 0.608448 0.505937
vt 0.428662 0.765643
vt 0.401979 0.758060
vt 0.420908 0.725500
vt 0.396106 0.730281
vt 0.759553 0.275406
vt 0.901327 0.493265
vt 0.897193 0.470406
vt 0.722397 0.223079
vt 0.735842 0.199963
vt 0.854058 0.324583
vt 0.876718 0.308128
vt 0.918276 0.440525
vt 0.945389 0.431903
vt 0.573907 0.168900
vt 0.634209 0.557955
vt 0.630446 0.576571
vt 0.605122 0.554895
vt 0.744495 0.810829
vt 0.876077 0.668111
vt 0.702250 0.862824
vt 0.794217 0.808363
vt 0.808982 0.796551
vt 0.812412 0.828904
vt 0.828213 0.816369
vt 0.879769 0.717572
vt 0.890244 0.700519
vt 0.550513 0.913505
vt 0.557646 0.937908
vt 0.934210 0.537983
vt 0.962062 0.537957
vt 0.932550 0.561860
vt 0.961116 0.564315
vt 0.475110 0.191522
vt 0.492692 0.221958
vt 0.457023 0.207067
vt 0.988369 0.537932
vt 0.988392 0.566817
vt 0.961528 0.678494
vt 0.789520 0.873036
vt 0.767415 0.886037
vt 0.775669 0.854087
vt 0.535247 0.131005
vt 0.542904 0.108675
vt 0.879505 0.274399
vt 0.288607 0.622543
vt 0.263222 0.618462
vt 0.288607 0.600762
vt 0.247507 0.598124
vt 0.109342 0.580804
vt 0.049393 0.562786
vt 0.590560 0.039744
vt 0.590560 0.050911
vt 0.924525 0.039744
vt 0.924525 0.050911
vt 0.681680 0.023491
vt 0.699758 0.023491
vt 0.681680 0.034658
vt 0.699758 0.034658
vt 0.907421 0.023491
vt 0.927896 0.023491
vt 0.907421 0.034658
vt 0.927896 0.034658
vt 0.835227 0.039744
vt 0.835227 0.050911
vt 0.711056 0.277898
vt 0.696972 0.301297
vt 0.696051 0.270021
vt 0.683004 0.294595
vt 0.859748 0.436656
vt 0.840260 0.443893
vt 0.662873 0.821187
vt 0.653179 0.794320
vt 0.679202 0.814061
vt 0.668078 0.788144
vt 0.823843 0.665247
vt 0.842873 0.675498
vt 0.173393 0.266594
vt 0.288607 0.281130
vt 0.288607 0.263396
vt 0.173393 0.250527
vt 0.288607 0.516629
vt 0.173393 0.509307
vt 0.288607 0.497415
vt 0.173393 0.491077
vt 0.216132 0.005353
vt 0.215569 0.019511
vt 0.198818 0.005353
vt 0.198288 0.019511
vt 0.477378 0.005353
vt 0.477072 0.019511
vt 0.452759 0.005353
vt 0.452194 0.019511
vt 0.724186 0.005353
vt 0.745746 0.005353
vt 0.724577 0.019511
vt 0.746121 0.019511
vt 0.008103 0.005353
vt 0.026179 0.005353
vt 0.011983 0.019511
vt 0.029696 0.019511
vt 0.367182 0.808678
vt 0.376569 0.816753
vt 0.360307 0.820338
vt 0.368116 0.826928
vt 0.780839 0.100690
vt 0.780740 0.108312
vt 0.769010 0.100690
vt 0.769220 0.108312
vt 0.662569 0.108312
vt 0.662669 0.100690
vt 0.675878 0.108312
vt 0.676420 0.100690
vt 0.851905 0.080619
vt 0.864976 0.080619
vt 0.855780 0.095380
vt 0.866811 0.095380
vt 0.623787 0.080619
vt 0.627436 0.095380
vt 0.572624 0.551991
vt 0.573973 0.536651
vt 0.628566 0.598534
vt 0.431380 0.804840
vt 0.615497 0.366338
vt 0.685694 0.439734
vt 0.447704 0.315956
vt 0.448242 0.285431
vt 0.762431 0.405374
vt 0.782479 0.396538
vt 0.776469 0.445521
vt 0.796004 0.444721
vt 0.625454 0.349165
vt 0.501113 0.606412
vt 0.731221 0.708145
vt 0.526213 0.772295
vt 0.506171 0.821727
vt 0.482501 0.827210
vt 0.642204 0.686399
vt 0.648689 0.709718
vt 0.786433 0.330892
vt 0.877691 0.518357
vt 0.903708 0.516439
vt 0.709475 0.245754
vt 0.891421 0.448748
vt 0.664578 0.646035
vt 0.690784 0.839268
vt 0.856426 0.703728
vt 0.866188 0.687853
vt 0.543957 0.888242
vt 0.527220 0.920514
vt 0.904601 0.538013
vt 0.520484 0.974410
vt 0.971008 0.652467
vt 0.606483 0.127932
vt 0.897043 0.293820
vt 0.607893 0.039744
vt 0.607893 0.050911
vt 0.901312 0.039744
vt 0.901312 0.050911
vt 0.852023 0.418626
vt 0.832792 0.427345
vt 0.833936 0.690152
vt 0.815359 0.678601
vt 0.173393 0.115030
vt 0.288607 0.115029
vt 0.173393 0.133503
vt 0.288607 0.134333
vt 0.047593 0.005353
vt 0.049082 0.019511
vt 0.449481 0.198716
vt 0.643410 0.095380
vt 0.643066 0.080619
vt 0.653864 0.095380
vt 0.655454 0.080619
vt 0.663349 0.733865
vt 0.756823 0.470649
vt 0.726790 0.579824
vt 0.668869 0.349248
vt 0.700273 0.365825
vt 0.742048 0.374491
vt 0.725653 0.387329
vt 0.645201 0.313304
vt 0.635060 0.333900
vt 0.415158 0.786344
vt 0.396405 0.804126
vt 0.606647 0.801423
vt 0.416833 0.611012
vt 0.701991 0.213219
vt 0.690481 0.236756
vt 0.808633 0.279581
vt 0.793874 0.267769
vt 0.856111 0.372372
vt 0.879442 0.358503
vt 0.865895 0.388236
vt 0.889941 0.375540
vt 0.932500 0.514111
vt 0.449205 0.720770
vt 0.457212 0.756208
vt 0.683055 0.870960
vt 0.673011 0.847037
vt 0.825343 0.782065
vt 0.901163 0.679383
vt 0.929735 0.587353
vt 0.878433 0.538038
vt 0.538787 0.863867
vt 0.535282 0.839242
vt 0.952581 0.618949
vt 0.978620 0.625796
vt 0.808046 0.861215
vt 0.793094 0.842817
vt 0.512245 0.123301
vt 0.520690 0.101081
vt 0.889735 0.324362
vt 0.911035 0.310929
vt 0.903688 0.344385
vt 0.925710 0.331922
vt 0.276516 0.640535
vt 0.288607 0.644362
vt 0.061476 0.640515
vt 0.056050 0.662770
vt 0.049393 0.644337
vt 0.049393 0.665008
vt 0.644626 0.039744
vt 0.644626 0.050911
vt 0.627643 0.039744
vt 0.627643 0.050911
vt 0.660100 0.023491
vt 0.660100 0.034658
vt 0.867310 0.023491
vt 0.886794 0.023491
vt 0.867310 0.034658
vt 0.886794 0.034658
vt 0.529718 0.023491
vt 0.555485 0.023491
vt 0.529718 0.034658
vt 0.555485 0.034658
vt 0.678853 0.261941
vt 0.667686 0.287830
vt 0.842598 0.400623
vt 0.823572 0.410896
vt 0.833636 0.385974
vt 0.815070 0.397546
vt 0.822454 0.706094
vt 0.811984 0.719183
vt 0.804204 0.692941
vt 0.794079 0.704718
vt 0.324473 0.687580
vt 0.327861 0.689849
vt 0.288607 0.475994
vt 0.173393 0.470971
vt 0.164607 0.133527
vt 0.164607 0.153830
vt 0.049393 0.134356
vt 0.049393 0.155594
vt 0.164607 0.115053
vt 0.049393 0.115054
vt 0.177877 0.005353
vt 0.177370 0.019511
vt 0.428390 0.005353
vt 0.427987 0.019511
vt 0.705681 0.005353
vt 0.706074 0.019511
vt 0.933258 0.005353
vt 0.932207 0.019511
vt 0.378391 0.845660
vt 0.793258 0.108312
vt 0.793134 0.100690
vt 0.645826 0.108312
vt 0.646682 0.100690
vt 0.738298 0.080619
vt 0.734036 0.095381
vt 0.714893 0.080619
vt 0.708077 0.095381
vt 0.878590 0.095380
vt 0.878934 0.080619
vt 0.894564 0.095380
vt 0.898213 0.080619
vt 0.629645 0.745746
vt 0.362477 0.340460
vt 0.368824 0.330093
vt 0.654472 0.290409
vt 0.395443 0.772439
vt 0.380745 0.792220
vt 0.545544 0.709550
vt 0.512557 0.713796
vt 0.425235 0.598827
vt 0.449849 0.494557
vt 0.357100 0.695710
vt 0.714079 0.189592
vt 0.914695 0.362454
vt 0.550429 0.162142
vt 0.845778 0.800831
vt 0.957785 0.592437
vt 0.534942 0.236318
vt 0.511617 0.228622
vt 0.538527 0.211738
vt 0.517998 0.205098
vt 0.984188 0.597829
vt 0.828406 0.846580
vt 0.631220 0.135236
vt 0.670792 0.172271
vt 0.679135 0.150439
vt 0.693514 0.180761
vt 0.703081 0.159697
vt 0.055835 0.684777
vt 0.049393 0.684879
vt 0.393238 0.039744
vt 0.416284 0.039744
vt 0.393238 0.050911
vt 0.416284 0.050911
vt 0.641555 0.023491
vt 0.641555 0.034658
vt 0.505253 0.023491
vt 0.505253 0.034658
vt 0.662533 0.254784
vt 0.652790 0.281640
vt 0.582243 0.225759
vt 0.582171 0.253669
vt 0.597832 0.260911
vt 0.288607 0.248343
vt 0.173393 0.231243
vt 0.288607 0.230005
vt 0.173393 0.212696
vt 0.288607 0.456871
vt 0.173393 0.455051
vt 0.164607 0.173579
vt 0.049393 0.174578
vt 0.049393 0.497439
vt 0.164607 0.491102
vt 0.159709 0.005353
vt 0.159061 0.019511
vt 0.404489 0.005353
vt 0.404002 0.019511
vt 0.683818 0.005353
vt 0.684426 0.019511
vt 0.912143 0.005353
vt 0.911397 0.019511
vt 0.388864 0.867202
vt 0.865902 0.108312
vt 0.865744 0.100690
vt 0.886243 0.108312
vt 0.887551 0.100690
vt 0.761000 0.080619
vt 0.761000 0.095380
vt 0.948502 0.095381
vt 0.953079 0.080619
vt 0.967810 0.095380
vt 0.969755 0.080619
vt 0.758731 0.360391
vt 0.503153 0.270962
vt 0.527078 0.261537
vt 0.516038 0.254507
vt 0.652112 0.454700
vt 0.624675 0.443676
vt 0.657322 0.440406
vt 0.630192 0.428256
vt 0.657401 0.364466
vt 0.710639 0.554368
vt 0.460189 0.813603
vt 0.469385 0.832110
vt 0.449749 0.794507
vt 0.487209 0.749175
vt 0.518665 0.742152
vt 0.433214 0.584950
vt 0.449856 0.481830
vt 0.447270 0.482635
vt 0.682816 0.205053
vt 0.672721 0.228952
vt 0.929636 0.488626
vt 0.411177 0.695579
vt 0.387436 0.703823
vt 0.661613 0.879346
vt 0.652478 0.854950
vt 0.776094 0.821468
vt 0.844153 0.721170
vt 0.866583 0.736307
vt 0.924937 0.612115
vt 0.535201 0.944577
vt 0.863883 0.817098
vt 0.845256 0.833473
vt 0.650596 0.165248
vt 0.657691 0.143404
vt 0.937294 0.350735
vt 0.950271 0.373841
vt 0.724986 0.169029
vt 0.049393 0.581630
vt 0.665186 0.039744
vt 0.665186 0.050911
vt 0.437048 0.039744
vt 0.437048 0.050911
vt 0.620078 0.023491
vt 0.620078 0.034658
vt 0.830840 0.023491
vt 0.847231 0.023491
vt 0.830840 0.034658
vt 0.847231 0.034658
vt 0.394578 0.023491
vt 0.394578 0.034658
vt 0.372365 0.023491
vt 0.372365 0.034658
vt 0.642902 0.247260
vt 0.633957 0.274755
vt 0.822135 0.370038
vt 0.803898 0.383209
vt 0.793752 0.371428
vt 0.604317 0.842973
vt 0.598208 0.814898
vt 0.625412 0.835099
vt 0.617314 0.807699
vt 0.798621 0.733639
vt 0.781379 0.717880
vt 0.770133 0.728431
vt 0.173393 0.438844
vt 0.288607 0.437329
vt 0.173393 0.423488
vt 0.164607 0.193206
vt 0.049393 0.193364
vt 0.049393 0.476016
vt 0.164607 0.470995
vt 0.139502 0.005353
vt 0.138980 0.019511
vt 0.380841 0.005353
vt 0.380258 0.019511
vt 0.664577 0.005353
vt 0.665236 0.019511
vt 0.895062 0.005353
vt 0.894653 0.019511
vt 0.339373 0.810539
vt 0.328081 0.807665
vt 0.807107 0.080619
vt 0.829516 0.080619
vt 0.813923 0.095380
vt 0.836062 0.095380
vt 0.849118 0.100690
vt 0.851449 0.108312
vt 0.787964 0.095381
vt 0.783702 0.080619
vt 0.934045 0.080619
vt 0.928387 0.095380
vt 0.637434 0.766651
vt 0.748121 0.719763
vt 0.711878 0.397463
vt 0.686726 0.380015
vt 0.675484 0.465322
vt 0.681279 0.451877
vt 0.660201 0.561185
vt 0.430659 0.444589
vt 0.419762 0.427301
vt 0.652204 0.220991
vt 0.843819 0.354942
vt 0.661400 0.196617
vt 0.775762 0.254656
vt 0.792776 0.233317
vt 0.866239 0.339786
vt 0.924788 0.463875
vt 0.952424 0.456990
vt 0.642122 0.189774
vt 0.670948 0.903713
vt 0.642316 0.886155
vt 0.759741 0.832154
vt 0.890089 0.751710
vt 0.564200 0.829301
vt 0.542758 0.966938
vt 0.564588 0.960037
vt 0.879870 0.801698
vt 0.961256 0.397445
vt 0.767161 0.190091
vt 0.789236 0.203100
vt 0.074765 0.618466
vt 0.049393 0.622538
vt 0.723391 0.039744
vt 0.723391 0.050911
vt 0.704847 0.039744
vt 0.704847 0.050911
vt 0.457523 0.039744
vt 0.478147 0.039744
vt 0.457523 0.050911
vt 0.478147 0.050911
vt 0.576171 0.023491
vt 0.576171 0.034658
vt 0.811469 0.023491
vt 0.811469 0.034658
vt 0.416923 0.023491
vt 0.416923 0.034658
vt 0.335318 0.709160
vt 0.781030 0.358259
vt 0.616933 0.268159
vt 0.756136 0.738883
vt 0.855424 0.576069
vt 0.857604 0.556306
vt 0.173393 0.173556
vt 0.288607 0.174555
vt 0.173393 0.193182
vt 0.288607 0.193340
vt 0.288607 0.400511
vt 0.173393 0.388095
vt 0.173393 0.404855
vt 0.288607 0.420289
vt 0.049393 0.248366
vt 0.164607 0.231267
vt 0.049393 0.437351
vt 0.049393 0.420309
vt 0.164607 0.423510
vt 0.164607 0.404878
vt 0.164607 0.438868
vt 0.049393 0.456892
vt 0.087857 0.005353
vt 0.104938 0.005353
vt 0.088606 0.019511
vt 0.105348 0.019511
vt 0.335423 0.005353
vt 0.334764 0.019511
vt 0.316181 0.005353
vt 0.315574 0.019511
vt 0.595511 0.005353
vt 0.619159 0.005353
vt 0.595998 0.019511
vt 0.619742 0.019511
vt 0.840291 0.005353
vt 0.860498 0.005353
vt 0.840939 0.019511
vt 0.861020 0.019511
vt 0.501484 0.205370
vt 0.961533 0.100690
vt 0.960938 0.108312
vt 0.947350 0.100690
vt 0.947500 0.108312
vt 0.835974 0.100690
vt 0.839420 0.108312
vt 0.912926 0.095380
vt 0.918679 0.080619
vt 0.645564 0.788996
vt 0.573481 0.666535
vt 0.688525 0.566615
vt 0.408117 0.411826
vt 0.479249 0.717364
vt 0.617822 0.894016
vt 0.911401 0.765123
vt 0.679253 0.925573
vt 0.978446 0.450097
vt 0.970779 0.423446
vt 0.807735 0.214924
vt 0.744868 0.039744
vt 0.744868 0.050911
vt 0.517713 0.039744
vt 0.517713 0.050911
vt 0.992631 0.050911
vt 0.992631 0.039744
vt 0.774384 0.023491
vt 0.774384 0.034658
vt 0.440449 0.023491
vt 0.440449 0.034658
vt 0.352613 0.358602
vt 0.755770 0.337242
vt 0.858355 0.538060
vt 0.857566 0.519816
vt 0.743516 0.747468
vt 0.727837 0.757676
vt 0.851755 0.595473
vt 0.173393 0.153806
vt 0.288607 0.155571
vt 0.049393 0.230030
vt 0.164607 0.212719
vt 0.066742 0.005353
vt 0.067797 0.019511
vt 0.294319 0.005353
vt 0.293926 0.019511
vt 0.571610 0.005353
vt 0.572013 0.019511
vt 0.822123 0.005353
vt 0.822630 0.019511
vt 0.467136 0.184425
vt 0.976685 0.108312
vt 0.977147 0.100690
vt 0.825151 0.100690
vt 0.828187 0.108312
vt 0.568922 0.080620
vt 0.573498 0.095381
vt 0.437256 0.457347
vt 0.593115 0.431512
vt 0.599877 0.415851
vt 0.705857 0.571774
vt 0.443172 0.471613
vt 0.633918 0.861518
vt 0.643233 0.828666
vt 0.606459 0.947892
vt 0.584587 0.954071
vt 0.897414 0.782255
vt 0.499949 0.093060
vt 0.747614 0.179917
vt 0.049393 0.600770
vt 0.090483 0.598141
vt 0.683266 0.039744
vt 0.683266 0.050911
vt 0.497632 0.039744
vt 0.497632 0.050911
vt 0.599320 0.023491
vt 0.599320 0.034658
vt 0.794772 0.023491
vt 0.794772 0.034658
vt 0.769772 0.347702
vt 0.349085 0.360461
vt 0.288607 0.212197
vt 0.049393 0.212222
vt 0.164607 0.455075
vt 0.122808 0.005353
vt 0.122512 0.019511
vt 0.358493 0.005353
vt 0.357820 0.019511
vt 0.641508 0.005353
vt 0.642180 0.019511
vt 0.877191 0.005353
vt 0.877488 0.019511
vt 0.458117 0.944662
vt 0.692484 0.080619
vt 0.685938 0.095381
vt 0.681128 0.080619
vt 0.675937 0.095381
vt 0.920729 0.108312
vt 0.921162 0.100690
vt 0.657457 0.620248
vt 0.505138 0.244315
vt 0.438986 0.574107
vt 0.610820 0.869173
vt 0.479874 0.084005
vt 0.992605 0.023491
vt 0.992605 0.034658
vt 0.386800 0.256118
vt 0.387153 0.241945
vt 0.993055 0.080619
vt 0.989450 0.095380
vt 0.587792 0.199946
vt 0.411350 0.881419
vt 0.372338 0.039744
vt 0.372338 0.050911
vt 0.401682 0.885939
vt 0.991352 0.108312
vt 0.991022 0.100690
vt 0.369510 0.395939
vt 0.368405 0.396230
vt 0.362848 0.390058
vt 0.362696 0.391191
vt 0.366990 0.396262
vt 0.362840 0.392599
vt 0.365696 0.395976
vt 0.363285 0.393848
vt 0.364288 0.395141
vt 0.370583 0.385520
vt 0.372063 0.386333
vt 0.373053 0.387701
vt 0.368868 0.385218
vt 0.373565 0.389365
vt 0.367216 0.385439
vt 0.373552 0.391032
vt 0.372530 0.393433
vt 0.364872 0.386827
vt 0.373075 0.392627
vt 0.365692 0.386110
vt 0.366443 0.385779
vt 0.370848 0.395212
vt 0.363403 0.388640
vt 0.371949 0.394293
vt 0.364179 0.387434
vt 0.359893 0.388543
vt 0.363339 0.384877
vt 0.361326 0.388274
vt 0.363202 0.386119
vt 0.362435 0.387492
vt 0.362898 0.383624
vt 0.358666 0.388280
vt 0.361918 0.382471
vt 0.356472 0.387007
vt 0.358619 0.379943
vt 0.352570 0.383614
vt 0.357041 0.378918
vt 0.356018 0.378564
vt 0.352221 0.382353
vt 0.360831 0.381538
vt 0.353809 0.385056
vt 0.354881 0.378539
vt 0.352206 0.381265
vt 0.352460 0.380280
vt 0.353814 0.378844
vt 0.353050 0.379367
vt 0.559686 0.218544
vt 0.563839 0.246387
vt 0.634342 0.801149
vt 0.388306 0.276696
vt 0.582541 0.822073
vt 0.575023 0.825036
vt 0.567435 0.828026
vt 0.346438 0.317559
vt 0.350035 0.310385
vt 0.342874 0.324667
vt 0.334854 0.345054
vt 0.329507 0.346694
vt 0.370660 0.257219
vt 0.373974 0.242675
vt 0.363911 0.280206
vt 0.351569 0.307327
vt 0.543784 0.187355
vt 0.567242 0.193962
vt 0.666220 0.095380
vt 0.670095 0.080620
vt 0.352719 0.813936
vt 0.358062 0.800832
vt 0.365163 0.782495
vt 0.372877 0.756657
vt 0.370060 0.735818
vt 0.305217 0.697705
vt 0.310244 0.699983
vt 0.315726 0.721054
vt 0.364134 0.713805
vt 0.566264 0.247351
vt 0.572791 0.249943
vt 0.497444 0.223509
vt 0.567119 0.405364
vt 0.580069 0.408515
vt 0.929520 0.246760
vt 0.929400 0.235534
vt 0.940749 0.246175
vt 0.941197 0.235383
vt 0.918679 0.246585
vt 0.907189 0.246381
vt 0.917721 0.235815
vt 0.905624 0.236721
vt 0.919549 0.269217
vt 0.910185 0.267292
vt 0.965105 0.198509
vt 0.978321 0.201173
vt 0.968944 0.208586
vt 0.982820 0.209547
vt 0.963320 0.245788
vt 0.966169 0.236428
vt 0.976413 0.247231
vt 0.981747 0.238203
vt 0.940331 0.268846
vt 0.949639 0.266558
vt 0.951800 0.245541
vt 0.958843 0.262669
vt 0.929939 0.269700
vt 0.969243 0.217300
vt 0.955805 0.215518
vt 0.957487 0.205295
vt 0.888364 0.218658
vt 0.888399 0.209755
vt 0.902054 0.216373
vt 0.900062 0.206499
vt 0.874610 0.211267
vt 0.872738 0.220032
vt 0.968628 0.226643
vt 0.954447 0.225655
vt 0.942268 0.213881
vt 0.941891 0.225000
vt 0.928933 0.213241
vt 0.929130 0.224814
vt 0.916697 0.225419
vt 0.903756 0.226556
vt 0.915577 0.214480
vt 0.873357 0.229977
vt 0.889895 0.228000
vt 0.953380 0.235864
vt 0.984850 0.228029
vt 0.985071 0.218147
vt 0.876917 0.240081
vt 0.892664 0.237746
vt 0.900905 0.263697
vt 0.896487 0.247036
vt 0.882617 0.249013
vt 0.890780 0.257051
vt 0.968718 0.255640
vt 0.885043 0.194602
vt 0.893151 0.187594
vt 0.896547 0.191848
vt 0.900494 0.183174
vt 0.943649 0.202294
vt 0.913935 0.202548
vt 0.928675 0.200723
vt 0.939288 0.184923
vt 0.928462 0.184084
vt 0.937175 0.176509
vt 0.928359 0.176023
vt 0.917750 0.185184
vt 0.919597 0.176773
vt 0.947647 0.178938
vt 0.950858 0.187539
vt 0.909297 0.179477
vt 0.906284 0.188295
vt 0.941439 0.193490
vt 0.954127 0.196297
vt 0.928567 0.192290
vt 0.915868 0.193748
vt 0.903215 0.197273
vt 0.892528 0.200680
vt 0.878758 0.202582
vt 0.972109 0.193572
vt 0.960776 0.190452
vt 0.956524 0.182538
vt 0.963978 0.186721
vt 0.891222 0.186735
vt 0.899279 0.181747
vt 0.908490 0.177836
vt 0.918754 0.175078
vt 0.928330 0.174187
vt 0.919676 0.271047
vt 0.909372 0.268953
vt 0.899313 0.265006
vt 0.929975 0.271492
vt 0.889266 0.258217
vt 0.880988 0.249887
vt 0.937986 0.174770
vt 0.957750 0.181065
vt 0.948444 0.177263
vt 0.965848 0.185854
vt 0.979932 0.200355
vt 0.973783 0.192653
vt 0.984517 0.208976
vt 0.986595 0.228458
vt 0.983454 0.238751
vt 0.978065 0.248025
vt 0.970263 0.256720
vt 0.986841 0.218002
vt 0.960465 0.263901
vt 0.950530 0.268191
vt 0.940282 0.270687
vt 0.877105 0.201823
vt 0.883276 0.193747
vt 0.872893 0.210761
vt 0.875189 0.240713
vt 0.871626 0.230474
vt 0.870962 0.219954
vt 0.956579 0.885222
vt 0.950538 0.873428
vt 0.974001 0.875352
vt 0.972474 0.862971
vt 0.973995 0.756727
vt 0.956566 0.746855
vt 0.976285 0.745928
vt 0.962902 0.737400
vt 0.972767 0.816046
vt 0.939920 0.816048
vt 0.972739 0.806082
vt 0.940315 0.805319
vt 0.945512 0.859263
vt 0.972266 0.850820
vt 0.972469 0.769114
vt 0.950525 0.758656
vt 0.941839 0.843154
vt 0.972600 0.838567
vt 0.945502 0.772827
vt 0.972263 0.781268
vt 0.972740 0.826010
vt 0.940318 0.826777
vt 0.941832 0.788940
vt 0.972598 0.793524
vt 0.967806 0.901549
vt 0.962912 0.894674
vt 0.978968 0.895871
vt 0.976292 0.886144
vt 0.967799 0.730525
vt 0.971085 0.723773
vt 0.978966 0.736207
vt 0.971094 0.908297
vt 0.992080 0.906886
vt 0.992080 0.894923
vt 0.992080 0.725179
vt 0.992080 0.737148
vt 0.974238 0.716101
vt 0.992080 0.714730
vt 0.992080 0.872558
vt 0.992080 0.861260
vt 0.977078 0.706846
vt 0.992080 0.704653
vt 0.992080 0.748502
vt 0.992080 0.759523
vt 0.992080 0.805273
vt 0.992080 0.816047
vt 0.992080 0.849979
vt 0.980367 0.689614
vt 0.980585 0.679345
vt 0.992080 0.685428
vt 0.992080 0.675419
vt 0.992080 0.770825
vt 0.974249 0.915963
vt 0.992080 0.917329
vt 0.977090 0.925211
vt 0.992080 0.927400
vt 0.980772 0.667816
vt 0.992080 0.664993
vt 0.992080 0.838855
vt 0.978831 0.698772
vt 0.992080 0.694996
vt 0.992080 0.782110
vt 0.980376 0.942428
vt 0.992080 0.946610
vt 0.980595 0.952688
vt 0.992080 0.956611
vt 0.980782 0.964207
vt 0.992080 0.967027
vt 0.980213 0.655688
vt 0.992080 0.653973
vt 0.978842 0.933278
vt 0.992080 0.937033
vt 0.992080 0.826821
vt 0.979637 0.643483
vt 0.992080 0.642534
vt 0.992080 0.793238
vt 0.980224 0.976324
vt 0.992080 0.978038
vt 0.992080 0.883575
vt 0.979648 0.988518
vt 0.992080 0.989466
vt 0.986734 0.208230
vt 0.982035 0.199287
vt 0.989152 0.217812
vt 0.988872 0.229019
vt 0.985682 0.239467
vt 0.980221 0.249062
vt 0.972280 0.258129
vt 0.962584 0.265511
vt 0.951693 0.270324
vt 0.940219 0.273090
vt 0.930022 0.273832
vt 0.919840 0.273437
vt 0.908310 0.271122
vt 0.897234 0.266716
vt 0.887289 0.259741
vt 0.878862 0.251027
vt 0.872932 0.241539
vt 0.869367 0.231123
vt 0.868643 0.219852
vt 0.870651 0.210100
vt 0.874947 0.200832
vt 0.880969 0.192631
vt 0.888704 0.185614
vt 0.897694 0.179885
vt 0.907435 0.175692
vt 0.917652 0.172865
vt 0.928292 0.171788
vt 0.939044 0.172501
vt 0.949486 0.175077
vt 0.959352 0.179142
vt 0.968289 0.184722
vt 0.975970 0.191453
vt 0.124739 0.666610
vt 0.084092 0.665292
vt 0.096284 0.636207
vt 0.037016 0.880237
vt 0.102768 0.891837
vt 0.043279 0.897017
vt 0.111852 0.738656
vt 0.172663 0.744168
vt 0.169777 0.793650
vt 0.186023 0.776338
vt 0.159326 0.839224
vt 0.096814 0.828981
vt 0.160490 0.815529
vt 0.084542 0.950158
vt 0.120445 0.919576
vt 0.098832 0.960133
vt 0.151333 0.938100
vt 0.190225 0.939028
vt 0.200429 0.978023
vt 0.175733 0.981004
vt 0.158987 0.980359
vt 0.135899 0.975949
vt 0.113842 0.968134
vt 0.221633 0.972227
vt 0.237255 0.929083
vt 0.166394 0.861928
vt 0.055498 0.918590
vt 0.071224 0.938153
vt 0.236727 0.965615
vt 0.251230 0.957109
vt 0.264946 0.946730
vt 0.277618 0.934476
vt 0.032608 0.861087
vt 0.036429 0.801634
vt 0.051675 0.755748
vt 0.291183 0.749732
vt 0.236235 0.744845
vt 0.277144 0.709822
vt 0.230291 0.710522
vt 0.246784 0.633023
vt 0.260111 0.664345
vt 0.219837 0.666383
vt 0.172494 0.710258
vt 0.066688 0.712206
vt 0.031893 0.823187
vt 0.030613 0.841259
vt 0.207220 0.765740
vt 0.230700 0.763214
vt 0.272907 0.781685
vt 0.253484 0.768825
vt 0.286866 0.800110
vt 0.305619 0.790936
vt 0.310954 0.808377
vt 0.292972 0.845263
vt 0.315387 0.839944
vt 0.314371 0.854426
vt 0.307977 0.882514
vt 0.284024 0.866719
vt 0.311889 0.868639
vt 0.201012 0.893455
vt 0.224218 0.898368
vt 0.247604 0.895016
vt 0.180903 0.880786
vt 0.107419 0.614726
vt 0.171585 0.634584
vt 0.236139 0.612488
vt 0.119062 0.596468
vt 0.127887 0.585700
vt 0.172152 0.596409
vt 0.138855 0.576832
vt 0.225198 0.596428
vt 0.216380 0.585602
vt 0.205723 0.576827
vt 0.149173 0.571316
vt 0.172155 0.566996
vt 0.195261 0.571108
vt 0.433498 0.061948
vt 0.415673 0.061948
vt 0.433498 0.056052
vt 0.415673 0.056052
vt 0.791657 0.073948
vt 0.791657 0.068052
vt 0.805075 0.073948
vt 0.805075 0.068052
vt 0.528039 0.073948
vt 0.528039 0.068052
vt 0.541510 0.073948
vt 0.541510 0.068052
vt 0.185803 0.835842
vt 0.191491 0.835108
vt 0.190141 0.849566
vt 0.195235 0.846891
vt 0.320742 0.504439
vt 0.299258 0.504439
vt 0.320742 0.491346
vt 0.299258 0.491346
vt 0.320742 0.403182
vt 0.299258 0.403182
vt 0.320742 0.382743
vt 0.299258 0.382743
vt 0.263132 0.852996
vt 0.278801 0.863289
vt 0.253127 0.863558
vt 0.264521 0.878869
vt 0.483286 0.061948
vt 0.458469 0.061948
vt 0.483286 0.056052
vt 0.458469 0.056052
vt 0.831833 0.068052
vt 0.831834 0.073948
vt 0.818468 0.068052
vt 0.818468 0.073948
vt 0.560156 0.073948
vt 0.560156 0.068052
vt 0.582290 0.073948
vt 0.582290 0.068052
vt 0.591328 0.056052
vt 0.610190 0.056052
vt 0.591328 0.061948
vt 0.610190 0.061948
vt 0.197023 0.811398
vt 0.192113 0.822783
vt 0.192200 0.808230
vt 0.186520 0.821487
vt 0.320742 0.476441
vt 0.299258 0.476441
vt 0.320742 0.459931
vt 0.299258 0.459931
vt 0.320742 0.362013
vt 0.299258 0.362013
vt 0.320742 0.341283
vt 0.299258 0.341283
vt 0.256245 0.800070
vt 0.243903 0.792335
vt 0.268741 0.786281
vt 0.251088 0.774702
vt 0.268855 0.839696
vt 0.286943 0.843871
vt 0.702123 0.073948
vt 0.702123 0.068052
vt 0.744113 0.073948
vt 0.744113 0.068052
vt 0.268318 0.883973
vt 0.299555 0.902230
vt 0.166997 0.817018
vt 0.175383 0.797295
vt 0.501314 0.061948
vt 0.501314 0.056052
vt 0.851648 0.073948
vt 0.851648 0.068052
vt 0.614878 0.073948
vt 0.614878 0.068052
vt 0.630881 0.061948
vt 0.630881 0.056052
vt 0.172330 0.666653
vt 0.205614 0.802326
vt 0.202140 0.797675
vt 0.320742 0.442048
vt 0.299258 0.442048
vt 0.320742 0.320843
vt 0.299258 0.320843
vt 0.190052 0.781673
vt 0.565202 0.061948
vt 0.538707 0.061948
vt 0.565202 0.056052
vt 0.538707 0.056052
vt 0.887591 0.073948
vt 0.887591 0.068052
vt 0.903711 0.073948
vt 0.903711 0.068052
vt 0.992328 0.061948
vt 0.982480 0.061948
vt 0.992328 0.056052
vt 0.982480 0.056052
vt 0.745024 0.061948
vt 0.693981 0.061948
vt 0.745024 0.056052
vt 0.693981 0.056052
vt 0.241705 0.797733
vt 0.229628 0.789221
vt 0.229373 0.795055
vt 0.249658 0.858883
vt 0.258300 0.849808
vt 0.320742 0.281973
vt 0.299258 0.281973
vt 0.320742 0.264086
vt 0.299258 0.264086
vt 0.215133 0.791077
vt 0.230432 0.769716
vt 0.209198 0.772074
vt 0.293906 0.822101
vt 0.314438 0.825526
vt 0.240076 0.870126
vt 0.245722 0.888793
vt 0.225551 0.871925
vt 0.224551 0.891758
vt 0.165945 0.838379
vt 0.519755 0.061948
vt 0.519755 0.056052
vt 0.871414 0.073948
vt 0.871414 0.068052
vt 0.968368 0.061948
vt 0.956384 0.061948
vt 0.968368 0.056052
vt 0.956384 0.056052
vt 0.670822 0.061948
vt 0.651809 0.061948
vt 0.670822 0.056052
vt 0.651809 0.056052
vt 0.846590 0.061948
vt 0.793688 0.061948
vt 0.846590 0.056052
vt 0.793688 0.056052
vt 0.216845 0.796652
vt 0.320742 0.423043
vt 0.299258 0.423043
vt 0.320742 0.300980
vt 0.299258 0.300980
vt 0.211293 0.868756
vt 0.203582 0.887280
vt 0.919395 0.073948
vt 0.919395 0.068052
vt 0.934661 0.073948
vt 0.934661 0.068052
vt 0.488948 0.073948
vt 0.488948 0.068052
vt 0.502782 0.073948
vt 0.502782 0.068052
vt 0.879766 0.061948
vt 0.879766 0.056052
vt 0.661479 0.073948
vt 0.661479 0.068052
vt 0.260051 0.814204
vt 0.252361 0.804379
vt 0.265154 0.811508
vt 0.225828 0.866088
vt 0.238380 0.864533
vt 0.320742 0.247572
vt 0.299258 0.247572
vt 0.320742 0.232662
vt 0.299258 0.232662
vt 0.281438 0.802959
vt 0.269550 0.825271
vt 0.287817 0.822893
vt 0.172330 0.858837
vt 0.162529 0.567892
vt 0.263240 0.838394
vt 0.941876 0.061948
vt 0.927532 0.061948
vt 0.941876 0.056052
vt 0.927532 0.056052
vt 0.949572 0.073948
vt 0.949572 0.068052
vt 0.969431 0.073948
vt 0.969431 0.068052
vt 0.761624 0.073948
vt 0.761624 0.068052
vt 0.778191 0.073948
vt 0.778191 0.068052
vt 0.514582 0.073948
vt 0.514582 0.068052
vt 0.263842 0.826021
vt 0.202885 0.856707
vt 0.213506 0.863371
vt 0.198999 0.860996
vt 0.320742 0.219566
vt 0.299258 0.219566
vt 0.320742 0.208466
vt 0.299258 0.208466
vt 0.288673 0.920722
vt 0.479142 0.073948
vt 0.479142 0.068052
vt 0.181808 0.567937
vt 0.991858 0.073948
vt 0.991858 0.068052
vt 0.320742 0.515534
vt 0.299258 0.515534
vt 0.185427 0.875838
vt 0.905049 0.061948
vt 0.905049 0.056052
vt 0.376559 0.987057
vt 0.357719 0.990409
vt 0.338870 0.987113
vt 0.338714 0.883564
vt 0.357553 0.880212
vt 0.376402 0.883507
vt 0.724424 0.125319
vt 0.707767 0.125319
vt 0.724428 0.114606
vt 0.707771 0.114606
vt 0.303360 0.925825
vt 0.309878 0.907834
vt 0.411882 0.925662
vt 0.405310 0.907689
vt 0.691115 0.114606
vt 0.691110 0.125319
vt 0.974235 0.125319
vt 0.974236 0.114606
vt 0.990889 0.125319
vt 0.990890 0.114606
vt 0.393117 0.977464
vt 0.322283 0.977571
vt 0.957581 0.125319
vt 0.957582 0.114606
vt 0.405393 0.962787
vt 0.309961 0.962931
vt 0.924274 0.125319
vt 0.924275 0.114606
vt 0.940927 0.125319
vt 0.940928 0.114606
vt 0.411912 0.944796
vt 0.303389 0.944959
vt 0.774397 0.114606
vt 0.791052 0.114606
vt 0.774392 0.125319
vt 0.791048 0.125319
vt 0.874316 0.125319
vt 0.874317 0.114606
vt 0.890969 0.125319
vt 0.890969 0.114606
vt 0.741084 0.114606
vt 0.757741 0.114606
vt 0.741080 0.125319
vt 0.757737 0.125319
vt 0.857663 0.125319
vt 0.841010 0.125319
vt 0.857665 0.114606
vt 0.841012 0.114606
vt 0.824359 0.114606
vt 0.824357 0.125319
vt 0.907621 0.125319
vt 0.907621 0.114606
vt 0.807706 0.114606
vt 0.807703 0.125319
vt 0.322156 0.893156
vt 0.392990 0.893049
vt 0.826458 0.917438
vt 0.798092 0.940866
vt 0.804762 0.904687
vt 0.779947 0.908862
vt 0.763618 0.928013
vt 0.763424 0.953179
vt 0.779451 0.972581
vt 0.804198 0.977144
vt 0.826091 0.964733
vt 0.834883 0.941152
vt 0.912764 0.902648
vt 0.936300 0.911851
vt 0.911888 0.939581
vt 0.948414 0.934031
vt 0.888819 0.910725
vt 0.875665 0.932303
vt 0.879461 0.957289
vt 0.898431 0.973986
vt 0.923694 0.974585
vt 0.943434 0.958807
vt 0.035574 0.292901
vt 0.035574 0.311303
vt 0.030234 0.292901
vt 0.030234 0.311303
vt 0.030234 0.274497
vt 0.035574 0.274497
vt 0.030234 0.256098
vt 0.035574 0.256098
vt 0.035574 0.329706
vt 0.035574 0.348108
vt 0.030234 0.329706
vt 0.030234 0.348108
vt 0.035574 0.366511
vt 0.030234 0.366511
vt 0.035574 0.384913
vt 0.030234 0.384913
vt 0.035574 0.403316
vt 0.030234 0.403316
vt 0.035574 0.421718
vt 0.030234 0.421718
vt 0.035574 0.440120
vt 0.030235 0.440120
vt 0.035574 0.102412
vt 0.035574 0.127283
vt 0.030235 0.102412
vt 0.030235 0.127283
vt 0.035574 0.145684
vt 0.030234 0.145684
vt 0.035574 0.164086
vt 0.030234 0.164086
vt 0.035574 0.182487
vt 0.030234 0.182487
vt 0.035574 0.200890
vt 0.030234 0.200890
vt 0.035574 0.219293
vt 0.030234 0.219293
vt 0.035574 0.237695
vt 0.030234 0.237695
vt 0.778813 0.891301
vt 0.765460 0.898869
vt 0.746091 0.929671
vt 0.751458 0.915287
vt 0.745927 0.951251
vt 0.751068 0.965715
vt 0.764810 0.982348
vt 0.778042 0.990124
vt 0.814393 0.991490
vt 0.799259 0.994036
vt 0.843125 0.969172
vt 0.833164 0.980850
vt 0.850667 0.948952
vt 0.850783 0.933600
vt 0.833781 0.901436
vt 0.843557 0.913268
vt 0.815180 0.890504
vt 0.800088 0.887722
vt 0.010029 0.440120
vt 0.010029 0.421718
vt 0.010028 0.403316
vt 0.010027 0.384913
vt 0.010027 0.366511
vt 0.010027 0.256098
vt 0.010027 0.274500
vt 0.010026 0.348108
vt 0.010027 0.237695
vt 0.010027 0.329706
vt 0.010026 0.219293
vt 0.010027 0.311303
vt 0.010026 0.200890
vt 0.010028 0.145684
vt 0.010028 0.164086
vt 0.010027 0.292901
vt 0.010027 0.182487
vt 0.010030 0.102412
vt 0.010029 0.127283
vt 0.035574 0.610000
vt 0.035574 0.628402
vt 0.029433 0.610000
vt 0.029433 0.628402
vt 0.029433 0.591598
vt 0.035574 0.591598
vt 0.029433 0.573196
vt 0.035574 0.573196
vt 0.035574 0.646804
vt 0.035574 0.665207
vt 0.029434 0.646804
vt 0.029434 0.665207
vt 0.035574 0.683610
vt 0.029434 0.683610
vt 0.035574 0.702012
vt 0.029433 0.702012
vt 0.035574 0.720414
vt 0.029433 0.720414
vt 0.035574 0.738816
vt 0.029433 0.738816
vt 0.035574 0.757218
vt 0.029433 0.757218
vt 0.035574 0.775619
vt 0.029433 0.775619
vt 0.035574 0.444381
vt 0.035574 0.462782
vt 0.029432 0.444381
vt 0.029433 0.462782
vt 0.035574 0.481184
vt 0.029433 0.481184
vt 0.035574 0.499587
vt 0.029433 0.499587
vt 0.035574 0.517989
vt 0.029434 0.517989
vt 0.035574 0.536391
vt 0.029434 0.536391
vt 0.035574 0.554794
vt 0.029434 0.554794
vt 0.872870 0.903113
vt 0.884908 0.893492
vt 0.861592 0.921613
vt 0.858551 0.936724
vt 0.861802 0.958151
vt 0.869196 0.971679
vt 0.885462 0.985995
vt 0.899817 0.991605
vt 0.936079 0.987193
vt 0.921475 0.992118
vt 0.961026 0.960507
vt 0.953002 0.973666
vt 0.965298 0.939264
vt 0.962987 0.924021
vt 0.941024 0.894820
vt 0.952595 0.905003
vt 0.905437 0.886567
vt 0.920844 0.886932
vt 0.009226 0.757218
vt 0.009227 0.738816
vt 0.009227 0.720414
vt 0.009227 0.702012
vt 0.009227 0.683610
vt 0.009227 0.573196
vt 0.009227 0.591598
vt 0.009227 0.646804
vt 0.009227 0.665207
vt 0.009227 0.536391
vt 0.009227 0.554794
vt 0.009227 0.628402
vt 0.009227 0.517989
vt 0.009227 0.610000
vt 0.009227 0.499587
vt 0.009226 0.481184
vt 0.009226 0.462782
vt 0.009226 0.775619
vt 0.009226 0.444381
vt 0.135507 0.064386
vt 0.149297 0.044571
vt 0.149297 0.064386
vt 0.163376 0.064386
vt 0.177897 0.044571
vt 0.177643 0.064386
vt 0.192061 0.064386
vt 0.206680 0.044571
vt 0.206538 0.064386
vt 0.220992 0.064386
vt 0.235322 0.064386
vt 0.234039 0.044571
vt 0.249459 0.064386
vt 0.021439 0.064386
vt 0.035476 0.044571
vt 0.035476 0.064386
vt 0.049774 0.064386
vt 0.064211 0.064386
vt 0.064211 0.044571
vt 0.078675 0.064386
vt 0.093119 0.064386
vt 0.093119 0.044571
vt 0.107441 0.064386
vt 0.007637 0.064386
vt 0.007637 0.044571
vt 0.263363 0.064386
vt 0.263363 0.044571
vt 0.121598 0.064386
vt 0.121598 0.044571
vt 0.405739 0.096014
vt 0.395609 0.123483
vt 0.357374 0.095862
vt 0.367296 0.123457
vt 0.007637 0.028788
vt 0.035476 0.028788
vt 0.093119 0.075079
vt 0.093119 0.085631
vt 0.078675 0.075079
vt 0.078675 0.085631
vt 0.035476 0.075079
vt 0.049774 0.075079
vt 0.442645 0.127300
vt 0.417335 0.141680
vt 0.064211 0.028788
vt 0.107441 0.085631
vt 0.107441 0.075079
vt 0.021439 0.075079
vt 0.450355 0.174832
vt 0.421738 0.169502
vt 0.093119 0.028788
vt 0.121598 0.075079
vt 0.121598 0.085631
vt 0.007637 0.075079
vt 0.177643 0.075079
vt 0.192061 0.075079
vt 0.395192 0.178789
vt 0.402901 0.165924
vt 0.407392 0.193582
vt 0.121598 0.028788
vt 0.135507 0.085631
vt 0.135507 0.075079
vt 0.220992 0.085631
vt 0.206538 0.085631
vt 0.220992 0.075079
vt 0.206538 0.075079
vt 0.249459 0.075079
vt 0.263363 0.075079
vt 0.163376 0.075079
vt 0.354640 0.193627
vt 0.366885 0.178873
vt 0.381034 0.203058
vt 0.381021 0.183884
vt 0.149297 0.028788
vt 0.177897 0.028788
vt 0.163376 0.085631
vt 0.149297 0.085631
vt 0.149297 0.075079
vt 0.249459 0.085631
vt 0.235322 0.085631
vt 0.235322 0.075079
vt 0.340318 0.169370
vt 0.359340 0.166021
vt 0.425933 0.215984
vt 0.177643 0.085631
vt 0.263363 0.085631
vt 0.345482 0.141505
vt 0.362133 0.151283
vt 0.381004 0.232138
vt 0.192061 0.085631
vt 0.021439 0.085631
vt 0.007637 0.085631
vt 0.373840 0.141656
vt 0.335969 0.215959
vt 0.035476 0.085631
vt 0.388996 0.141625
vt 0.311645 0.174399
vt 0.206680 0.028788
vt 0.049774 0.085631
vt 0.400535 0.151210
vt 0.320179 0.126776
vt 0.234039 0.028788
vt 0.064211 0.075079
vt 0.064211 0.085631
vt 0.263363 0.028788
vt 0.121598 0.098019
vt 0.135507 0.098019
vt 0.149297 0.098019
vt 0.206538 0.098019
vt 0.220992 0.098019
vt 0.235322 0.098019
vt 0.249459 0.098019
vt 0.263363 0.098019
vt 0.007637 0.098019
vt 0.021439 0.098019
vt 0.035476 0.098019
vt 0.049774 0.098019
vt 0.064211 0.098019
vt 0.078675 0.098019
vt 0.093119 0.098019
vt 0.107441 0.098019
vt 0.163376 0.098019
vt 0.177643 0.098019
vt 0.192061 0.098019
vt 0.322347 0.106856
vt 0.308216 0.108473
vt 0.321042 0.102836
vt 0.308487 0.104272
vt 0.294372 0.105202
vt 0.296185 0.101366
vt 0.276446 0.045062
vt 0.280224 0.047909
vt 0.270780 0.058109
vt 0.275193 0.059515
vt 0.286199 0.034711
vt 0.288897 0.038698
vt 0.298925 0.028359
vt 0.300217 0.033043
vt 0.313050 0.026699
vt 0.312784 0.031565
vt 0.326881 0.030012
vt 0.325090 0.034514
vt 0.338769 0.037818
vt 0.335664 0.041464
vt 0.347235 0.049247
vt 0.343189 0.051633
vt 0.351325 0.062871
vt 0.346818 0.063750
vt 0.350464 0.077069
vt 0.346044 0.076374
vt 0.344840 0.090137
vt 0.341036 0.087986
vt 0.335055 0.100461
vt 0.332336 0.097157
vt 0.282508 0.097354
vt 0.285640 0.094398
vt 0.274007 0.085948
vt 0.278079 0.084264
vt 0.269961 0.072310
vt 0.274474 0.072142
vt 0.314311 0.099636
vt 0.293083 0.094587
vt 0.333822 0.089859
vt 0.342493 0.069825
vt 0.336258 0.048900
vt 0.318024 0.036880
vt 0.296328 0.039399
vt 0.281334 0.055275
vt 0.280057 0.077071
vt 0.240570 0.801695
vt 0.249749 0.807714
vt 0.229876 0.799163
vt 0.218956 0.800423
vt 0.209128 0.805324
vt 0.201577 0.813274
vt 0.197214 0.823315
vt 0.196565 0.834235
vt 0.199709 0.844717
vt 0.206266 0.853497
vt 0.215445 0.859516
vt 0.226139 0.862048
vt 0.237059 0.860787
vt 0.246887 0.855887
vt 0.254438 0.847936
vt 0.258801 0.837896
vt 0.259450 0.826976
vt 0.256306 0.816494
vt 0.557676 0.341458
vt 0.545349 0.342528
vt 0.556434 0.334926
vt 0.545402 0.335143
vt 0.524117 0.402359
vt 0.513228 0.399936
vt 0.525764 0.394087
vt 0.513895 0.390829
vt 0.749200 0.132440
vt 0.745698 0.150883
vt 0.738281 0.132440
vt 0.733503 0.145929
vt 0.760426 0.132440
vt 0.758554 0.154478
vt 0.529191 0.372408
vt 0.516449 0.369628
vt 0.530710 0.361092
vt 0.517951 0.358314
vt 0.772386 0.156365
vt 0.773112 0.132440
vt 0.556904 0.363141
vt 0.555764 0.375049
vt 0.543581 0.362755
vt 0.542111 0.374703
vt 0.784903 0.132440
vt 0.784661 0.157156
vt 0.797240 0.157190
vt 0.796066 0.132440
vt 0.881030 0.164661
vt 0.880836 0.132440
vt 0.893086 0.164254
vt 0.892333 0.132440
vt 0.808522 0.157533
vt 0.807267 0.132440
vt 0.527495 0.384026
vt 0.515042 0.380831
vt 0.915715 0.132440
vt 0.915278 0.162482
vt 0.552836 0.397268
vt 0.539973 0.388750
vt 0.929057 0.161293
vt 0.927882 0.132440
vt 0.532118 0.350780
vt 0.519618 0.348067
vt 0.533536 0.341531
vt 0.521827 0.338511
vt 0.945213 0.158893
vt 0.939671 0.132440
vt 0.557420 0.353229
vt 0.544630 0.352260
vt 0.957296 0.156849
vt 0.951090 0.132440
vt 0.835008 0.161463
vt 0.830086 0.160669
vt 0.833331 0.132440
vt 0.827549 0.132440
vt 0.841571 0.132440
vt 0.847362 0.132440
vt 0.842704 0.162707
vt 0.847601 0.163314
vt 0.859904 0.132440
vt 0.858005 0.164164
vt 0.854140 0.132440
vt 0.852915 0.163776
vt 0.545621 0.412977
vt 0.534744 0.406637
vt 0.549582 0.406930
vt 0.537515 0.399075
vt 0.521430 0.414249
vt 0.514040 0.412243
vt 0.522660 0.408836
vt 0.513299 0.406588
vt 0.534873 0.334031
vt 0.524582 0.331022
vt 0.716523 0.132440
vt 0.711854 0.143777
vt 0.711989 0.132440
vt 0.706236 0.144399
vt 0.718437 0.142507
vt 0.724135 0.132440
vt 0.724296 0.142907
vt 0.728986 0.132440
vt 0.985740 0.148797
vt 0.980617 0.150540
vt 0.977541 0.132440
vt 0.972925 0.132440
vt 0.958881 0.132440
vt 0.963518 0.132440
vt 0.967277 0.153719
vt 0.973078 0.152170
vt 0.982807 0.132440
vt 0.988909 0.147178
vt 0.707646 0.132440
vt 0.702987 0.144472
vt 0.703304 0.132440
vt 0.699738 0.144544
vt 0.814223 0.132440
vt 0.819017 0.132449
vt 0.817900 0.158795
vt 0.823940 0.159682
vt 0.865559 0.164664
vt 0.867161 0.132440
vt 0.871753 0.164809
vt 0.873574 0.132440
vt 0.540976 0.416712
vt 0.535710 0.419076
vt 0.531727 0.412148
vt 0.528597 0.416460
vt 0.554129 0.329889
vt 0.544780 0.329293
vt 0.535997 0.328123
vt 0.527412 0.325641
vt 0.541921 0.319915
vt 0.545802 0.321801
vt 0.543483 0.324295
vt 0.550152 0.325264
vt 0.536974 0.323192
vt 0.530503 0.321687
vt 0.537931 0.318554
vt 0.533672 0.318124
vt 0.525592 0.420403
vt 0.520361 0.419498
vt 0.514971 0.417475
vt 0.510442 0.414558
vt 0.506398 0.410537
vt 0.992079 0.145559
vt 0.988074 0.132440
vt 0.503284 0.405394
vt 0.501647 0.399996
vt 0.501564 0.388577
vt 0.502319 0.378893
vt 0.503592 0.367092
vt 0.505061 0.354649
vt 0.506607 0.344934
vt 0.509656 0.333756
vt 0.514143 0.326298
vt 0.518359 0.322329
vt 0.523992 0.319621
vt 0.529367 0.318216
vt 0.530539 0.420275
vt 0.506970 0.421080
vt 0.509172 0.417668
vt 0.511965 0.424216
vt 0.513962 0.420719
vt 0.519044 0.426750
vt 0.519780 0.422854
vt 0.525016 0.427954
vt 0.525396 0.423869
vt 0.532197 0.427602
vt 0.530913 0.423696
vt 0.537319 0.426063
vt 0.536226 0.422377
vt 0.545022 0.422550
vt 0.542136 0.419717
vt 0.550052 0.418125
vt 0.547017 0.415741
vt 0.554527 0.411549
vt 0.551223 0.409402
vt 0.558462 0.399995
vt 0.554704 0.399097
vt 0.561689 0.376093
vt 0.557834 0.375430
vt 0.562872 0.363732
vt 0.559010 0.362884
vt 0.563524 0.351585
vt 0.559579 0.352212
vt 0.563675 0.339384
vt 0.559844 0.339832
vt 0.561778 0.330110
vt 0.558507 0.332623
vt 0.559410 0.324852
vt 0.556170 0.327406
vt 0.554098 0.318471
vt 0.551800 0.322261
vt 0.549383 0.314619
vt 0.547132 0.318537
vt 0.544406 0.312486
vt 0.542859 0.316559
vt 0.539429 0.310354
vt 0.538498 0.314975
vt 0.534053 0.310296
vt 0.533839 0.314611
vt 0.528678 0.310239
vt 0.529199 0.314641
vt 0.523568 0.311767
vt 0.523628 0.316132
vt 0.515519 0.315319
vt 0.517250 0.319149
vt 0.510131 0.320663
vt 0.512633 0.323607
vt 0.505095 0.329908
vt 0.508090 0.331569
vt 0.501752 0.341716
vt 0.504904 0.343288
vt 0.499839 0.353437
vt 0.503238 0.353700
vt 0.498207 0.366275
vt 0.501679 0.366813
vt 0.496856 0.378223
vt 0.500320 0.379261
vt 0.495894 0.389699
vt 0.499515 0.389661
vt 0.495850 0.401575
vt 0.499603 0.401692
vt 0.497827 0.408909
vt 0.501327 0.407519
vt 0.501113 0.414813
vt 0.504596 0.413018
vn 0.9301 -0.1226 0.3462
vn 0.7926 -0.1902 0.5793
vn 0.8900 -0.2826 0.3579
vn 0.7442 -0.4173 0.5215
vn 0.8167 0.5771 0.0004
vn 0.6955 0.7182 -0.0220
vn 0.6051 0.7959 -0.0178
vn 0.6955 0.7182 -0.0221
vn 0.5769 0.8161 -0.0342
vn 0.4519 0.8917 0.0276
vn 0.3191 0.9474 -0.0270
vn 0.2198 0.9747 -0.0414
vn 0.3191 0.9473 -0.0270
vn -0.9844 0.1180 0.1308
vn -0.9578 0.2708 0.0965
vn -0.9499 0.2728 0.1527
vn -0.8921 0.4366 0.1164
vn -0.7413 -0.0385 0.6701
vn -0.3364 -0.0326 0.9412
vn -0.7299 0.1528 0.6662
vn -0.3364 -0.0326 0.9411
vn -0.3308 0.2240 0.9167
vn 0.8142 -0.0326 0.5797
vn 0.5274 -0.0400 0.8487
vn 0.4822 -0.2955 0.8247
vn 0.8681 -0.4828 0.1154
vn 0.8238 -0.5588 0.0954
vn 0.8605 -0.4773 0.1780
vn 0.8238 -0.5587 0.0955
vn 0.8006 -0.5691 0.1874
vn 0.9096 -0.2519 0.3305
vn 0.8712 -0.4380 0.2218
vn 0.7971 -0.4834 0.3618
vn 0.7788 -0.5557 0.2910
vn -0.9573 0.1883 0.2196
vn -0.9706 0.0822 0.2262
vn -0.9119 0.1615 0.3774
vn -0.9706 0.0823 0.2263
vn -0.9180 0.0974 0.3845
vn 0.9327 0.1070 0.3445
vn 0.8184 0.1159 0.5629
vn 0.9290 -0.0213 0.3694
vn -0.6882 0.3622 0.6286
vn -0.3424 0.4669 0.8153
vn -0.9205 -0.0052 0.3908
vn -0.9741 -0.0039 0.2260
vn -0.9141 -0.1505 0.3766
vn -0.9703 -0.0455 0.2376
vn -0.3306 0.6354 0.6979
vn -0.3306 0.6354 0.6978
vn -0.6363 0.5317 0.5590
vn -0.6883 0.3622 0.6286
vn 0.7822 0.4079 0.4710
vn 0.8981 0.2926 0.3285
vn 0.7081 0.6085 0.3582
vn 0.8630 0.4296 0.2658
vn 0.0637 0.4684 0.8812
vn -0.3308 0.2240 0.9168
vn 0.0761 0.2150 0.9737
vn 0.7442 -0.4174 0.5215
vn 0.7438 -0.5424 0.3907
vn 0.7438 -0.5424 0.3906
vn 0.8592 -0.4241 0.2862
vn 0.0761 0.2150 0.9736
vn 0.0670 -0.0341 0.9972
vn 0.5387 0.1757 0.8240
vn 0.5386 0.1757 0.8240
vn 0.9284 0.3680 0.0526
vn 0.8518 0.5239 0.0071
vn 0.9370 0.3458 0.0492
vn 0.8518 0.5238 0.0071
vn 0.8167 0.5771 0.0005
vn -0.4274 0.8674 -0.2547
vn -0.4970 0.8300 -0.2531
vn -0.5224 0.8150 -0.2506
vn -0.5530 0.7937 -0.2532
vn 0.9080 -0.4180 0.0293
vn 0.8077 -0.5893 0.0168
vn -0.9177 -0.0537 0.3936
vn -0.8739 -0.1812 0.4510
vn -0.9191 -0.1404 0.3683
vn -0.8807 -0.2400 0.4083
vn -0.8489 -0.3726 0.3750
vn -0.8852 -0.3643 0.2893
vn -0.8878 -0.3000 0.3490
vn -0.8671 -0.3364 0.3674
vn -0.8878 -0.3000 0.3489
vn 0.2198 0.9747 -0.0413
vn 0.0000 0.9991 -0.0414
vn -0.0013 0.9994 -0.0357
vn 0.3190 0.9474 -0.0270
vn -0.6888 0.7228 0.0551
vn -0.5023 0.8609 0.0813
vn -0.6230 0.7790 0.0710
vn -0.3588 0.9333 -0.0100
vn -0.2198 0.9747 -0.0413
vn -0.3588 0.9333 -0.0101
vn -0.9250 0.1163 0.3616
vn -0.9465 0.0288 0.3214
vn -0.9314 0.1920 0.3093
vn -0.9465 0.0288 0.3215
vn -0.9698 0.1378 0.2012
vn -0.6657 0.7288 -0.1600
vn -0.6743 0.7200 -0.1638
vn -0.6496 0.7345 -0.1965
vn -0.6743 0.7200 -0.1639
vn -0.6418 0.7363 -0.2142
vn -0.6495 0.7345 -0.1966
vn -0.6128 0.7526 -0.2408
vn -0.6225 0.7493 -0.2258
vn -0.6225 0.7493 -0.2257
vn -0.6495 0.7345 -0.1965
vn -0.6516 0.6664 0.3623
vn -0.8860 0.3047 0.3495
vn -0.8920 0.3925 0.2244
vn -0.6815 0.6986 0.2179
vn -0.9052 0.3930 0.1614
vn 0.7506 0.6581 -0.0596
vn 0.9431 0.3156 0.1043
vn 0.5569 0.7916 -0.2515
vn 0.4970 0.8300 -0.2531
vn 0.5239 0.8141 -0.2505
vn 0.4274 0.8674 -0.2547
vn 0.6584 0.7328 -0.1721
vn 0.6597 0.7289 -0.1831
vn 0.6808 0.7159 -0.1550
vn 0.6596 0.7289 -0.1831
vn 0.6944 0.7028 -0.1544
vn 0.6584 0.7328 -0.1720
vn 0.6268 0.7452 -0.2275
vn 0.6159 0.7507 -0.2389
vn 0.9524 -0.2290 0.2011
vn 0.9301 -0.1225 0.3462
vn -0.7793 -0.3623 0.5113
vn -0.8810 -0.3187 0.3496
vn -0.7925 -0.3580 0.4938
vn -0.9138 -0.3440 0.2159
vn -0.3564 0.7755 -0.5211
vn -0.4711 0.7423 -0.4766
vn -0.7172 0.6618 -0.2182
vn -0.4711 0.7422 -0.4766
vn -0.7174 0.6636 -0.2121
vn -0.7172 0.6619 -0.2182
vn 0.7174 0.6636 -0.2121
vn 0.4681 0.7428 -0.4788
vn 0.7172 0.6619 -0.2182
vn 0.3578 0.7742 -0.5220
vn -0.7173 0.6637 -0.2121
vn -0.7286 0.6559 -0.1974
vn -0.7354 0.6459 -0.2049
vn 0.7173 0.6637 -0.2121
vn 0.7286 0.6559 -0.1974
vn 0.7354 0.6459 -0.2049
vn -0.6117 -0.7878 -0.0722
vn -0.6784 -0.7339 -0.0342
vn -0.7940 -0.6070 -0.0337
vn -0.9437 -0.3293 -0.0313
vn -0.9524 -0.3041 -0.0223
vn -0.9850 -0.1719 -0.0175
vn -0.9885 -0.1510 -0.0102
vn -0.4503 -0.8821 -0.1380
vn -0.4821 -0.8732 0.0708
vn -0.2924 -0.9559 -0.0288
vn -0.3045 -0.9313 -0.2001
vn -0.3044 -0.9313 -0.2001
vn -0.4442 -0.8728 -0.2023
vn -0.9458 0.3216 0.0447
vn -0.9477 0.3176 0.0315
vn -0.8826 0.4675 0.0487
vn -0.8876 0.4604 0.0167
vn -0.9834 0.1815 0.0017
vn -0.9901 0.1360 0.0358
vn -0.9556 0.2942 0.0137
vn -0.9922 0.1189 0.0371
vn -0.9556 0.2943 0.0137
vn -0.5956 -0.8006 -0.0659
vn -0.5956 -0.8005 -0.0659
vn -0.7232 -0.6777 0.1332
vn -0.4815 -0.8574 -0.1819
vn -0.3371 -0.9318 -0.1344
vn -0.5712 -0.8143 -0.1029
vn -0.7940 -0.6070 -0.0336
vn -0.8624 -0.5054 -0.0294
vn -0.8639 -0.5029 -0.0282
vn -0.9885 -0.1509 -0.0102
vn -0.9974 -0.0648 0.0305
vn -0.9985 -0.0469 0.0265
vn -0.9918 -0.1276 0.0053
vn -0.9932 -0.1103 0.0371
vn -0.9992 -0.0338 0.0210
vn -0.9988 -0.0182 0.0445
vn 0.5045 -0.8601 -0.0751
vn 0.5087 -0.8540 -0.1089
vn 0.4219 -0.8940 -0.1509
vn 0.3081 -0.9135 -0.2659
vn 0.3016 -0.9237 -0.2362
vn 0.1689 -0.9248 -0.3410
vn -0.9556 0.2943 0.0138
vn -0.8826 0.4699 0.0149
vn -0.9556 0.2942 0.0138
vn -0.9614 0.2744 0.0211
vn -0.8826 0.4698 0.0149
vn -0.9578 0.2708 0.0966
vn -0.8921 0.4367 0.1164
vn -0.9859 -0.0254 0.1655
vn -0.9684 -0.0813 0.2356
vn -0.9676 -0.1949 0.1607
vn -0.9483 -0.2358 0.2126
vn -0.8765 -0.4406 0.1938
vn -0.8924 -0.4475 0.0579
vn -0.7826 -0.6192 -0.0642
vn -0.8924 -0.4475 0.0580
vn -0.5039 -0.8605 -0.0750
vn -0.4213 -0.8944 -0.1503
vn -0.5074 -0.8549 -0.1083
vn -0.1686 -0.9249 -0.3407
vn -0.3079 -0.9136 -0.2654
vn -0.1296 -0.9218 -0.3653
vn -0.3079 -0.9136 -0.2655
vn -0.2407 -0.9152 -0.3233
vn -0.3010 -0.9241 -0.2355
vn 0.4253 -0.8921 0.1526
vn 0.4298 -0.8525 0.2975
vn 0.0324 -0.9875 0.1542
vn 0.0355 -0.9468 0.3199
vn -0.0042 0.9995 -0.0311
vn 0.3137 0.9493 -0.0215
vn 0.3138 0.9493 -0.0215
vn -0.3364 -0.0327 0.9412
vn -0.3382 -0.2998 0.8920
vn -0.3382 -0.2998 0.8921
vn 0.0793 -0.3154 0.9456
vn -0.9932 -0.1102 0.0371
vn -0.9908 -0.1020 0.0887
vn -0.9959 -0.0110 0.0895
vn -0.9988 -0.0182 0.0446
vn -0.6783 0.7284 0.0967
vn -0.9076 0.4125 0.0776
vn -0.6699 0.7423 0.0140
vn -0.6647 0.7471 -0.0008
vn -0.7270 -0.4360 0.5304
vn -0.8899 -0.2778 0.3619
vn -0.7027 -0.5820 0.4094
vn -0.8508 -0.4219 0.3133
vn -0.9384 -0.3098 0.1533
vn -0.9281 -0.2897 0.2341
vn -0.9845 -0.0957 0.1473
vn -0.9565 -0.1260 0.2632
vn -0.2777 -0.6567 0.7012
vn -0.5420 -0.5537 0.6322
vn -0.2558 -0.5330 0.8065
vn -0.5547 -0.4652 0.6898
vn 0.6139 0.7884 0.0381
vn 0.8290 0.5546 0.0723
vn 0.5841 0.8115 0.0174
vn 0.8108 0.5828 0.0542
vn 0.6820 0.6924 0.2354
vn 0.8701 0.4617 0.1724
vn 0.8118 -0.5788 0.0771
vn 0.8374 -0.5393 0.0892
vn 0.6690 -0.7429 0.0237
vn 0.8374 -0.5393 0.0891
vn 0.7067 -0.7049 0.0601
vn 0.6690 -0.7429 0.0236
vn 0.9939 0.0311 0.1062
vn 0.9284 0.3679 0.0526
vn 0.9923 0.0524 0.1127
vn 0.1387 0.8232 -0.5506
vn 0.2217 0.8039 -0.5518
vn 0.1402 0.8229 -0.5507
vn 0.2217 0.8040 -0.5518
vn 0.2211 0.8044 -0.5514
vn -0.0031 0.6986 -0.7155
vn -0.0121 0.7078 -0.7063
vn -0.0029 0.6991 -0.7150
vn -0.0121 0.7079 -0.7062
vn 0.5955 0.7651 -0.2450
vn 0.5830 0.7721 -0.2528
vn 0.8911 0.4356 0.1272
vn 0.8361 0.3846 0.3912
vn 0.9247 0.3530 0.1423
vn 0.8629 0.3021 0.4051
vn 0.9247 0.3530 0.1424
vn 0.7108 -0.5135 0.4808
vn 0.7062 -0.5559 0.4385
vn 0.7519 -0.5901 0.2940
vn 0.7152 -0.6497 0.2577
vn 0.9961 -0.0744 -0.0471
vn 0.9678 -0.1034 0.2296
vn 0.9860 -0.1640 -0.0289
vn 0.9494 -0.1895 0.2504
vn 0.9860 -0.1640 -0.0288
vn 0.9153 0.3787 -0.1372
vn 0.9504 0.2871 -0.1200
vn 0.9533 0.2581 0.1569
vn 0.5545 0.8288 0.0749
vn 0.6440 0.7604 0.0836
vn 0.5334 0.8157 -0.2237
vn 0.6197 0.7560 -0.2110
vn 0.5335 0.8157 -0.2237
vn 0.7135 -0.7005 0.0149
vn 0.6430 -0.7658 -0.0092
vn 0.6941 -0.6922 -0.1976
vn 0.6431 -0.7658 -0.0092
vn 0.6137 -0.7638 -0.1998
vn -0.8897 0.4559 0.0229
vn -0.9669 0.2520 0.0400
vn -0.8898 0.4559 0.0229
vn -0.9533 0.2581 0.1570
vn -0.9693 0.1728 0.1748
vn -0.8849 0.2124 0.4145
vn -0.8922 0.1277 0.4331
vn -0.2350 0.9700 0.0617
vn -0.2221 0.9111 0.3474
vn -0.1189 0.9912 0.0587
vn -0.1153 0.9307 0.3471
vn -0.9860 -0.1639 -0.0288
vn -0.9642 -0.2647 -0.0123
vn -0.9494 -0.1894 0.2504
vn -0.9642 -0.2648 -0.0123
vn -0.9198 -0.2843 0.2704
vn -0.9494 -0.1895 0.2504
vn -0.8762 0.4565 -0.1544
vn -0.9153 0.3787 -0.1372
vn -0.8911 0.4356 0.1272
vn -0.9153 0.3787 -0.1373
vn -0.9247 0.3530 0.1424
vn -0.4568 0.8869 0.0697
vn -0.4396 0.8678 -0.2319
vn -0.5545 0.8288 0.0749
vn -0.4395 0.8678 -0.2319
vn -0.5334 0.8157 -0.2237
vn -0.6942 -0.6069 0.3871
vn -0.6736 -0.7117 0.1995
vn -0.6839 -0.6742 0.2788
vn -0.6187 -0.7761 0.1217
vn 0.2849 -0.4536 0.8444
vn 0.5497 -0.4086 0.7286
vn 0.2586 -0.5401 0.8009
vn 0.4973 -0.5364 0.6820
vn -0.7626 -0.6133 -0.2056
vn -0.7474 -0.5849 -0.3150
vn -0.6941 -0.6922 -0.1977
vn -0.6782 -0.6706 -0.3006
vn -0.6941 -0.6922 -0.1976
vn -0.4721 0.6417 -0.6044
vn -0.5355 0.6098 -0.5843
vn -0.5457 0.6965 -0.4659
vn -0.6182 0.6462 -0.4475
vn -0.6129 0.5588 -0.5587
vn -0.8799 -0.2998 -0.3687
vn -0.8435 -0.4030 -0.3550
vn -0.9138 -0.3289 -0.2385
vn -0.8723 -0.4344 -0.2245
vn 0.1047 0.8547 -0.5084
vn 0.1986 0.8398 -0.5053
vn 0.1015 0.7687 -0.6315
vn 0.1986 0.8398 -0.5052
vn 0.1787 0.7559 -0.6299
vn 0.1014 0.7687 -0.6315
vn 0.9158 0.2253 -0.3325
vn 0.8520 0.2415 -0.4644
vn 0.8863 0.3002 -0.3526
vn 0.8190 0.3085 -0.4838
vn -0.0952 0.9459 -0.3102
vn -0.0731 0.9392 -0.3355
vn -0.0000 0.9306 -0.3660
vn 0.0000 0.9282 -0.3721
vn -0.2955 0.1844 -0.9374
vn -0.2959 0.1826 -0.9376
vn -0.3120 0.1548 -0.9374
vn -0.2959 0.1827 -0.9376
vn -0.3127 0.1516 -0.9377
vn -0.2912 -0.1723 -0.9410
vn -0.2894 -0.1739 -0.9413
vn -0.2711 -0.2015 -0.9412
vn -0.2893 -0.1738 -0.9413
vn -0.2688 -0.2022 -0.9417
vn -0.1940 0.3268 -0.9250
vn -0.1971 0.3245 -0.9251
vn -0.2315 0.3015 -0.9249
vn -0.2319 0.2980 -0.9260
vn 0.3245 -0.0926 -0.9414
vn 0.3336 -0.0589 -0.9409
vn 0.3264 -0.0908 -0.9409
vn 0.3352 -0.0561 -0.9405
vn 0.1510 0.3422 -0.9274
vn 0.1940 0.3267 -0.9250
vn 0.1537 0.3435 -0.9265
vn 0.1971 0.3245 -0.9251
vn 0.8923 0.0410 0.4495
vn 0.8188 0.0095 0.5741
vn 0.8823 -0.0397 0.4691
vn 0.8062 -0.0621 0.5884
vn 0.2221 0.9110 0.3474
vn 0.2079 0.8459 0.4911
vn 0.3313 0.8767 0.3487
vn 0.3074 0.8115 0.4969
vn -0.8674 -0.1258 0.4815
vn -0.8424 -0.2044 0.4987
vn -0.7909 -0.1388 0.5960
vn -0.8423 -0.2044 0.4987
vn -0.7663 -0.2111 0.6068
vn -0.5775 0.6524 0.4908
vn -0.4984 0.7134 0.4925
vn -0.6131 0.7051 0.3562
vn -0.5285 0.7714 0.3544
vn -0.6131 0.7051 0.3563
vn -0.9827 -0.1755 -0.0591
vn -0.9917 -0.1172 -0.0534
vn -0.9612 -0.2737 -0.0330
vn -0.9917 -0.1172 -0.0533
vn -0.9769 -0.2115 -0.0302
vn -0.9967 -0.0138 -0.0803
vn -0.9932 -0.0812 -0.0831
vn 0.8128 -0.5801 0.0531
vn 0.8659 -0.4990 0.0345
vn 0.7958 -0.6034 0.0514
vn 0.8553 -0.5173 0.0306
vn 0.7318 -0.6778 0.0709
vn 0.8129 -0.5800 0.0531
vn 0.7396 -0.6689 0.0745
vn 0.9932 -0.0812 -0.0831
vn 0.9827 -0.1755 -0.0591
vn 0.9967 -0.0138 -0.0804
vn 0.9917 -0.1172 -0.0533
vn 0.9967 -0.0138 -0.0803
vn 0.9917 0.0757 -0.1038
vn 0.9937 0.0240 -0.1096
vn 0.7812 0.5909 -0.2014
vn 0.7745 0.6006 -0.1986
vn -0.5077 -0.2266 0.8312
vn -0.5076 -0.2252 0.8317
vn -0.5189 -0.1775 0.8362
vn -0.5162 -0.1726 0.8389
vn 0.0688 -0.5107 0.8570
vn 0.1217 -0.5034 0.8554
vn 0.0692 -0.5114 0.8566
vn 0.1238 -0.5016 0.8562
vn 0.5668 -0.0468 0.8225
vn 0.6030 -0.0064 0.7978
vn 0.5787 -0.0574 0.8135
vn 0.6030 -0.0064 0.7977
vn 0.6061 -0.0090 0.7953
vn 0.5787 -0.0574 0.8136
vn 0.2999 0.1101 0.9476
vn 0.2946 0.1987 0.9347
vn 0.3242 0.2069 0.9231
vn 0.3263 0.2951 0.8980
vn -0.6553 -0.7338 -0.1794
vn -0.6636 -0.7267 -0.1774
vn -0.6662 -0.7221 -0.1862
vn -0.6636 -0.7268 -0.1773
vn -0.6769 -0.7109 -0.1910
vn -0.6662 -0.7222 -0.1863
vn -0.3969 0.0028 -0.9179
vn -0.3904 0.0293 -0.9202
vn -0.3578 0.2318 -0.9046
vn -0.3533 0.2473 -0.9022
vn -0.3578 0.2319 -0.9046
vn -0.8867 0.3915 0.2458
vn -0.8519 0.5067 -0.1325
vn -0.8845 0.4116 0.2197
vn -0.8477 0.5105 -0.1443
vn -0.2189 -0.6732 0.7063
vn 0.0000 -0.6750 0.7378
vn -0.2106 -0.6753 0.7069
vn -0.0000 -0.6724 0.7402
vn 0.8592 -0.4769 0.1853
vn 0.7328 -0.6383 0.2358
vn 0.9642 0.2207 0.1471
vn 0.9875 -0.0180 0.1569
vn 0.9603 0.2528 0.1175
vn 0.9905 -0.0140 0.1368
vn 0.9603 0.2529 0.1175
vn 0.0161 -0.5446 0.8386
vn -0.0093 -0.7086 0.7055
vn 0.2587 -0.5401 0.8009
vn 0.2133 -0.7150 0.6658
vn -0.0092 -0.7086 0.7055
vn -0.9525 -0.3026 0.0353
vn -0.9480 -0.3053 0.0899
vn -0.6678 0.7443 0.0040
vn -0.6889 0.7228 0.0551
vn -0.8826 0.4675 0.0486
vn -0.3602 0.9326 -0.0217
vn -0.3588 0.9334 -0.0100
vn -0.3631 0.9316 -0.0145
vn -0.3631 0.9316 -0.0144
vn -0.0013 0.9998 -0.0188
vn 0.0106 0.9890 0.1478
vn 0.0106 0.9987 0.0508
vn -0.3826 0.9141 0.1344
vn -0.3827 0.9228 0.0435
vn -0.0224 -0.9893 -0.1442
vn -0.0436 -0.9771 -0.2082
vn -0.0224 -0.9893 -0.1441
vn 0.5717 0.8204 -0.0046
vn 0.5840 0.8115 0.0174
vn 0.3259 0.9454 -0.0079
vn 0.9482 0.3045 0.0901
vn 0.9937 -0.0063 0.1122
vn 0.9444 0.3212 0.0703
vn 0.9937 -0.0064 0.1122
vn 0.9946 0.0074 0.1040
vn -0.7373 -0.5888 0.3313
vn -0.5220 -0.7755 0.3550
vn 0.8981 0.2925 0.3285
vn 0.7822 0.4079 0.4709
vn 0.9194 0.1841 0.3475
vn 0.8017 0.2631 0.5367
vn 0.3478 -0.9373 -0.0214
vn -0.0029 -0.9989 -0.0471
vn 0.2993 -0.9465 -0.1206
vn -0.0028 -0.9989 -0.0471
vn 0.2992 -0.9465 -0.1206
vn -0.1434 0.8300 -0.5390
vn -0.1454 0.8297 -0.5389
vn -0.2226 0.8046 -0.5505
vn -0.2217 0.8053 -0.5498
vn -0.0028 0.6990 -0.7152
vn -0.0000 0.6966 -0.7175
vn -0.0029 0.6986 -0.7155
vn -0.0001 0.6964 -0.7177
vn -0.0030 0.6986 -0.7155
vn -0.1442 0.9461 -0.2901
vn -0.1606 0.9460 -0.2817
vn -0.3146 0.9098 -0.2709
vn -0.3332 0.9069 -0.2578
vn 0.4131 0.8749 -0.2527
vn 0.3332 0.9069 -0.2578
vn 0.3146 0.9098 -0.2709
vn 0.9555 -0.2643 0.1314
vn 0.8530 -0.5099 0.1114
vn 0.9528 -0.2804 0.1168
vn 0.9693 0.1728 0.1748
vn 0.8922 0.1277 0.4331
vn 0.9783 0.0787 0.1917
vn 0.9559 -0.1319 -0.2626
vn 0.9559 -0.1319 -0.2625
vn 0.9599 -0.0454 -0.2767
vn 0.9153 0.3787 -0.1373
vn 0.8451 0.3834 -0.3726
vn 0.4659 0.7428 -0.4809
vn 0.6196 0.7560 -0.2110
vn 0.5457 0.6965 -0.4659
vn 0.4175 -0.8941 -0.1621
vn 0.3080 -0.9135 -0.2659
vn 0.4175 -0.8941 -0.1622
vn 0.4316 -0.5728 0.6968
vn 0.0535 -0.6195 0.7832
vn 0.0794 -0.3154 0.9456
vn -0.9053 0.3930 0.1614
vn -0.9676 0.2061 0.1458
vn -0.9722 0.2185 0.0841
vn -0.9783 0.0787 0.1917
vn -0.9774 -0.0066 0.2114
vn -0.8923 0.0410 0.4495
vn -0.8823 -0.0397 0.4691
vn -0.3496 0.9346 0.0657
vn -0.3313 0.8768 0.3487
vn -0.3313 0.8767 0.3487
vn -0.2221 0.9110 0.3474
vn -0.9860 -0.1640 -0.0289
vn -0.9396 -0.2356 -0.2482
vn -0.9558 -0.1320 -0.2626
vn -0.8451 0.3834 -0.3726
vn -0.8027 0.4508 -0.3904
vn -0.4395 0.8678 -0.2320
vn -0.3841 0.7801 -0.4940
vn -0.5335 0.8157 -0.2237
vn -0.3841 0.7800 -0.4940
vn -0.4659 0.7428 -0.4809
vn -0.5260 -0.8226 -0.2162
vn -0.5659 -0.8232 -0.0459
vn -0.6137 -0.7638 -0.1998
vn -0.5659 -0.8232 -0.0458
vn -0.6430 -0.7658 -0.0087
vn -0.5369 -0.8406 -0.0723
vn -0.5567 -0.8258 -0.0905
vn -0.5369 -0.8406 -0.0724
vn -0.1145 -0.9097 -0.3991
vn -0.0000 -0.9168 -0.3993
vn -0.0000 -0.9249 -0.3802
vn -0.6913 0.5835 -0.4263
vn -0.9027 -0.2097 -0.3758
vn 0.3961 -0.8544 -0.3363
vn 0.4912 -0.8103 -0.3196
vn 0.4440 -0.8609 -0.2484
vn 0.5259 -0.8226 -0.2162
vn 0.9405 0.1349 -0.3120
vn 0.8836 0.1553 -0.4417
vn -0.5234 0.8442 -0.1160
vn -0.6136 0.7766 -0.1432
vn -0.6270 0.7641 -0.1518
vn -0.6136 0.7765 -0.1432
vn -0.2776 0.2158 -0.9361
vn -0.2765 0.2118 -0.9374
vn -0.2763 0.2117 -0.9375
vn -0.2688 -0.2023 -0.9417
vn -0.2490 -0.2233 -0.9424
vn -0.2458 -0.2241 -0.9431
vn -0.0799 0.3370 -0.9381
vn -0.0302 0.3360 -0.9414
vn -0.0776 0.3376 -0.9381
vn -0.0295 0.3367 -0.9412
vn 0.3155 -0.1173 -0.9416
vn 0.3156 -0.1173 -0.9416
vn 0.3142 -0.1191 -0.9419
vn 0.3245 -0.0926 -0.9413
vn 0.0412 -0.3217 -0.9459
vn 0.0415 -0.3218 -0.9459
vn 0.0750 -0.3162 -0.9457
vn 0.0758 -0.3157 -0.9458
vn 0.8673 -0.1258 0.4815
vn 0.7909 -0.1388 0.5960
vn 0.4073 0.7712 0.4892
vn 0.4343 0.8312 0.3471
vn -0.8128 -0.2842 0.5085
vn -0.7462 -0.2708 0.6082
vn -0.4073 0.7712 0.4892
vn -0.4343 0.8312 0.3471
vn -0.9153 -0.4026 0.0134
vn -0.8991 -0.4376 0.0115
vn -0.9496 -0.3133 -0.0063
vn -0.9353 -0.3537 -0.0111
vn -0.8553 -0.5173 0.0306
vn -0.8659 -0.4990 0.0345
vn 0.9353 -0.3537 -0.0111
vn 0.8991 -0.4376 0.0115
vn 0.9496 -0.3133 -0.0063
vn 0.9153 -0.4026 0.0134
vn 0.9496 -0.3133 -0.0064
vn 0.9769 -0.2115 -0.0301
vn 0.9612 -0.2737 -0.0330
vn 0.9769 -0.2115 -0.0302
vn 0.9917 -0.1172 -0.0534
vn -0.5304 -0.1014 0.8416
vn -0.5351 -0.1026 0.8385
vn -0.5304 -0.1013 0.8416
vn 0.0000 -0.5110 0.8596
vn 0.0688 -0.5108 0.8570
vn -0.0000 -0.5121 0.8590
vn 0.0692 -0.5115 0.8565
vn 0.0000 -0.5120 0.8590
vn 0.5304 -0.1013 0.8416
vn 0.5669 -0.0468 0.8225
vn 0.5351 -0.1026 0.8385
vn 0.4075 0.2857 0.8674
vn 0.4202 0.3238 0.8477
vn 0.0000 -0.9336 -0.3582
vn 0.1296 -0.9218 -0.3654
vn -0.6111 -0.7819 -0.1232
vn -0.6518 -0.7396 -0.1680
vn -0.6553 -0.7338 -0.1793
vn -0.5546 -0.8156 -0.1652
vn -0.5266 -0.8319 -0.1750
vn -0.3275 0.3106 -0.8924
vn -0.3268 0.3128 -0.8918
vn -0.3491 0.3344 -0.8754
vn -0.3268 0.3128 -0.8919
vn -0.3485 0.3352 -0.8753
vn -0.3490 0.3344 -0.8754
vn -0.3533 0.2472 -0.9022
vn -0.4903 -0.6433 0.5881
vn -0.6482 -0.6217 0.4397
vn -0.5148 -0.6408 0.5695
vn -0.6831 -0.6133 0.3966
vn 0.9533 0.2829 0.1061
vn 0.8289 0.5546 0.0723
vn 0.8469 0.5243 0.0883
vn -0.3350 0.8068 0.4867
vn -0.6362 0.5317 0.5590
vn -0.3659 -0.9183 0.1512
vn 0.0227 -0.9978 0.0630
vn -0.3765 -0.9245 0.0588
vn 0.0228 -0.9978 0.0630
vn -0.9142 -0.2448 0.3230
vn 0.0287 0.8435 0.5364
vn 0.0150 0.9392 0.3431
vn 0.0149 0.9392 0.3431
vn -0.3854 0.8745 0.2944
vn -0.3807 -0.9235 -0.0472
vn 0.6461 0.7604 0.0664
vn 0.6140 0.7884 0.0381
vn 0.3918 -0.9196 0.0274
vn 0.3918 -0.9196 0.0273
vn 0.5010 -0.8639 -0.0515
vn 0.2136 -0.9641 -0.1576
vn 0.4122 -0.9110 0.0138
vn 0.1230 -0.9913 -0.0466
vn -0.1036 0.8228 -0.5588
vn -0.1050 0.8226 -0.5588
vn -0.0999 0.7925 -0.6017
vn -0.1050 0.8226 -0.5589
vn -0.1000 0.7925 -0.6016
vn -0.0998 0.7925 -0.6017
vn 0.0029 0.6990 -0.7151
vn 0.0030 0.6986 -0.7155
vn -0.0000 0.6965 -0.7175
vn 0.0001 0.6964 -0.7177
vn 0.0000 0.9528 -0.3036
vn 0.1441 0.9461 -0.2901
vn 0.0000 0.9548 -0.2973
vn 0.1606 0.9460 -0.2817
vn -0.5794 0.7735 -0.2568
vn -0.5530 0.7938 -0.2532
vn -0.5936 0.7652 -0.2492
vn -0.3828 0.9228 0.0435
vn -0.3736 0.9275 0.0080
vn -0.6747 0.7377 0.0234
vn -0.3736 0.9275 0.0079
vn -0.6700 0.7423 0.0140
vn 0.6992 -0.6835 0.2099
vn 0.8009 -0.5475 0.2425
vn 0.9204 -0.3557 0.1625
vn 0.8009 -0.5475 0.2426
vn 0.9319 -0.3123 0.1845
vn 0.9774 -0.0066 0.2114
vn 0.2350 0.9700 0.0617
vn 0.3496 0.9346 0.0657
vn 0.9642 -0.2648 -0.0123
vn 0.9396 -0.2356 -0.2482
vn 0.8762 0.4565 -0.1544
vn 0.8451 0.3834 -0.3727
vn 0.8027 0.4508 -0.3904
vn 0.4395 0.8678 -0.2320
vn 0.3841 0.7801 -0.4940
vn 0.3841 0.7800 -0.4940
vn 0.5659 -0.8232 -0.0459
vn 0.5260 -0.8226 -0.2162
vn -0.9052 0.3931 0.1614
vn -0.9572 0.1883 0.2196
vn 0.4044 0.9045 0.1358
vn 0.6723 0.7305 0.1197
vn 0.3806 0.9232 0.0534
vn -0.9678 -0.1034 0.2296
vn -0.6440 0.7604 0.0836
vn -0.9331 -0.3596 0.0046
vn -0.9904 0.1103 -0.0833
vn -0.9736 0.2044 -0.1014
vn -0.9404 0.1349 -0.3120
vn -0.9158 0.2253 -0.3326
vn -0.7688 0.6123 -0.1846
vn -0.6968 0.6894 -0.1980
vn -0.6913 0.5835 -0.4262
vn -0.5259 -0.8226 -0.2162
vn -0.5012 -0.8608 -0.0885
vn -0.4440 -0.8609 -0.2484
vn -0.0000 0.9687 -0.2481
vn -0.0000 0.8633 -0.5046
vn -0.1158 0.9621 -0.2468
vn -0.0000 0.8633 -0.5047
vn -0.1047 0.8547 -0.5084
vn -0.1158 0.9621 -0.2467
vn -0.0000 -0.4784 0.8781
vn -0.2828 -0.4697 0.8363
vn 0.0161 -0.5446 0.8385
vn -0.0000 0.7785 -0.6276
vn -0.1014 0.7687 -0.6315
vn -0.4016 0.6764 -0.6174
vn -0.9146 -0.0219 -0.4039
vn -0.9142 -0.1052 -0.3913
vn -0.9599 -0.0454 -0.2767
vn -0.9142 -0.1053 -0.3913
vn -0.9559 -0.1320 -0.2625
vn 0.3445 -0.8924 -0.2915
vn 0.3227 -0.8717 -0.3688
vn 0.4440 -0.8609 -0.2485
vn 0.3226 -0.8717 -0.3688
vn 0.3962 -0.8544 -0.3364
vn 0.8190 0.3086 -0.4838
vn 0.7747 0.3825 -0.5034
vn -0.2957 0.9481 -0.1166
vn -0.3366 0.9351 -0.1105
vn -0.4218 0.9003 -0.1074
vn -0.4561 0.8826 -0.1141
vn 0.6136 0.7765 -0.1432
vn 0.6270 0.7641 -0.1518
vn -0.3043 -0.1469 -0.9412
vn -0.3035 -0.1480 -0.9413
vn -0.3036 -0.1480 -0.9413
vn -0.0800 0.3370 -0.9381
vn -0.0775 0.3376 -0.9381
vn -0.1150 0.3397 -0.9335
vn -0.1147 0.3443 -0.9318
vn 0.3411 0.0117 -0.9399
vn 0.3402 -0.0253 -0.9400
vn 0.3403 0.0095 -0.9403
vn 0.3391 -0.0272 -0.9403
vn 0.1421 -0.2895 -0.9466
vn 0.1124 -0.3039 -0.9460
vn 0.1423 -0.2898 -0.9464
vn 0.1129 -0.3036 -0.9461
vn -0.2606 0.2618 -0.9293
vn -0.2599 0.2556 -0.9312
vn 0.8424 -0.2044 0.4987
vn 0.7663 -0.2111 0.6068
vn 0.8128 -0.2842 0.5085
vn 0.7462 -0.2708 0.6082
vn 0.5285 0.7714 0.3544
vn 0.4984 0.7134 0.4925
vn -0.7519 -0.4118 0.5148
vn -0.7082 -0.3668 0.6033
vn -0.7863 -0.3442 0.5131
vn -0.7261 -0.3192 0.6090
vn -0.6450 0.5765 0.5016
vn -0.6840 0.6311 0.3659
vn -0.6839 0.6311 0.3659
vn -0.8128 -0.5800 0.0531
vn -0.7958 -0.6034 0.0514
vn -0.8129 -0.5800 0.0531
vn -0.7318 -0.6778 0.0709
vn -0.7396 -0.6689 0.0745
vn -0.7812 0.5909 -0.2014
vn -0.7745 0.6006 -0.1986
vn -0.8392 0.5072 -0.1961
vn -0.8398 0.5063 -0.1960
vn -0.8392 0.5072 -0.1962
vn -0.5668 -0.0468 0.8225
vn -0.5787 -0.0574 0.8135
vn -0.6030 -0.0064 0.7978
vn -0.5787 -0.0574 0.8136
vn -0.6061 -0.0090 0.7953
vn -0.0688 -0.5107 0.8570
vn -0.0692 -0.5114 0.8566
vn -0.1216 -0.5031 0.8556
vn -0.1238 -0.5016 0.8562
vn -0.1217 -0.5034 0.8554
vn 0.5077 -0.2266 0.8312
vn 0.5189 -0.1775 0.8362
vn 0.5076 -0.2252 0.8317
vn 0.5162 -0.1726 0.8389
vn -0.2999 0.1101 0.9476
vn -0.3242 0.2069 0.9231
vn -0.2946 0.1987 0.9347
vn -0.3263 0.2951 0.8980
vn 0.6695 -0.7197 -0.1840
vn 0.6456 -0.7442 -0.1713
vn 0.6723 -0.7175 -0.1825
vn 0.6502 -0.7441 -0.1536
vn -0.5689 0.4925 -0.6587
vn -0.5166 0.5085 -0.6889
vn -0.3615 0.3955 -0.8443
vn -0.5166 0.5085 -0.6888
vn -0.3524 0.3964 -0.8478
vn -0.5196 -0.6207 -0.5872
vn -0.5160 -0.6259 -0.5848
vn -0.4663 -0.3170 -0.8259
vn -0.4628 -0.3036 -0.8329
vn 0.7179 -0.3556 -0.5984
vn 0.8387 -0.4411 -0.3192
vn 0.7391 -0.3652 -0.5660
vn 0.8387 -0.4412 -0.3192
vn 0.8436 -0.4479 -0.2963
vn -0.7795 -0.5819 0.2318
vn -0.7962 -0.5737 0.1922
vn 0.3520 0.9359 0.0151
vn 0.0051 1.0000 0.0055
vn 0.8618 0.4911 0.1270
vn 0.4972 -0.5364 0.6820
vn 0.4482 -0.6779 0.5828
vn -0.9527 -0.3039 -0.0020
vn -0.9918 -0.1276 0.0052
vn -0.9565 -0.1260 0.2631
vn -0.9889 -0.0114 0.1480
vn -0.8610 -0.3957 0.3196
vn -0.7720 -0.4234 0.4740
vn -0.3933 -0.7606 0.5165
vn 0.0352 -0.8254 0.5634
vn -0.3752 -0.5859 0.7183
vn -0.3751 -0.5860 0.7183
vn -0.9527 -0.3039 -0.0019
vn -0.8695 -0.4939 -0.0003
vn -0.8639 -0.5028 -0.0282
vn 0.8004 0.5988 0.0262
vn 0.9482 0.3046 0.0901
vn 0.8005 0.5988 0.0262
vn 0.4434 -0.7376 0.5093
vn 0.4434 -0.7376 0.5092
vn 0.6053 -0.7950 -0.0396
vn 0.1230 -0.9913 -0.0467
vn -0.0449 -0.9977 -0.0501
vn -0.1036 0.8228 -0.5589
vn -0.1455 0.8297 -0.5389
vn -0.1441 0.9461 -0.2901
vn 0.9564 -0.2516 0.1485
vn 0.8613 -0.4892 0.1372
vn 0.9533 0.2581 0.1570
vn 0.8849 0.2124 0.4145
vn 0.1153 0.9307 0.3471
vn 0.2221 0.9111 0.3474
vn 0.1189 0.9912 0.0587
vn 0.9860 -0.1639 -0.0289
vn 0.9494 -0.1894 0.2504
vn 0.9642 -0.2647 -0.0123
vn 0.9198 -0.2843 0.2704
vn 0.4568 0.8869 0.0697
vn 0.4396 0.8678 -0.2319
vn 0.5546 0.8288 0.0749
vn 0.4395 0.8678 -0.2319
vn 0.9749 -0.0251 0.2214
vn -0.8823 -0.0397 0.4690
vn -0.8673 -0.1258 0.4815
vn -0.4343 0.8312 0.3470
vn -0.9198 -0.2843 0.2705
vn -0.8848 -0.3645 0.2901
vn -0.7907 0.6034 0.1033
vn -0.7199 0.6877 0.0941
vn -0.7198 0.6877 0.0942
vn -0.5673 -0.8232 0.0218
vn -0.4174 -0.8942 -0.1620
vn 0.0000 0.9983 0.0577
vn -0.5744 -0.4165 0.7047
vn -0.7925 -0.3579 0.4938
vn -0.1144 -0.9097 -0.3991
vn -0.2187 -0.8967 -0.3849
vn -0.3388 0.7065 -0.6214
vn -0.4659 0.7427 -0.4809
vn -0.9559 -0.1319 -0.2626
vn -0.9559 -0.1319 -0.2625
vn 0.5890 -0.7503 -0.3003
vn 0.7312 0.4419 -0.5197
vn -0.4217 0.9003 -0.1074
vn -0.5234 0.8441 -0.1160
vn -0.3156 -0.1173 -0.9416
vn -0.3142 -0.1191 -0.9419
vn -0.3043 -0.1468 -0.9412
vn -0.1510 0.3422 -0.9274
vn -0.1537 0.3435 -0.9265
vn 0.3392 -0.0272 -0.9403
vn 0.3353 -0.0561 -0.9405
vn 0.3337 -0.0589 -0.9408
vn 0.0749 -0.3162 -0.9457
vn 0.1123 -0.3039 -0.9460
vn -0.2776 0.2159 -0.9361
vn 0.8674 -0.1258 0.4815
vn 0.8423 -0.2044 0.4987
vn 0.4984 0.7134 0.4926
vn 0.6131 0.7051 0.3563
vn 0.5775 0.6524 0.4908
vn 0.6131 0.7051 0.3562
vn -0.7484 0.5501 0.3705
vn -0.7034 0.5003 0.5050
vn -0.9496 -0.3133 -0.0064
vn -0.9769 -0.2115 -0.0301
vn -0.0000 -0.9900 0.1410
vn -0.0000 -0.9900 0.1408
vn -0.1302 -0.9815 0.1404
vn 0.0000 -0.9902 0.1398
vn -0.1281 -0.9819 0.1395
vn -0.1302 -0.9816 0.1400
vn -0.5669 -0.0468 0.8225
vn -0.0688 -0.5108 0.8570
vn 0.5305 -0.1013 0.8416
vn -0.4075 0.2857 0.8674
vn -0.4202 0.3238 0.8477
vn -0.3146 -0.9361 -0.1575
vn -0.3016 -0.9394 -0.1630
vn -0.3523 0.3964 -0.8478
vn -0.4628 -0.3036 -0.8328
vn -0.3904 0.0294 -0.9202
vn -0.8496 -0.5269 -0.0217
vn -0.8507 -0.5253 -0.0189
vn -0.8435 -0.4465 -0.2987
vn -0.8398 -0.4415 -0.3159
vn 0.7386 -0.6591 0.1414
vn -0.7283 -0.2436 0.6405
vn -0.8899 -0.2778 0.3620
vn 0.5348 0.3855 0.7519
vn -0.6824 -0.7290 0.0541
vn -0.6699 -0.7301 0.1347
vn -0.3730 -0.8769 0.3032
vn -0.6667 -0.6993 0.2576
vn -0.8610 -0.3956 0.3196
vn -0.3851 -0.9229 0.0013
vn -0.6857 -0.7279 0.0012
vn -0.6784 -0.7339 -0.0343
vn 0.6605 -0.6071 0.4418
vn 0.7162 -0.4846 0.5022
vn 0.0097 -0.9999 0.0045
vn -0.0927 0.7628 -0.6400
vn -0.0926 0.7628 -0.6400
vn -0.0926 0.7627 -0.6400
vn 0.8823 -0.0397 0.4690
vn 0.4343 0.8312 0.3470
vn 0.9198 -0.2843 0.2705
vn 0.9331 -0.3596 0.0046
vn 0.8848 -0.3645 0.2901
vn 0.9736 0.2044 -0.1014
vn 0.9904 0.1103 -0.0833
vn 0.7907 0.6034 0.1033
vn 0.7688 0.6123 -0.1846
vn 0.7198 0.6877 0.0941
vn 0.6968 0.6894 -0.1980
vn 0.7199 0.6877 0.0941
vn 0.1158 0.9621 -0.2468
vn 0.9308 -0.3405 0.1328
vn 0.7026 -0.7061 0.0887
vn 0.7026 -0.7060 0.0887
vn 0.6992 -0.6834 0.2099
vn -0.4568 0.8869 0.0696
vn -0.8884 -0.4587 0.0189
vn -0.8414 -0.4506 0.2983
vn -0.9504 0.2871 -0.1200
vn -0.9533 0.2581 0.1569
vn -0.6197 0.7560 -0.2110
vn -0.7198 0.6877 0.0941
vn -0.2350 0.9700 0.0618
vn -0.2269 0.9429 -0.2437
vn 0.0000 0.9417 0.3364
vn -0.2828 -0.4698 0.8363
vn -0.6803 -0.7207 0.1332
vn -0.6695 -0.7427 0.0108
vn -0.8126 -0.5703 0.1199
vn -0.6695 -0.7428 0.0108
vn -0.8419 -0.5396 0.0060
vn -0.2952 0.8134 -0.5013
vn -0.2638 0.7320 -0.6282
vn -0.3387 0.7065 -0.6214
vn -0.9026 0.0775 -0.4235
vn -0.9543 0.0539 -0.2938
vn 0.2407 -0.9152 -0.3233
vn 0.2187 -0.8967 -0.3849
vn 0.7462 0.5255 -0.4088
vn 0.6714 0.5086 -0.5390
vn 0.6913 0.5835 -0.4263
vn 0.6129 0.5588 -0.5587
vn -0.2164 0.9599 -0.1783
vn -0.1870 0.9520 -0.2422
vn 0.2164 0.9599 -0.1783
vn 0.0952 0.9459 -0.3102
vn 0.1870 0.9520 -0.2422
vn 0.0731 0.9392 -0.3355
vn -0.3353 -0.0561 -0.9405
vn -0.3336 -0.0589 -0.9409
vn -0.3264 -0.0908 -0.9409
vn -0.3245 -0.0926 -0.9413
vn -0.1940 0.3267 -0.9250
vn 0.3406 0.0436 -0.9392
vn 0.3411 0.0118 -0.9399
vn 0.3398 0.0417 -0.9396
vn 0.1954 -0.2611 -0.9453
vn 0.1691 -0.2762 -0.9461
vn 0.1935 -0.2610 -0.9457
vn 0.1685 -0.2763 -0.9462
vn 0.2606 0.2618 -0.9293
vn 0.2776 0.2159 -0.9361
vn 0.2599 0.2557 -0.9312
vn 0.2765 0.2118 -0.9374
vn 0.2599 0.2556 -0.9312
vn 0.7863 -0.3442 0.5131
vn 0.7261 -0.3192 0.6090
vn 0.6840 0.6311 0.3659
vn 0.6450 0.5765 0.5016
vn 0.7484 0.5501 0.3705
vn 0.7034 0.5003 0.5050
vn -0.7943 0.4713 0.3833
vn -0.8361 0.3846 0.3912
vn -0.7447 0.4217 0.5173
vn -0.7812 0.3424 0.5220
vn -0.2820 0.7819 -0.5560
vn -0.2771 0.7832 -0.5566
vn -0.2218 0.8053 -0.5498
vn -0.8392 0.5071 -0.1962
vn -0.8867 0.4197 -0.1938
vn -0.8708 0.4542 -0.1884
vn 0.1302 -0.9816 0.1400
vn 0.2385 -0.9613 0.1378
vn 0.1281 -0.9819 0.1395
vn 0.2305 -0.9634 0.1365
vn 0.0000 -0.9902 0.1400
vn 0.1281 -0.9818 0.1401
vn -0.5978 0.0342 0.8009
vn -0.5905 0.0400 0.8060
vn -0.1767 -0.4806 0.8590
vn -0.1783 -0.4767 0.8608
vn 0.4753 -0.2688 0.8378
vn 0.4775 -0.2722 0.8354
vn 0.5076 -0.2251 0.8317
vn 0.4646 0.2870 0.8377
vn 0.4664 0.2916 0.8351
vn 0.5554 -0.8120 -0.1793
vn 0.5410 -0.8240 -0.1685
vn -0.5682 0.4928 -0.6590
vn -0.7423 0.5232 -0.4187
vn -0.7619 0.5107 -0.3985
vn -0.5777 -0.7684 -0.2754
vn -0.5692 -0.7711 -0.2852
vn -0.1135 -0.1596 -0.9806
vn -0.1270 -0.1612 -0.9787
vn -0.2453 -0.1858 -0.9515
vn -0.2972 -0.1984 -0.9340
vn 0.8498 -0.5266 -0.0230
vn 0.8515 -0.5238 -0.0230
vn 0.7962 -0.5737 0.1922
vn 0.7795 -0.5819 0.2318
vn 0.7282 -0.6795 0.0897
vn 0.7281 -0.6795 0.0897
vn -0.6857 -0.7278 0.0012
vn -0.6668 -0.6993 0.2576
vn -0.8194 -0.3046 0.4856
vn -0.8139 -0.3510 0.4630
vn -0.8808 -0.2399 0.4083
vn 0.7961 -0.5244 0.3022
vn 0.8421 -0.4081 0.3526
vn 0.7067 -0.7050 0.0601
vn 0.9477 -0.3001 0.1085
vn 0.9453 -0.3101 0.1010
vn -0.0610 0.7426 -0.6669
vn -0.0616 0.7423 -0.6673
vn -0.0617 0.7423 -0.6673
vn 0.0031 0.6987 -0.7155
vn 0.0030 0.6991 -0.7150
vn 0.0121 0.7078 -0.7063
vn 0.0029 0.6991 -0.7150
vn 0.0121 0.7079 -0.7062
vn 0.7037 0.6978 -0.1341
vn 0.7102 0.6916 -0.1318
vn 0.9138 -0.3289 -0.2385
vn 0.9404 0.1349 -0.3120
vn 0.9158 0.2253 -0.3326
vn 0.6182 0.6462 -0.4475
vn 0.5659 -0.8232 -0.0458
vn 0.5012 -0.8608 -0.0885
vn 0.1158 0.9621 -0.2467
vn -0.7908 0.6033 0.1033
vn -0.7908 0.6034 0.1033
vn -0.8863 0.3002 -0.3525
vn -0.9158 0.2253 -0.3325
vn -0.1986 0.8398 -0.5053
vn 0.7162 -0.4846 0.5021
vn 0.7553 -0.3918 0.5254
vn 0.8825 -0.3382 0.3268
vn 0.8238 -0.5587 0.0954
vn 0.6939 -0.7111 0.1133
vn 0.6495 -0.7599 -0.0257
vn 0.6939 -0.7111 0.1134
vn -0.1786 0.7559 -0.6299
vn -0.8836 0.1553 -0.4418
vn -0.9405 0.1349 -0.3120
vn -0.9026 0.0775 -0.4234
vn 0.6782 -0.6706 -0.3006
vn 0.6941 -0.6922 -0.1977
vn 0.7462 0.5255 -0.4087
vn 0.8258 -0.5207 -0.2167
vn 0.8018 -0.4925 -0.3386
vn 0.8723 -0.4344 -0.2245
vn 0.8435 -0.4030 -0.3550
vn -0.0000 0.9284 -0.3716
vn -0.3245 -0.0926 -0.9414
vn -0.3156 -0.1172 -0.9416
vn -0.0412 -0.3217 -0.9459
vn -0.0750 -0.3162 -0.9457
vn -0.0415 -0.3218 -0.9459
vn -0.0758 -0.3157 -0.9458
vn 0.3352 0.0813 -0.9386
vn 0.3344 0.0781 -0.9392
vn 0.3399 0.0417 -0.9395
vn 0.1420 -0.2895 -0.9466
vn 0.2315 0.3015 -0.9249
vn 0.2319 0.2980 -0.9260
vn 0.7519 -0.4118 0.5148
vn 0.7082 -0.3668 0.6033
vn 0.6839 0.6311 0.3659
vn -0.7447 0.4218 0.5173
vn -0.7484 0.5501 0.3706
vn -0.7943 0.4713 0.3832
vn 0.7002 -0.6188 0.3561
vn 0.7534 -0.4821 0.4472
vn 0.7084 -0.4915 0.5066
vn -0.6526 -0.7520 0.0926
vn -0.6582 -0.7469 0.0943
vn -0.5854 -0.8033 0.1099
vn -0.5602 -0.8201 0.1161
vn -0.9305 0.3203 -0.1776
vn -0.8707 0.4542 -0.1884
vn -0.8967 0.4045 -0.1799
vn 0.3531 -0.9259 0.1340
vn 0.3399 -0.9313 0.1313
vn 0.8392 0.5072 -0.1962
vn 0.8398 0.5063 -0.1960
vn -0.5978 0.0341 0.8009
vn -0.5706 0.0962 0.8156
vn -0.5905 0.0400 0.8061
vn -0.5642 0.1021 0.8193
vn -0.2351 -0.4447 0.8643
vn -0.2372 -0.4442 0.8640
vn 0.4377 -0.3093 0.8442
vn 0.4398 -0.3085 0.8435
vn 0.4665 0.2916 0.8351
vn 0.4822 0.2622 0.8359
vn 0.4834 0.2618 0.8354
vn 0.3144 -0.9364 -0.1558
vn 0.3023 -0.9394 -0.1615
vn -0.6114 -0.2948 0.7344
vn -0.6089 -0.2851 0.7403
vn -0.5337 -0.3514 0.7692
vn -0.6088 -0.2851 0.7403
vn -0.5258 -0.3504 0.7750
vn -0.0000 -0.1554 -0.9878
vn 0.3927 -0.6524 0.6482
vn 0.3764 -0.6589 0.6512
vn 0.2189 -0.6732 0.7063
vn 0.2106 -0.6753 0.7069
vn -0.3766 -0.9245 0.0588
vn 0.0356 -0.9468 0.3198
vn -0.3736 0.9276 0.0079
vn 0.0052 1.0000 0.0055
vn -0.2919 -0.8818 0.3703
vn -0.2919 -0.8819 0.3703
vn -0.0348 -0.9160 0.3996
vn -0.9918 0.0956 0.0853
vn -0.9926 0.1109 0.0496
vn -0.9946 0.0509 0.0909
vn -0.9973 0.0540 0.0503
vn -0.9946 0.0508 0.0909
vn -0.8669 -0.4965 0.0445
vn 0.0485 0.6623 0.7477
vn 0.0286 0.8435 0.5364
vn 0.1624 -0.9211 0.3539
vn -0.0347 -0.9160 0.3996
vn 0.1625 -0.9211 0.3539
vn 0.4286 -0.8670 0.2544
vn 0.4285 -0.8670 0.2544
vn 0.7396 -0.6705 0.0585
vn 0.7812 -0.6214 0.0597
vn -0.0492 0.7287 -0.6831
vn -0.0492 0.7287 -0.6830
vn 0.0122 0.7079 -0.7062
vn 0.0344 0.7168 -0.6964
vn 0.0345 0.7165 -0.6967
vn -0.3601 0.9326 -0.0217
vn 0.3807 0.9232 0.0534
vn 0.3521 0.9359 0.0151
vn 0.8424 -0.2044 0.4986
vn 0.4568 0.8869 0.0696
vn 0.8884 -0.4587 0.0189
vn 0.8414 -0.4506 0.2983
vn 0.2350 0.9700 0.0618
vn 0.2269 0.9429 -0.2437
vn 0.9894 0.0668 0.1292
vn 0.9481 0.2305 0.2192
vn 0.9805 -0.0200 0.1954
vn -0.7519 -0.4118 0.5149
vn -0.8849 -0.3645 0.2901
vn -0.7199 0.6877 0.0942
vn -0.8412 -0.5401 0.0261
vn -0.7985 -0.5193 0.3044
vn -0.8414 -0.4505 0.2983
vn -0.9976 0.0251 -0.0645
vn -0.9774 -0.0067 0.2115
vn -0.8425 0.5263 0.1154
vn -0.8425 0.5262 0.1154
vn -0.8232 0.5417 -0.1697
vn -0.3496 0.9346 0.0656
vn -0.3366 0.9110 -0.2385
vn -0.3445 -0.8924 -0.2915
vn 0.9894 0.0668 0.1291
vn 0.9319 -0.3122 0.1845
vn -0.1015 0.7687 -0.6315
vn -0.1787 0.7559 -0.6299
vn -0.1986 0.8398 -0.5052
vn -0.8190 0.3085 -0.4838
vn -0.8520 0.2415 -0.4644
vn -0.8863 0.3002 -0.3526
vn 0.7626 -0.6133 -0.2056
vn 0.7474 -0.5849 -0.3150
vn 0.5355 0.6098 -0.5843
vn 0.4721 0.6417 -0.6044
vn 0.8799 -0.2998 -0.3687
vn 0.5234 0.8442 -0.1160
vn 0.6136 0.7766 -0.1432
vn -0.3402 -0.0253 -0.9400
vn -0.3392 -0.0272 -0.9403
vn -0.3352 -0.0561 -0.9405
vn -0.0749 -0.3162 -0.9457
vn -0.1124 -0.3039 -0.9460
vn -0.1123 -0.3039 -0.9460
vn -0.1129 -0.3036 -0.9461
vn 0.3274 0.1182 -0.9375
vn 0.3271 0.1149 -0.9380
vn 0.2490 -0.2233 -0.9424
vn 0.2204 -0.2465 -0.9437
vn 0.2458 -0.2241 -0.9431
vn 0.2205 -0.2465 -0.9437
vn 0.2176 -0.2465 -0.9444
vn 0.0302 0.3360 -0.9414
vn 0.0295 0.3367 -0.9412
vn 0.0000 0.3460 -0.9382
vn -0.0000 0.3510 -0.9364
vn 0.7267 -0.4647 0.5060
vn 0.7519 -0.4118 0.5149
vn 0.7002 -0.4073 0.5863
vn 0.7943 0.4713 0.3833
vn 0.7447 0.4217 0.5173
vn 0.7812 0.3424 0.5220
vn -0.7070 -0.5535 0.4402
vn -0.7084 -0.4915 0.5066
vn -0.7108 -0.5135 0.4807
vn -0.7068 -0.4369 0.5563
vn -0.8629 0.3022 0.4051
vn -0.8040 0.2616 0.5340
vn -0.8219 0.1742 0.5423
vn -0.9265 0.3353 -0.1708
vn -0.9631 0.2200 -0.1553
vn -0.9539 0.2597 -0.1503
vn -0.8967 0.4045 -0.1800
vn 0.4624 -0.8771 0.1298
vn 0.4334 -0.8927 0.1236
vn 0.8392 0.5071 -0.1962
vn 0.8867 0.4197 -0.1938
vn 0.8708 0.4542 -0.1884
vn -0.5706 0.0961 0.8156
vn -0.5526 0.1491 0.8200
vn -0.5506 0.1509 0.8210
vn -0.5527 0.1491 0.8200
vn -0.2968 -0.4212 0.8570
vn -0.2984 -0.4262 0.8540
vn 0.3967 -0.3636 0.8428
vn 0.3975 -0.3613 0.8435
vn 0.3974 -0.3613 0.8435
vn 0.4834 0.2617 0.8354
vn 0.5114 0.2242 0.8296
vn 0.5091 0.2271 0.8302
vn 0.6569 -0.7252 -0.2063
vn 0.6414 -0.7470 -0.1750
vn 0.6469 -0.7358 -0.2005
vn 0.6111 -0.7796 -0.1368
vn 0.2452 -0.1858 -0.9515
vn 0.5012 -0.2634 -0.8243
vn 0.2972 -0.1984 -0.9340
vn 0.5724 -0.2899 -0.7670
vn 0.2973 -0.1984 -0.9340
vn -0.6714 -0.1646 0.7226
vn -0.6695 -0.1780 0.7212
vn -0.6695 -0.1781 0.7212
vn 0.1270 -0.1612 -0.9787
vn 0.1135 -0.1596 -0.9806
vn 0.4903 -0.6433 0.5880
vn 0.5148 -0.6408 0.5695
vn 0.4903 -0.6433 0.5881
vn 0.4167 -0.9061 0.0737
vn 0.0355 -0.9468 0.3198
vn 0.0356 -0.9468 0.3199
vn 0.1624 -0.9210 0.3539
vn -0.3382 -0.2997 0.8921
vn -0.7270 -0.4360 0.5305
vn -0.3752 -0.5860 0.7183
vn -0.8432 -0.5002 0.1970
vn -0.8548 -0.5070 0.1108
vn -0.5220 -0.7756 0.3550
vn -0.4822 -0.8732 0.0708
vn -0.9864 0.0907 0.1370
vn -0.9887 0.0377 0.1452
vn -0.9887 0.0376 0.1452
vn -0.9706 0.0822 0.2263
vn 0.4271 0.8507 0.3064
vn 0.4271 0.8507 0.3065
vn 0.4044 0.9045 0.1357
vn 0.0927 0.7628 -0.6400
vn 0.0926 0.7628 -0.6400
vn 0.0981 0.7891 -0.6064
vn 0.0970 0.7896 -0.6059
vn 0.7985 -0.5193 0.3043
vn 0.8414 -0.4506 0.2984
vn 0.8425 0.5263 0.1154
vn 0.7943 0.4713 0.3832
vn 0.8911 0.4355 0.1272
vn 0.8412 -0.5401 0.0261
vn 0.9976 0.0250 -0.0645
vn 0.9543 0.0539 -0.2938
vn 0.9543 0.0539 -0.2939
vn 0.8232 0.5417 -0.1697
vn 0.3366 0.9110 -0.2385
vn 0.2952 0.8134 -0.5013
vn 0.7519 -0.5901 0.2939
vn 0.7775 -0.6283 0.0266
vn 0.7152 -0.6497 0.2576
vn 0.7135 -0.7005 0.0150
vn -0.8629 0.3021 0.4051
vn -0.8258 -0.5206 -0.2167
vn -0.7775 -0.6283 0.0266
vn -0.8258 -0.5207 -0.2167
vn -0.9961 -0.0744 -0.0471
vn -0.9976 0.0250 -0.0645
vn -0.7462 0.5255 -0.4088
vn -0.7901 -0.5542 0.2618
vn -0.4440 -0.8609 -0.2485
vn -0.3226 -0.8717 -0.3688
vn -0.3962 -0.8544 -0.3364
vn -0.8863 0.3001 -0.3526
vn -0.8451 0.3834 -0.3727
vn -0.8190 0.3086 -0.4838
vn -0.7747 0.3825 -0.5034
vn 0.4015 0.6764 -0.6174
vn 0.9559 -0.1320 -0.2625
vn 0.9142 -0.1053 -0.3913
vn 0.9146 -0.0219 -0.4039
vn 0.3366 0.9351 -0.1105
vn 0.2957 0.9481 -0.1166
vn -0.3352 0.0813 -0.9386
vn -0.3344 0.0781 -0.9392
vn -0.3406 0.0436 -0.9392
vn -0.3343 0.0781 -0.9392
vn -0.3398 0.0417 -0.9396
vn -0.1420 -0.2895 -0.9466
vn -0.1691 -0.2762 -0.9461
vn -0.1423 -0.2898 -0.9464
vn -0.1685 -0.2763 -0.9462
vn 0.2955 0.1844 -0.9374
vn 0.2958 0.1826 -0.9376
vn 0.2711 -0.2015 -0.9412
vn 0.2688 -0.2023 -0.9417
vn 0.0799 0.3370 -0.9381
vn 0.0776 0.3376 -0.9381
vn 0.7134 0.6903 -0.1204
vn 0.7107 0.6932 -0.1202
vn 0.7102 0.6915 -0.1319
vn 0.7812 0.3423 0.5220
vn 0.8629 0.3022 0.4051
vn 0.8040 0.2616 0.5340
vn 0.7068 -0.4369 0.5564
vn -0.8235 0.0879 0.5604
vn -0.8219 0.1743 0.5423
vn -0.2079 0.8459 0.4912
vn -0.1161 0.8621 0.4932
vn -0.1152 0.9307 0.3471
vn -0.3531 -0.9259 0.1340
vn -0.3399 -0.9313 0.1313
vn -0.4624 -0.8771 0.1298
vn -0.4334 -0.8927 0.1236
vn -0.9937 0.0240 -0.1096
vn -0.9917 0.0757 -0.1038
vn -0.9763 0.1737 -0.1288
vn -0.9843 0.1175 -0.1317
vn 0.6526 -0.7520 0.0926
vn 0.6582 -0.7469 0.0943
vn 0.9631 0.2199 -0.1553
vn 0.9843 0.1174 -0.1316
vn 0.9539 0.2597 -0.1503
vn 0.9843 0.1174 -0.1317
vn 0.9763 0.1737 -0.1288
vn 0.9265 0.3353 -0.1708
vn 0.9631 0.2200 -0.1553
vn 0.9305 0.3203 -0.1776
vn -0.4822 0.2622 0.8359
vn -0.5114 0.2242 0.8296
vn -0.4834 0.2617 0.8354
vn -0.5091 0.2272 0.8302
vn -0.4834 0.2618 0.8354
vn -0.3967 -0.3636 0.8428
vn -0.3975 -0.3613 0.8435
vn -0.4377 -0.3093 0.8442
vn -0.3974 -0.3613 0.8435
vn -0.4398 -0.3085 0.8435
vn 0.2351 -0.4447 0.8643
vn 0.2968 -0.4212 0.8570
vn 0.2372 -0.4442 0.8640
vn 0.2984 -0.4262 0.8540
vn 0.5706 0.0961 0.8156
vn 0.5526 0.1491 0.8200
vn 0.5642 0.1021 0.8193
vn 0.5506 0.1509 0.8210
vn 0.5584 -0.8246 -0.0908
vn 0.5385 -0.8395 -0.0727
vn -0.5751 -0.6616 0.4812
vn -0.5751 -0.6514 0.4949
vn -0.5298 -0.4282 0.7321
vn -0.5303 -0.4276 0.7321
vn -0.7332 -0.0155 0.6798
vn -0.7168 -0.0597 0.6947
vn 0.6831 -0.6133 0.3966
vn 0.6482 -0.6217 0.4397
vn 0.3919 -0.9196 0.0273
vn -0.8810 -0.3186 0.3497
vn -0.8432 -0.5002 0.1971
vn -0.5220 -0.7755 0.3551
vn -0.9918 0.0957 0.0853
vn -0.9917 0.0956 0.0854
vn 0.9921 -0.0114 0.1247
vn 0.9921 -0.0114 0.1246
vn -0.9205 -0.0052 0.3907
vn 0.4286 -0.8670 0.2543
vn 0.4571 0.7524 0.4742
vn 0.4571 0.7525 0.4742
vn 0.8017 0.2632 0.5367
vn -0.4131 0.8749 -0.2527
vn -0.4275 0.8674 -0.2547
vn 0.0970 0.7896 -0.6060
vn 0.1005 0.8172 -0.5675
vn 0.1010 0.8170 -0.5677
vn 0.9945 0.0074 0.1040
vn 0.9384 -0.3285 0.1075
vn 0.9384 -0.3284 0.1074
vn 0.7985 -0.5193 0.3044
vn 0.7108 -0.5135 0.4807
vn 0.7907 0.6034 0.1034
vn 0.8425 0.5262 0.1154
vn 0.9774 -0.0067 0.2114
vn 0.7908 0.6033 0.1033
vn 0.4567 0.8869 0.0697
vn 0.3366 0.9110 -0.2384
vn -0.8911 0.4355 0.1272
vn -0.9247 0.3530 0.1423
vn -0.9860 -0.1640 -0.0288
vn -0.7138 -0.7002 0.0135
vn 0.7163 -0.4846 0.5022
vn -0.3227 -0.8717 -0.3688
vn -0.6714 0.5086 -0.5390
vn -0.8017 -0.4925 -0.3386
vn -0.8018 -0.4925 -0.3386
vn 0.2638 0.7320 -0.6282
vn 0.3387 0.7065 -0.6214
vn 0.9026 0.0775 -0.4235
vn 0.8017 -0.4925 -0.3386
vn -0.3274 0.1182 -0.9375
vn -0.3271 0.1149 -0.9380
vn -0.2204 -0.2465 -0.9437
vn -0.2176 -0.2465 -0.9444
vn 0.3043 -0.1469 -0.9412
vn 0.3036 -0.1480 -0.9412
vn 0.1150 0.3397 -0.9335
vn 0.1147 0.3443 -0.9318
vn -0.7131 0.6906 -0.1206
vn -0.7119 0.6890 -0.1359
vn -0.7105 0.6933 -0.1205
vn -0.7034 0.6971 -0.1389
vn -0.7104 0.6934 -0.1205
vn 0.8235 0.0879 0.5604
vn 0.0000 0.8766 0.4812
vn 0.1152 0.9307 0.3471
vn 0.1161 0.8621 0.4932
vn -0.8188 0.0095 0.5741
vn -0.8062 -0.0621 0.5884
vn -0.3074 0.8115 0.4969
vn -0.2079 0.8459 0.4911
vn -0.2385 -0.9613 0.1378
vn -0.2305 -0.9634 0.1365
vn 0.5854 -0.8033 0.1099
vn 0.5602 -0.8202 0.1161
vn 0.9843 0.1175 -0.1317
vn 0.9763 0.1738 -0.1288
vn -0.4646 0.2870 0.8377
vn -0.4664 0.2916 0.8351
vn -0.4753 -0.2688 0.8378
vn -0.4775 -0.2722 0.8354
vn 0.1766 -0.4804 0.8591
vn 0.1783 -0.4767 0.8608
vn 0.5978 0.0341 0.8009
vn 0.5706 0.0962 0.8156
vn 0.5905 0.0400 0.8061
vn -0.0004 -0.9926 -0.1215
vn 0.0003 -0.9938 -0.1116
vn -0.0003 -0.9926 -0.1215
vn -0.5997 -0.7848 0.1566
vn -0.5751 -0.6615 0.4812
vn -0.5949 -0.7905 0.1456
vn -0.5984 -0.7858 0.1567
vn -0.8483 0.2241 0.4798
vn -0.8328 0.1687 0.5273
vn -0.8327 0.1687 0.5273
vn -0.3764 -0.6589 0.6512
vn -0.3927 -0.6524 0.6482
vn 0.4166 -0.9061 0.0737
vn 0.4254 -0.8921 0.1526
vn 0.4317 -0.5728 0.6968
vn -0.8508 -0.4219 0.3134
vn 0.0610 0.7426 -0.6670
vn 0.0616 0.7422 -0.6673
vn 0.0617 0.7423 -0.6673
vn 0.0926 0.7627 -0.6400
vn -0.7373 -0.5887 0.3313
vn -0.9930 0.1130 0.0340
vn -0.9985 0.0473 0.0293
vn 0.5202 0.5607 0.6442
vn 0.0492 0.7287 -0.6830
vn 0.0492 0.7287 -0.6831
vn 0.0610 0.7426 -0.6669
vn 0.6820 0.6925 0.2354
vn 0.6724 0.7305 0.1197
vn 0.4043 0.9045 0.1358
vn 0.7198 0.6877 0.0942
vn 0.7199 0.6877 0.0942
vn 0.8414 -0.4505 0.2983
vn 0.9976 0.0251 -0.0645
vn 0.9774 -0.0067 0.2115
vn 0.3496 0.9346 0.0656
vn -0.7519 -0.5901 0.2940
vn -0.7108 -0.5135 0.4808
vn -0.7267 -0.4647 0.5060
vn -0.9774 -0.0067 0.2114
vn -0.8232 0.5417 -0.1698
vn -0.4567 0.8869 0.0697
vn -0.3366 0.9110 -0.2384
vn -0.4567 0.8869 0.0696
vn -0.7138 -0.7002 0.0136
vn 0.9922 0.0524 0.1127
vn 0.9939 0.0312 0.1062
vn -0.5890 -0.7503 -0.3003
vn -0.4912 -0.8103 -0.3196
vn -0.7312 0.4419 -0.5197
vn 0.1144 -0.9097 -0.3991
vn 0.1145 -0.9097 -0.3991
vn 0.3388 0.7065 -0.6214
vn 0.9027 -0.2097 -0.3758
vn 0.9558 -0.1320 -0.2626
vn 0.4218 0.9003 -0.1074
vn 0.4561 0.8826 -0.1141
vn -0.3411 0.0118 -0.9399
vn -0.3403 0.0095 -0.9403
vn -0.3411 0.0117 -0.9399
vn -0.1954 -0.2611 -0.9453
vn -0.1935 -0.2610 -0.9457
vn 0.3120 0.1548 -0.9374
vn 0.2959 0.1826 -0.9376
vn 0.3125 0.1515 -0.9378
vn 0.2959 0.1827 -0.9376
vn 0.2912 -0.1723 -0.9410
vn 0.2894 -0.1739 -0.9413
vn 0.2688 -0.2022 -0.9417
vn 0.8219 0.1743 0.5423
vn 0.2812 0.7822 -0.5559
vn 0.2760 0.7837 -0.5564
vn 0.2211 0.8044 -0.5515
vn -0.5083 -0.8532 0.1173
vn -0.5602 -0.8202 0.1161
vn -0.9843 0.1174 -0.1317
vn -0.9843 0.1174 -0.1316
vn -0.9631 0.2199 -0.1553
vn 0.4335 -0.8927 0.1236
vn 0.5083 -0.8532 0.1172
vn 0.8967 0.4045 -0.1799
vn -0.5379 0.1893 0.8215
vn -0.5340 0.1913 0.8236
vn -0.3538 -0.4000 0.8455
vn -0.3559 -0.4017 0.8438
vn -0.3967 -0.3637 0.8428
vn -0.3558 -0.4018 0.8438
vn 0.3538 -0.4003 0.8453
vn 0.2984 -0.4263 0.8540
vn 0.3538 -0.4000 0.8455
vn 0.3558 -0.4018 0.8438
vn 0.5528 0.1491 0.8199
vn 0.5379 0.1893 0.8215
vn 0.5340 0.1913 0.8236
vn 0.0001 -0.9336 -0.3582
vn -0.4338 -0.2377 -0.8691
vn -0.4767 -0.2510 -0.8425
vn -0.6468 -0.3185 -0.6929
vn -0.6844 -0.3365 -0.6468
vn -0.5187 -0.3678 0.7718
vn -0.5183 -0.3676 0.7722
vn -0.5303 -0.4277 0.7320
vn -0.5183 -0.3677 0.7721
vn 0.9642 0.2207 0.1470
vn 0.9616 0.1810 0.2065
vn -0.5547 -0.4652 0.6899
vn -0.3751 -0.5859 0.7183
vn -0.6747 0.7378 0.0234
vn 0.0051 1.0000 0.0056
vn -0.0344 0.7168 -0.6964
vn -0.0345 0.7166 -0.6967
vn -0.0492 0.7286 -0.6831
vn 0.0345 0.7166 -0.6967
vn 0.3259 0.9454 -0.0078
vn 0.1442 0.9461 -0.2901
vn 0.7908 0.6034 0.1033
vn 0.8863 0.3002 -0.3525
vn -0.7985 -0.5193 0.3043
vn -0.8414 -0.4506 0.2984
vn -0.7944 0.4713 0.3832
vn -0.9543 0.0539 -0.2939
vn -0.7462 0.5255 -0.4087
vn -0.7158 -0.6493 0.2572
vn -0.7519 -0.5901 0.2939
vn 0.9308 -0.3404 0.1328
vn 0.9923 0.0524 0.1126
vn -0.3961 -0.8544 -0.3363
vn -0.8836 0.1553 -0.4417
vn 0.1295 -0.9218 -0.3654
vn 0.4218 0.9003 -0.1075
vn 0.5234 0.8441 -0.1160
vn -0.1421 -0.2895 -0.9466
vn -0.1424 -0.2898 -0.9464
vn 0.3127 0.1516 -0.9377
vn 0.3270 0.1148 -0.9380
vn 0.0000 -0.3231 -0.9464
vn 0.0000 -0.3232 -0.9463
vn 0.0412 -0.3218 -0.9459
vn 0.7447 0.4218 0.5173
vn -0.7812 0.3423 0.5220
vn -0.5083 -0.8532 0.1174
vn 0.5083 -0.8532 0.1174
vn 0.8967 0.4045 -0.1795
vn 0.8707 0.4542 -0.1884
vn -0.2984 -0.4263 0.8540
vn 0.3967 -0.3637 0.8428
vn 0.3559 -0.4018 0.8438
vn 0.5091 0.2272 0.8302
vn -0.7826 -0.6193 -0.0642
vn -0.6889 -0.6982 -0.1947
vn -0.7009 -0.6819 -0.2090
vn -0.6769 -0.7109 -0.1911
vn -0.2973 -0.1984 -0.9340
vn -0.2452 -0.1858 -0.9515
vn -0.5260 -0.3504 0.7750
vn -0.5187 -0.3678 0.7719
vn 0.2453 -0.1858 -0.9515
vn 0.0536 -0.6195 0.7832
vn -0.9565 -0.1259 0.2631
vn 0.1403 0.8228 -0.5507
vn -0.0120 0.7078 -0.7064
vn -0.0122 0.7079 -0.7062
vn -0.0345 0.7165 -0.6967
vn 0.8470 0.5243 0.0883
vn 0.8258 -0.5206 -0.2167
vn 0.6615 -0.7215 0.2046
vn 0.6615 -0.7215 0.2047
vn 0.9524 -0.2289 0.2011
vn -0.6196 0.7560 -0.2110
vn 0.1786 0.7559 -0.6299
vn 0.9026 0.0775 -0.4234
vn -0.2205 -0.2465 -0.9437
vn 0.3036 -0.1480 -0.9413
vn 0.0800 0.3370 -0.9381
vn 0.2079 0.8459 0.4912
vn -0.5076 -0.2251 0.8317
vn 0.1767 -0.4806 0.8590
vn 0.5978 0.0342 0.8009
vn 0.5905 0.0400 0.8060
vn -0.0003 -0.9926 -0.1214
vn -0.5984 -0.7857 0.1567
vn -0.8483 0.2242 0.4798
vn -0.8867 0.3916 0.2458
vn -0.4903 -0.6433 0.5880
vn -0.0000 -0.9910 0.1338
vn 0.0000 -0.9792 0.2029
vn -0.0000 -0.9915 0.1297
vn 0.0000 -0.9792 0.2031
vn 0.0000 -0.9812 0.1927
vn 0.0000 -0.9812 0.1928
vn 0.0000 -0.9815 0.1912
vn 0.0000 -0.9866 0.1632
vn 0.0000 -0.9864 0.1645
vn -0.0000 -0.9816 0.1912
vn 0.0000 -0.9978 0.0656
vn 0.0000 -0.4329 -0.9014
vn 0.0000 -0.4788 -0.8779
vn -0.0000 -0.4322 -0.9018
vn -0.0000 -0.5576 -0.8301
vn -0.0000 -0.5564 -0.8309
vn 0.0000 -0.6509 -0.7591
vn 0.0003 -0.7263 -0.6874
vn 0.0017 -0.9217 -0.3878
vn 0.0001 -0.9233 -0.3842
vn 0.0004 -0.8386 -0.5447
vn 0.0050 -0.8686 -0.4954
vn 0.0050 -0.8686 -0.4955
vn 0.0136 -0.7974 -0.6033
vn 0.0136 -0.7974 -0.6032
vn -0.0000 -0.9916 0.1297
vn -0.0000 -1.0000 0.0003
vn -0.0000 -1.0000 0.0028
vn 0.0000 -1.0000 0.0027
vn 0.0010 -0.9814 -0.1921
vn 0.0000 -0.9853 -0.1711
vn -0.9757 0.2074 0.0714
vn -0.9937 0.1100 0.0214
vn -0.9665 0.2493 0.0608
vn -0.9836 0.1788 0.0223
vn -0.9665 0.2493 0.0609
vn -0.9836 0.1789 0.0223
vn -0.9854 0.1693 0.0192
vn -0.9990 0.0391 0.0212
vn -0.9927 0.1033 0.0617
vn -0.9983 -0.0509 0.0299
vn -0.9982 -0.0353 0.0487
vn -0.9514 -0.3059 0.0366
vn -0.9276 -0.3733 0.0172
vn -0.8857 -0.4640 0.0151
vn -0.7711 -0.6357 -0.0367
vn -0.8059 -0.5912 -0.0299
vn -0.9275 -0.3733 0.0171
vn -0.9982 -0.0352 0.0487
vn -0.9862 -0.1615 0.0365
vn -0.9826 -0.1820 0.0381
vn -0.6280 -0.7729 -0.0906
vn -0.8059 -0.5912 -0.0298
vn -0.5696 -0.8128 -0.1223
vn -0.3644 -0.9069 -0.2115
vn -0.5241 -0.8407 -0.1359
vn -0.5242 -0.8407 -0.1358
vn -0.3647 -0.9068 -0.2114
vn -0.3723 -0.9042 -0.2096
vn 0.6879 -0.6825 0.2469
vn -0.7068 -0.4369 0.5564
vn -0.7002 -0.4073 0.5863
vn -0.9706 0.0823 0.2262
vn -0.9703 -0.0455 0.2377
vn 0.7927 -0.1902 0.5792
vn 0.9921 -0.0115 0.1246
vn 0.8701 0.4617 0.1723
vn 0.9616 0.1810 0.2064
vn 0.7927 -0.1902 0.5793
vn 0.9327 0.1070 0.3444
vn 0.8630 0.4296 0.2657
vn -0.8876 0.4603 0.0167
vn -0.7922 0.5934 0.1423
vn -0.8810 -0.3186 0.3496
vn -0.9067 -0.3921 0.1554
vn -0.9067 -0.3921 0.1553
vn -0.9301 -0.3672 0.0044
vn -0.7157 -0.6493 0.2572
vn -0.7070 -0.5536 0.4402
vn -0.6942 -0.6068 0.3871
vn -0.7304 -0.4855 0.4804
vn -0.7304 -0.4855 0.4803
vn -0.6188 -0.7761 0.1217
vn -0.7516 -0.5083 0.4204
vn -0.5673 -0.8233 0.0217
vn -0.5673 -0.8232 0.0217
vn -0.6657 0.7289 -0.1599
vn -0.7034 0.6971 -0.1390
vn -0.8878 -0.3001 0.3489
vn -0.9142 -0.2446 0.3231
vn -0.8808 -0.2400 0.4083
vn -0.9191 -0.1404 0.3682
vn -0.8489 -0.3726 0.3749
vn -0.8807 -0.2399 0.4083
vn -0.7862 -0.5138 0.3434
vn -0.7516 -0.5083 0.4205
vn -0.7862 -0.5138 0.3433
vn -0.7141 0.6899 -0.1187
vn -0.7142 0.6899 -0.1187
vn -0.7163 0.6875 -0.1194
vn 0.3578 0.7743 -0.5220
vn 0.4681 0.7428 -0.4787
vn 0.8436 -0.4479 -0.2962
vn -0.7009 -0.6819 -0.2089
vn -0.9067 -0.3920 0.1554
vn -0.8127 -0.5703 0.1199
vn 0.5673 -0.8232 0.0218
vn 0.6496 -0.7599 -0.0256
vn 0.5673 -0.8232 0.0217
vn 0.6496 -0.7599 -0.0257
vn 0.6265 -0.7679 0.1335
vn 0.5673 -0.8233 0.0217
vn 0.6879 -0.6825 0.2470
vn -0.7954 -0.4022 -0.4533
vn -0.7836 -0.3944 -0.4801
vn 0.6725 -0.7132 -0.1979
vn 0.6570 -0.7251 -0.2063
vn 0.6649 -0.7210 -0.1952
vn 0.9206 -0.3497 0.1741
vn 0.8753 -0.4264 0.2282
vn 0.9080 -0.4180 0.0292
vn 0.8547 -0.4666 0.2275
vn 0.8547 -0.4665 0.2275
vn 0.9122 -0.3379 0.2317
vn 0.7163 0.6875 -0.1194
vn 0.7142 0.6899 -0.1185
vn 0.7141 0.6899 -0.1185
vn 0.9270 -0.0394 0.3731
vn 0.9486 -0.1132 0.2955
vn 0.7068 -0.4369 0.5563
vn 0.7002 -0.6188 0.3562
vn 0.9509 0.0927 0.2952
vn 0.9270 -0.0395 0.3731
vn 0.9384 -0.3285 0.1074
vn 0.7396 -0.6705 0.0584
vn 0.7396 -0.6706 0.0585
vn 0.8606 -0.4772 0.1780
vn 0.5584 -0.8246 -0.0909
vn 0.0023 -0.9217 -0.3878
vn -0.0000 -0.9853 -0.1710
vn -0.9844 0.1180 0.1309
vn -0.9169 0.3463 0.1983
vn -0.9698 0.1379 0.2012
vn -0.9169 0.3463 0.1984
vn 0.7960 -0.5244 0.3022
vn 0.8825 -0.3382 0.3269
vn 0.9206 -0.3497 0.1740
vn 0.6649 -0.7210 -0.1953
vn -0.7955 -0.4022 -0.4533
vn -0.7836 -0.3944 -0.4800
vn 0.9481 0.2305 0.2193
vn 0.9509 0.0926 0.2953
vn 0.9805 -0.0201 0.1954
vn 0.9509 0.0927 0.2953
vn -0.9992 -0.0338 0.0211
vn -0.9984 0.0473 0.0293
vn -0.9973 0.0541 0.0503
vn -0.9977 0.0469 0.0498
vn -0.9983 0.0443 0.0369
vn -0.9930 0.1131 0.0340
vn -0.9722 0.2184 0.0841
vn -0.9676 0.2061 0.1457
vn -0.9901 0.1361 0.0358
vn -0.9983 0.0443 0.0368
vn -0.9477 0.3176 0.0316
vn -0.9985 -0.0468 0.0265
vn 0.0002 -0.6834 -0.7300
vn 0.0004 -0.6990 -0.7151
vn 0.1848 -0.6717 -0.7174
vn 0.1947 -0.6871 -0.7000
vn -0.1853 -0.6717 -0.7173
vn -0.3609 -0.6542 -0.6646
vn -0.1957 -0.6868 -0.7000
vn -0.3662 -0.6648 -0.6511
vn -0.1783 -0.7168 -0.6741
vn -0.3529 -0.6894 -0.6327
vn -0.3609 -0.6543 -0.6646
vn 0.4621 -0.7549 -0.4653
vn 0.6229 -0.6554 -0.4271
vn 0.5069 -0.7337 -0.4524
vn 0.6449 -0.6481 -0.4052
vn 0.5167 -0.6329 -0.5766
vn 0.5375 -0.6323 -0.5579
vn 0.6557 -0.5994 -0.4591
vn 0.6595 -0.5983 -0.4550
vn 0.1777 -0.7166 -0.6745
vn 0.3534 -0.6893 -0.6324
vn 0.3605 -0.6547 -0.6644
vn 0.3606 -0.6547 -0.6644
vn 0.5069 -0.6707 -0.5415
vn 0.5069 -0.6706 -0.5415
vn 0.3605 -0.6547 -0.6643
vn 0.0002 -0.7258 -0.6879
vn 0.5345 -0.7013 -0.4718
vn 0.3548 -0.7555 -0.5508
vn 0.5070 -0.7337 -0.4524
vn 0.3192 -0.7954 -0.5153
vn -0.5340 -0.7025 -0.4705
vn -0.5070 -0.7344 -0.4513
vn -0.3537 -0.7562 -0.5505
vn -0.5070 -0.7344 -0.4512
vn -0.3176 -0.7961 -0.5151
vn -0.6451 -0.6481 -0.4048
vn -0.6451 -0.6480 -0.4048
vn -0.6558 -0.6321 -0.4127
vn 0.5435 -0.6591 -0.5198
vn 0.3698 -0.7041 -0.6062
vn 0.1896 -0.7788 -0.5979
vn 0.1985 -0.7303 -0.6537
vn 0.0000 -0.7864 -0.6177
vn 0.0000 -0.7411 -0.6714
vn -0.2000 -0.7297 -0.6538
vn -0.3705 -0.7037 -0.6062
vn -0.1913 -0.7784 -0.5979
vn -0.3706 -0.7037 -0.6062
vn -0.6613 -0.6100 -0.4365
vn -0.5429 -0.6599 -0.5194
vn -0.2001 -0.7297 -0.6538
vn 0.3606 -0.6547 -0.6643
vn 0.3660 -0.6649 -0.6511
vn 0.3697 -0.7041 -0.6062
vn 0.3547 -0.7555 -0.5508
vn 0.6621 -0.6093 -0.4364
vn 0.6562 -0.6316 -0.4129
vn 0.5069 -0.7337 -0.4525
vn 0.5345 -0.7013 -0.4717
vn 0.6449 -0.6480 -0.4052
vn -0.6579 -0.5993 -0.4560
vn -0.5374 -0.6328 -0.5574
vn 0.3698 -0.7042 -0.6062
vn 0.5167 -0.6329 -0.5767
vn -0.5072 -0.6697 -0.5425
vn -0.5170 -0.6319 -0.5775
vn -0.5169 -0.6319 -0.5775
vn -0.6541 -0.6004 -0.4601
vn -0.6579 -0.5993 -0.4561
vn -0.6299 -0.6364 -0.4453
vn 0.6312 -0.6375 -0.4418
vn -0.5900 -0.6498 -0.4791
vn -0.5300 -0.6526 -0.5415
vn -0.4084 -0.7701 -0.4902
vn -0.4084 -0.7700 -0.4902
vn -0.3752 -0.7415 -0.5563
vn 0.1689 -0.8165 -0.5521
vn -0.1912 -0.7784 -0.5979
vn -0.1699 -0.8164 -0.5520
vn -0.0005 -0.8223 -0.5690
vn 0.1301 -0.8498 -0.5108
vn -0.0005 -0.8575 -0.5145
vn 0.1223 -0.8090 -0.5750
vn -0.0002 -0.8192 -0.5735
vn -0.1309 -0.8498 -0.5105
vn -0.1229 -0.8089 -0.5749
vn 0.2459 -0.7859 -0.5673
vn 0.2614 -0.8266 -0.4984
vn -0.2464 -0.7862 -0.5667
vn -0.2612 -0.8264 -0.4988
vn -0.2612 -0.8265 -0.4988
vn 0.1459 -0.8465 -0.5120
vn 0.2848 -0.8228 -0.4918
vn -0.0005 -0.8526 -0.5226
vn 0.1459 -0.8465 -0.5121
vn -0.1468 -0.8464 -0.5119
vn -0.0005 -0.8224 -0.5690
vn -0.2834 -0.8231 -0.4921
vn -0.2834 -0.8232 -0.4921
vn -0.4616 -0.7549 -0.4658
vn -0.4616 -0.7550 -0.4658
vn -0.6239 -0.6544 -0.4271
vn 0.5908 -0.6497 -0.4784
vn 0.4104 -0.7699 -0.4887
vn 0.2849 -0.8228 -0.4918
vn 0.3191 -0.7954 -0.5153
vn 0.2614 -0.8266 -0.4985
vn 0.3750 -0.7421 -0.5555
vn 0.3750 -0.7421 -0.5556
vn -0.2834 -0.8231 -0.4920
vn -0.5900 -0.6499 -0.4791
vn 0.5310 -0.6527 -0.5404
vn 0.5310 -0.6528 -0.5403
vn -0.6650 -0.3482 -0.6607
vn -0.5331 -0.3751 -0.7584
vn -0.5300 -0.6526 -0.5414
vn -0.3734 -0.4086 -0.8328
vn -0.3735 -0.4086 -0.8328
vn -0.1930 -0.4139 -0.8896
vn 0.0001 -0.4193 -0.9078
vn -0.2524 -0.9549 -0.1561
vn -0.4862 -0.8659 -0.1172
vn -0.4863 -0.8659 -0.1172
vn -0.3529 -0.6894 -0.6326
vn -0.6596 -0.7484 -0.0703
vn -0.0000 -0.9791 -0.2036
vn -0.2524 -0.9550 -0.1561
vn 0.0001 -0.7258 -0.6880
vn -0.7596 -0.6474 -0.0624
vn -0.6596 -0.7483 -0.0703
vn -0.5072 -0.6696 -0.5425
vn -0.8493 -0.5273 -0.0268
vn -0.7596 -0.6474 -0.0625
vn -0.7595 -0.6475 -0.0624
vn 0.1927 -0.4153 -0.8891
vn 0.5315 -0.3792 -0.7575
vn 0.3737 -0.4082 -0.8329
vn 0.6671 -0.3427 -0.6615
vn 0.5314 -0.3792 -0.7575
vn 0.8532 -0.2786 -0.4410
vn 0.7771 -0.2919 -0.5576
vn 0.9146 -0.2523 -0.3159
vn 0.9482 -0.3063 -0.0849
vn 0.9082 -0.4162 -0.0431
vn 0.9082 -0.4163 -0.0431
vn 0.8503 -0.5258 -0.0220
vn 0.8503 -0.5258 -0.0219
vn 0.7620 -0.6457 -0.0494
vn 0.9481 -0.3063 -0.0849
vn 0.9505 -0.2511 -0.1829
vn 0.9505 -0.2510 -0.1829
vn 0.6600 -0.7489 -0.0596
vn 0.4854 -0.8664 -0.1169
vn 0.2524 -0.9550 -0.1561
vn 0.3534 -0.6894 -0.6324
vn 0.0000 -0.9790 -0.2037
vn 0.0001 -0.7257 -0.6880
vn 0.6600 -0.7489 -0.0595
vn 0.6312 -0.6375 -0.4419
vn 0.5069 -0.6706 -0.5416
vn -0.8540 -0.2759 -0.4410
vn -0.7730 -0.3017 -0.5581
vn -0.9159 -0.2493 -0.3147
vn -0.6240 -0.6544 -0.4271
vn -0.9059 -0.4206 -0.0496
vn -0.8493 -0.5273 -0.0267
vn -0.9477 -0.3074 -0.0855
vn -0.9059 -0.4205 -0.0495
vn -0.9506 -0.2511 -0.1825
vn -0.6558 -0.6321 -0.4128
vn -0.9158 -0.2494 -0.3147
vn 0.8259 -0.2618 0.4994
vn 0.6896 -0.3503 0.6338
vn 0.8233 -0.3063 0.4779
vn 0.6839 -0.4123 0.6019
vn -0.8233 -0.3062 0.4779
vn -0.8259 -0.2618 0.4994
vn -0.9243 -0.2010 0.3246
vn -0.9251 -0.1746 0.3371
vn 0.0000 -0.6462 0.7632
vn -0.0000 -0.5729 0.8196
vn -0.1755 -0.6286 0.7576
vn -0.1755 -0.6286 0.7577
vn -0.1905 -0.5504 0.8129
vn 0.5369 -0.4294 0.7262
vn 0.5317 -0.5016 0.6824
vn -0.6839 -0.4123 0.6019
vn -0.6896 -0.3503 0.6338
vn -0.8233 -0.3063 0.4779
vn 0.3700 -0.4989 0.7837
vn 0.3580 -0.5780 0.7333
vn -0.5369 -0.4294 0.7262
vn -0.5318 -0.5016 0.6824
vn 0.1755 -0.6286 0.7576
vn 0.1906 -0.5504 0.8129
vn 0.1905 -0.5504 0.8129
vn -0.5317 -0.5016 0.6824
vn -0.3700 -0.4989 0.7837
vn -0.5318 -0.5016 0.6823
vn -0.3581 -0.5780 0.7333
vn 0.9827 -0.0918 0.1606
vn 0.9251 -0.1746 0.3371
vn 0.9850 -0.0952 0.1437
vn 0.9243 -0.2010 0.3246
vn -0.1906 -0.5504 0.8129
vn -0.9827 -0.0918 0.1606
vn -0.9998 -0.0153 0.0129
vn -0.9850 -0.0952 0.1437
vn 0.8233 -0.3062 0.4779
vn 0.1755 -0.6286 0.7577
vn -0.9850 -0.0953 0.1437
vn 0.9998 -0.0153 0.0129
vn 0.9997 -0.0125 -0.0220
vn 0.9850 -0.0953 0.1437
vn 0.9861 -0.1134 0.1217
vn -0.9997 -0.0125 -0.0220
vn -0.9861 -0.1135 0.1215
vn -0.9998 -0.0153 0.0128
vn -0.9879 0.0716 -0.1374
vn -0.9771 0.0684 -0.2015
vn 0.8445 -0.3676 0.3894
vn 0.7147 -0.4947 0.4945
vn -0.9459 0.1327 -0.2962
vn -0.9771 0.0685 -0.2015
vn -0.9219 0.1080 -0.3720
vn -0.9364 -0.2397 0.2563
vn -0.8446 -0.3679 0.3890
vn -0.1835 -0.7503 0.6352
vn -0.0000 -0.7682 0.6402
vn 0.7146 -0.4947 0.4945
vn 0.5661 -0.5987 0.5666
vn -0.7417 0.2250 -0.6319
vn -0.5873 0.2672 -0.7640
vn -0.7060 0.1643 -0.6889
vn -0.5515 0.1995 -0.8100
vn -0.7152 -0.4959 0.4926
vn 0.9879 0.0716 -0.1374
vn 0.9771 0.0680 -0.2018
vn 0.9459 0.1326 -0.2962
vn 0.9459 0.1327 -0.2962
vn 0.9221 0.1072 -0.3719
vn -0.4057 0.3007 -0.8631
vn -0.3767 0.2140 -0.9013
vn 0.9998 -0.0153 0.0128
vn 0.9771 0.0680 -0.2017
vn 0.3798 -0.6896 0.6167
vn -0.8634 0.1783 -0.4720
vn -0.9219 0.1080 -0.3721
vn -0.8306 0.1389 -0.5393
vn -0.6839 -0.4124 0.6019
vn -0.7152 -0.4958 0.4926
vn -0.5670 -0.5995 0.5648
vn 0.7414 0.2253 -0.6322
vn 0.7057 0.1664 -0.6887
vn 0.5873 0.2672 -0.7639
vn 0.5873 0.2673 -0.7640
vn 0.5516 0.1974 -0.8104
vn -0.8633 0.1783 -0.4721
vn -0.7060 0.1643 -0.6888
vn 0.5873 0.2672 -0.7640
vn 0.4057 0.3007 -0.8631
vn 0.5517 0.1974 -0.8104
vn 0.3768 0.2138 -0.9013
vn -0.2035 0.3225 -0.9244
vn -0.3767 0.2139 -0.9013
vn -0.1936 0.2283 -0.9542
vn 0.8635 0.1785 -0.4718
vn 0.8305 0.1409 -0.5390
vn 0.7414 0.2253 -0.6321
vn 0.8304 0.1409 -0.5390
vn 0.1835 -0.7503 0.6352
vn -0.0000 0.3269 -0.9450
vn -0.1935 0.2283 -0.9542
vn 0.0000 0.2380 -0.9713
vn -0.5670 -0.5996 0.5648
vn -0.5670 -0.5996 0.5649
vn -0.3800 -0.6895 0.6166
vn 0.9221 0.1072 -0.3718
vn 0.2035 0.3226 -0.9244
vn 0.3768 0.2139 -0.9013
vn 0.1936 0.2274 -0.9544
vn 0.9243 -0.2010 0.3245
vn 0.9861 -0.1134 0.1216
vn 0.9242 -0.2010 0.3246
vn 0.9363 -0.2387 0.2575
vn 0.0000 0.2381 -0.9713
vn -0.9243 -0.2010 0.3245
vn 0.1927 -0.4152 -0.8891
vn 0.1928 -0.4153 -0.8890
vn 0.2460 -0.7859 -0.5673
vn 0.7146 -0.4948 0.4945
vn 0.5662 -0.5987 0.5666
vn 0.3798 -0.6895 0.6167
vn 0.3797 -0.6896 0.6167
vn 0.1835 -0.7502 0.6352
vn 0.2523 -0.9550 -0.1561
vn -0.0001 -0.7682 0.6402
vn 0.0000 -0.9790 -0.2036
vn -0.1834 -0.7503 0.6352
vn -0.3799 -0.6895 0.6166
vn -0.9059 -0.4206 -0.0495
vn -0.9219 0.1079 -0.3721
vn -0.7060 0.1644 -0.6889
vn -0.1935 0.2282 -0.9542
vn 0.0001 -0.4193 -0.9079
vn 0.1928 -0.4152 -0.8891
vn 0.0001 0.2380 -0.9713
vn 0.3769 0.2138 -0.9013
vn 0.6671 -0.3426 -0.6615
vn 0.0255 0.8327 -0.5531
vn 0.0363 0.8350 -0.5491
vn 0.0219 0.7947 -0.6066
vn 0.0273 0.8771 -0.4796
vn 0.0170 0.8760 -0.4820
vn 0.0284 0.8791 -0.4757
vn 0.0143 0.8655 -0.5008
vn -0.0005 0.8711 -0.4911
vn -0.0104 0.8777 -0.4790
vn -0.0154 0.8799 -0.4749
vn -0.0103 0.8777 -0.4790
vn -0.0124 0.8727 -0.4880
vn 0.0143 0.8731 -0.4873
vn -0.0117 0.8750 -0.4840
vn 0.0305 0.8794 -0.4751
vn 0.0173 0.8761 -0.4818
vn 0.0285 0.8794 -0.4752
vn 0.0174 0.8761 -0.4818
vn 0.0074 0.8742 -0.4855
vn -0.0078 0.8744 -0.4852
vn -0.0186 0.8743 -0.4851
vn -0.0014 0.8742 -0.4856
vn 0.0092 0.8745 -0.4850
vn 0.0258 0.8747 -0.4841
vn 0.0288 0.8738 -0.4855
vn -0.0078 0.8744 -0.4851
vn -0.0221 0.8762 -0.4814
vn -0.0208 0.8770 -0.4800
vn -0.0221 0.8762 -0.4815
vn -0.0106 0.8699 -0.4932
vn 0.0144 0.8731 -0.4873
vn -0.0105 0.8699 -0.4932
vn 0.0284 0.8792 -0.4756
vn 0.0283 0.8799 -0.4743
vn 0.0292 0.8798 -0.4745
vn 0.0282 0.8800 -0.4742
vn -0.0372 0.8810 -0.4717
vn -0.0351 0.8811 -0.4716
vn -0.0209 0.8770 -0.4800
vn -0.0345 0.8815 -0.4710
vn -0.0353 0.8810 -0.4717
vn -0.0341 0.8821 -0.4698
vn -0.0346 0.8815 -0.4710
vn 0.0270 0.8757 -0.4822
vn 0.0269 0.8758 -0.4819
vn 0.0273 0.8662 -0.4990
vn 0.0315 0.8651 -0.5007
vn -0.0361 0.8635 -0.5030
vn -0.0221 0.8685 -0.4952
vn -0.0398 0.8485 -0.5277
vn -0.0254 0.8474 -0.5304
vn -0.0209 0.7939 -0.6077
vn -0.0367 0.8301 -0.5564
vn -0.0203 0.8254 -0.5642
vn 0.0032 0.8457 -0.5337
vn 0.0355 0.8421 -0.5381
vn 0.0143 0.8655 -0.5007
vn 0.0292 0.8695 -0.4932
vn 0.0270 0.8757 -0.4821
vn 0.0288 0.8728 -0.4871
vn 0.0288 0.8729 -0.4871
vn 0.0292 0.8694 -0.4932
vn -0.0174 0.8780 -0.4783
vn -0.0191 0.8800 -0.4746
vn -0.0175 0.8780 -0.4783
vn -0.0048 0.8809 -0.4733
vn -0.0172 0.8837 -0.4678
vn -0.0362 0.8636 -0.5030
vn 0.0103 0.8763 -0.4816
vn -0.0048 0.8809 -0.4732
vn -0.0294 0.8648 -0.5013
vn -0.0284 0.8680 -0.4958
vn 0.0175 0.8688 -0.4948
vn -0.0266 0.8729 -0.4873
vn -0.0263 0.8753 -0.4828
vn -0.0274 0.8786 -0.4768
vn 0.0096 0.8649 -0.5019
vn -0.0277 0.8766 -0.4805
vn -0.0079 0.8744 -0.4852
vn -0.0156 0.8649 -0.5018
vn -0.0153 0.8655 -0.5006
vn -0.0135 0.8619 -0.5070
vn -0.0154 0.8666 -0.4988
vn 0.0134 0.7683 -0.6400
vn 0.0013 0.7809 -0.6247
vn -0.0133 0.7710 -0.6367
vn 0.0116 0.7578 -0.6523
vn 0.0102 0.7307 -0.6827
vn 0.0018 0.7456 -0.6664
vn 0.0017 0.7151 -0.6990
vn -0.0122 0.7498 -0.6615
vn -0.0108 0.7324 -0.6807
vn -0.0108 0.7324 -0.6808
vn -0.0011 0.7149 -0.6992
vn -0.0007 0.7121 -0.7020
vn -0.0005 0.7122 -0.7019
vn 0.0001 0.7118 -0.7023
vn 0.0012 0.7119 -0.7023
vn -0.0000 0.7118 -0.7023
vn 0.0013 0.7119 -0.7023
vn -0.1477 -0.4756 -0.8672
vn 0.0352 -0.4805 -0.8763
vn -0.1463 -0.4757 -0.8674
vn 0.0350 -0.4805 -0.8763
vn 0.9999 -0.0071 -0.0130
vn 0.9999 -0.0073 -0.0134
vn 0.9927 -0.0580 -0.1058
vn 0.9926 -0.0582 -0.1061
vn 0.6911 0.3476 0.6337
vn 0.7062 0.3405 0.6207
vn 0.7963 0.2909 0.5304
vn 0.8019 0.2873 0.5238
vn -0.6721 0.6055 -0.4262
vn 0.3641 0.8336 -0.4154
vn -0.6050 0.4960 -0.6229
vn 0.3277 0.8929 -0.3089
vn -0.6050 0.4959 -0.6230
vn -0.0555 -0.7542 -0.6543
vn -0.3731 -0.7174 -0.5883
vn -0.7850 -0.0465 0.6178
vn -0.7850 -0.0464 0.6178
vn -0.5607 0.0689 0.8251
vn 0.5580 0.4702 -0.6837
vn 0.6482 0.3490 -0.6768
vn 0.3990 0.3860 -0.8317
vn 0.4646 0.2535 -0.8485
vn 0.0116 0.7578 -0.6524
vn -0.4128 -0.4380 -0.7986
vn -0.2830 -0.4612 -0.8410
vn -0.4104 -0.4385 -0.7996
vn -0.2807 -0.4615 -0.8416
vn 0.9366 -0.1685 -0.3073
vn 0.9367 -0.1683 -0.3070
vn 0.9745 -0.1078 -0.1966
vn 0.9746 -0.1076 -0.1963
vn 0.8544 0.2498 0.4556
vn 0.8608 0.2447 0.4462
vn 0.9050 0.2045 0.3730
vn 0.9076 0.2018 0.3680
vn 0.9050 0.2045 0.3729
vn -0.9078 -0.2016 -0.3677
vn -0.9629 -0.1298 -0.2367
vn -0.9081 -0.2014 -0.3672
vn -0.9630 -0.1296 -0.2363
vn 0.3060 0.7150 -0.6286
vn 0.3566 0.7718 -0.5265
vn -0.5649 0.8245 -0.0328
vn -0.6582 0.7196 -0.2212
vn -0.5650 0.8245 -0.0328
vn -0.6457 -0.6301 -0.4313
vn -0.8405 -0.5027 -0.2023
vn -0.2689 0.1400 0.9529
vn 0.0555 0.1583 0.9858
vn -0.2688 0.1400 0.9529
vn 0.4582 0.8866 0.0634
vn 0.2646 0.9479 0.1776
vn 0.5343 0.8258 0.1803
vn 0.3103 0.8984 0.3107
vn 0.6494 0.5751 -0.4975
vn 0.7535 0.4694 -0.4604
vn 0.0091 0.8745 -0.4850
vn -0.2831 -0.4612 -0.8410
vn -0.1478 -0.4756 -0.8672
vn 0.9462 0.1556 0.2837
vn 0.9463 0.1555 0.2836
vn 0.9503 0.1497 0.2731
vn 0.9503 0.1496 0.2729
vn 0.9503 0.1497 0.2730
vn 0.0363 0.8350 -0.5490
vn 0.0255 0.8327 -0.5532
vn 0.3641 0.8336 -0.4155
vn -0.6721 0.6055 -0.4261
vn -0.6582 0.7196 -0.2211
vn -0.2688 0.1400 0.9530
vn -0.0010 0.8613 -0.5080
vn -0.0289 0.8794 -0.4752
vn -0.7537 0.6383 -0.1568
vn -0.6458 0.7609 0.0635
vn -0.5412 -0.4043 -0.7373
vn -0.5397 -0.4048 -0.7382
vn -0.4105 -0.4385 -0.7995
vn 0.9367 -0.1683 -0.3069
vn 0.8882 -0.2209 -0.4028
vn 0.8880 -0.2211 -0.4032
vn 0.9295 0.1773 0.3234
vn 0.9076 0.2018 0.3681
vn 0.9304 0.1762 0.3214
vn -0.9891 -0.0707 -0.1289
vn -0.9630 -0.1296 -0.2364
vn -0.9891 -0.0709 -0.1294
vn -0.0024 0.8263 -0.5632
vn 0.2186 0.6700 -0.7094
vn -0.4037 0.9075 0.1159
vn -0.5649 0.8245 -0.0327
vn -0.9338 -0.3506 0.0711
vn 0.3731 0.1216 0.9198
vn -0.4569 0.8574 0.2370
vn -0.8374 -0.2629 -0.4793
vn -0.7492 -0.3185 -0.5807
vn -0.8369 -0.2632 -0.4800
vn -0.7492 -0.3185 -0.5808
vn -0.7483 -0.3190 -0.5817
vn 0.7291 -0.3291 -0.6001
vn 0.7283 -0.3295 -0.6008
vn 0.6391 -0.3698 -0.6744
vn 0.6379 -0.3703 -0.6753
vn 0.0032 0.4808 0.8768
vn -0.1739 0.4735 0.8635
vn 0.0033 0.4809 0.8768
vn -0.1781 0.4732 0.8628
vn -0.9466 0.1550 0.2827
vn -0.9547 0.1430 0.2608
vn -0.9466 0.1550 0.2826
vn -0.9549 0.1428 0.2603
vn -0.1455 0.6495 -0.7463
vn 0.0381 0.9730 0.2276
vn -0.0216 0.6352 -0.7721
vn 0.3991 0.3860 -0.8317
vn -0.2186 0.9561 -0.1953
vn 0.5580 0.4702 -0.6838
vn -0.3060 0.9111 -0.2761
vn 0.5581 0.4702 -0.6837
vn 0.8405 -0.0932 0.5338
vn 0.8405 -0.0931 0.5338
vn 0.9338 -0.2453 0.2604
vn 0.0381 0.9730 0.2275
vn -0.1941 0.9591 0.2063
vn 0.0495 0.9292 0.3661
vn -0.2167 0.9149 0.3404
vn 0.0183 0.8730 -0.4874
vn -0.0266 0.8728 -0.4873
vn -0.0265 0.8707 -0.4912
vn 0.1911 0.3327 -0.9235
vn 0.2250 0.1943 -0.9548
vn -0.0409 0.3174 -0.9474
vn -0.0411 0.1786 -0.9831
vn -0.7682 0.5107 -0.3862
vn 0.0293 0.8797 -0.4745
vn 0.0304 0.8794 -0.4751
vn 0.0295 0.8797 -0.4745
vn -0.6392 -0.3698 -0.6743
vn -0.5413 -0.4043 -0.7373
vn -0.6380 -0.3703 -0.6752
vn -0.6380 -0.3702 -0.6752
vn 0.8198 -0.2754 -0.5021
vn 0.8192 -0.2757 -0.5028
vn -0.3323 0.4536 0.8269
vn -0.5370 0.4056 0.7396
vn -0.3453 0.4515 0.8227
vn -0.5505 0.4016 0.7319
vn -0.9890 0.0712 0.1298
vn -1.0000 -0.0045 -0.0081
vn -0.9891 0.0707 0.1290
vn -0.9999 -0.0048 -0.0088
vn -0.9307 0.1758 0.3207
vn -0.9422 0.1611 0.2937
vn -0.9315 0.1749 0.3189
vn -0.9424 0.1608 0.2933
vn 0.1048 0.6423 -0.7593
vn -0.1941 0.9590 0.2063
vn -0.4037 0.9075 0.1158
vn -0.9146 -0.1921 0.3559
vn 0.6457 0.0342 0.7628
vn -0.2688 0.3423 -0.9003
vn -0.3022 0.2080 -0.9303
vn -0.2689 0.3423 -0.9003
vn 0.0287 0.8739 -0.4853
vn 0.5414 -0.4043 -0.7372
vn 0.5399 -0.4047 -0.7380
vn 0.4384 -0.4322 -0.7880
vn 0.4366 -0.4326 -0.7889
vn 0.1671 0.4741 0.8645
vn 0.1705 0.4739 0.8639
vn 0.3289 0.4542 0.8280
vn 0.3432 0.4518 0.8235
vn 0.3288 0.4542 0.8280
vn -0.9045 0.2051 0.3740
vn -0.9307 0.1759 0.3207
vn -0.9073 0.2022 0.3687
vn -0.9307 0.1758 0.3206
vn 0.9420 0.1614 0.2943
vn 0.9422 0.1611 0.2938
vn 0.9462 0.1555 0.2836
vn -0.3277 0.7332 -0.5959
vn -0.2518 0.6835 -0.6851
vn 0.5963 0.7964 -0.1008
vn 0.4582 0.8866 0.0633
vn 0.5963 0.7964 -0.1007
vn 0.0216 0.9909 -0.1326
vn -0.1048 0.9838 -0.1454
vn 0.9146 -0.4037 -0.0244
vn 0.7850 -0.5494 -0.2863
vn -0.4036 0.9076 0.1159
vn -0.2167 0.9149 0.3405
vn 0.6912 0.7227 -0.0052
vn 0.6626 0.6883 -0.2952
vn 0.7675 0.6000 -0.2256
vn -0.6050 0.4959 -0.6229
vn -0.6913 0.3856 -0.6110
vn 0.0005 0.7066 -0.7077
vn 0.0000 0.7119 -0.7023
vn -0.0006 0.7122 -0.7020
vn -0.3324 0.4536 0.8269
vn -0.9890 0.0711 0.1297
vn -0.9891 0.0708 0.1290
vn -0.9549 0.1428 0.2604
vn -0.3566 0.8543 -0.3782
vn 0.6457 0.0343 0.7628
vn 0.6626 0.6883 -0.2953
vn -0.0254 0.8473 -0.5304
vn 0.0030 0.8458 -0.5335
vn 0.0032 0.8456 -0.5337
vn -0.6833 0.3511 0.6402
vn -0.8057 0.2848 0.5193
vn -0.6991 0.3439 0.6269
vn -0.8132 0.2798 0.5102
vn 0.3056 -0.4578 -0.8349
vn 0.3032 -0.4582 -0.8355
vn 0.1681 -0.4740 -0.8643
vn 0.1663 -0.4741 -0.8646
vn 0.9745 0.1078 0.1966
vn 0.9747 0.1074 0.1959
vn 0.9936 0.0541 0.0988
vn 0.9937 0.0538 0.0980
vn 0.9936 0.0542 0.0988
vn 0.5442 0.4033 0.7356
vn 0.5590 0.3987 0.7270
vn 0.9304 0.1763 0.3214
vn -0.3641 0.7925 -0.4892
vn 0.6494 0.5751 -0.4974
vn 0.2517 0.9426 -0.2196
vn 0.1455 0.9766 -0.1584
vn -0.4649 0.4044 -0.7876
vn 0.5607 -0.6648 -0.4936
vn 0.2688 -0.7359 -0.6214
vn 0.6911 0.7227 -0.0051
vn -0.0308 0.8800 -0.4740
vn -0.0009 0.8613 -0.5080
vn -0.0010 0.8614 -0.5080
vn -0.8374 -0.2628 -0.4793
vn 0.5415 -0.4042 -0.7372
vn 0.5415 -0.4043 -0.7372
vn 0.0033 0.4808 0.8768
vn 0.4583 0.8866 0.0634
vn -0.2517 0.6835 -0.6851
vn 0.1912 0.3327 -0.9234
vn 0.1911 0.3327 -0.9234
vn -0.0001 0.7080 -0.7063
vn 0.0013 0.7118 -0.7023
vn 0.9999 -0.0071 -0.0129
vn 0.5442 0.4033 0.7357
vn 0.2518 0.9426 -0.2196
vn 0.2518 0.9425 -0.2196
vn 0.2689 -0.7359 -0.6214
vn -0.0341 0.8821 -0.4699
vn -0.3022 0.2079 -0.9303
vn -0.5270 0.2789 -0.8028
vn 0.0012 0.7809 -0.6247
vn -0.0005 0.8711 -0.4910
vn -0.8606 0.2449 0.4466
vn -0.8652 0.2411 0.4396
vn 0.4365 -0.4326 -0.7889
vn 0.3031 -0.4582 -0.8356
vn 0.9746 0.1078 0.1965
vn -0.0202 0.8254 -0.5642
vn -0.3641 0.7925 -0.4893
vn -0.3277 0.7332 -0.5958
vn 0.7850 -0.5494 -0.2862
vn 0.0007 0.7661 -0.6427
vn 0.6431 -0.4926 -0.5864
vn 0.3424 -0.6041 -0.7196
vn 0.0004 -0.6427 -0.7661
vn -0.3417 -0.6038 -0.7202
vn -0.3417 -0.6039 -0.7202
vn -0.6425 -0.4921 -0.5874
vn -0.3416 -0.6039 -0.7202
vn -0.6425 -0.4922 -0.5874
vn -0.9847 -0.1113 -0.1338
vn -0.8658 -0.3211 -0.3837
vn 0.9847 0.1113 0.1338
vn 0.8658 0.3211 0.3837
vn -0.6431 0.4926 0.5864
vn -0.8662 0.3216 0.3824
vn 0.8662 -0.3217 -0.3824
vn 0.9849 -0.1119 -0.1323
vn -0.3424 0.6041 0.7196
vn -0.0004 0.6427 0.7661
vn 0.8662 -0.3216 -0.3824
vn 0.3417 0.6038 0.7202
vn 0.3417 0.6039 0.7202
vn -0.9849 0.1119 0.1323
vn 0.6425 0.4922 0.5874
vn -0.8662 0.3217 0.3824
vn 0.6425 0.4921 0.5874
vn 0.3416 0.6039 0.7202
vn 0.1969 0.8927 -0.4054
vn -0.0128 0.8501 -0.5265
vn 0.0673 0.9467 -0.3151
vn -0.0996 0.9434 -0.3163
vn -0.0996 0.9434 -0.3162
vn -0.2257 0.8845 -0.4084
vn -0.2520 0.7974 -0.5483
vn -0.1662 0.7230 -0.6706
vn -0.0085 0.6960 -0.7180
vn 0.1474 0.7291 -0.6684
vn 0.2285 0.8067 -0.5449
vn 0.2285 0.8068 -0.5449
vn 0.0712 0.9424 -0.3268
vn 0.1979 0.8858 -0.4197
vn -0.0153 0.8446 -0.5351
vn 0.2249 0.7981 -0.5590
vn 0.0713 0.9424 -0.3268
vn -0.0957 0.9413 -0.3238
vn -0.2247 0.8830 -0.4121
vn -0.0956 0.9413 -0.3238
vn -0.2556 0.7948 -0.5504
vn -0.1738 0.7180 -0.6740
vn -0.0177 0.6885 -0.7250
vn 0.1398 0.7201 -0.6796
vn -0.0176 0.6885 -0.7250
vn -0.3080 0.9507 -0.0363
vn -0.4260 0.8951 -0.1317
vn -0.5138 0.5832 0.6292
vn -0.7633 0.4582 0.4555
vn -0.1813 0.6448 0.7425
vn -0.3081 0.9507 -0.0363
vn -0.0939 0.9955 0.0098
vn -0.1812 0.6448 0.7425
vn 0.1471 0.6599 0.7369
vn -0.0940 0.9955 0.0098
vn 0.0675 0.9968 0.0425
vn -0.5404 0.7896 -0.2907
vn -0.5598 0.7088 -0.4292
vn -0.9353 0.3017 0.1850
vn -0.5598 0.7088 -0.4293
vn -0.9891 0.1207 -0.0841
vn -0.7633 0.4582 0.4554
vn -0.4261 0.8951 -0.1317
vn -0.5598 0.7087 -0.4293
vn -0.5354 0.5827 -0.6114
vn -0.9891 0.1206 -0.0841
vn -0.5353 0.5828 -0.6114
vn -0.9202 -0.0529 -0.3880
vn -0.5354 0.5828 -0.6114
vn -0.4304 0.5333 -0.7283
vn -0.7531 -0.2099 -0.6235
vn -0.2757 0.4342 -0.8576
vn -0.4755 -0.3147 -0.8215
vn -0.1148 0.4364 -0.8924
vn -0.1147 0.4364 -0.8924
vn -0.1657 -0.3788 -0.9105
vn 0.1080 0.4103 -0.9055
vn -0.1656 -0.3789 -0.9105
vn 0.1906 -0.3613 -0.9128
vn 0.1080 0.4103 -0.9056
vn 0.2495 0.4703 -0.8465
vn 0.1906 -0.3612 -0.9128
vn 0.2494 0.4703 -0.8465
vn 0.4983 -0.3070 -0.8108
vn 0.4294 0.5325 -0.7294
vn 0.4984 -0.3070 -0.8108
vn 0.7665 -0.1707 -0.6191
vn 0.4984 -0.3071 -0.8108
vn 0.5024 0.6130 -0.6098
vn 0.5024 0.6130 -0.6097
vn 0.9282 -0.0282 -0.3710
vn 0.5554 0.7176 -0.4203
vn 0.9282 -0.0281 -0.3709
vn 0.9827 0.1678 -0.0779
vn 0.4992 0.8134 -0.2987
vn 0.9228 0.3274 0.2031
vn 0.4003 0.9082 -0.1221
vn 0.9228 0.3274 0.2032
vn 0.4002 0.9083 -0.1221
vn 0.7381 0.4958 0.4576
vn 0.2710 0.9617 -0.0411
vn 0.4846 0.5931 0.6429
vn 0.1471 0.6599 0.7368
vn 0.4846 0.5932 0.6429
vn -0.1662 0.7229 -0.6706
vn 0.1079 0.4103 -0.9056
vn -0.0085 0.6959 -0.7180
vn 0.1474 0.7290 -0.6684
vn 0.5025 0.6130 -0.6098
vn 0.4294 0.5326 -0.7294
vn 0.1896 -0.5149 -0.8360
vn -0.1656 -0.3788 -0.9105
vn -0.1576 -0.5217 -0.8384
vn -0.4755 -0.3148 -0.8215
vn -0.4858 -0.4655 -0.7398
vn -0.7554 -0.3532 -0.5519
vn -0.9339 -0.1983 -0.2974
vn -0.9202 -0.0529 -0.3879
vn 0.1576 0.5217 0.8384
vn -0.1896 0.5149 0.8360
vn 0.1471 0.6598 0.7369
vn -0.9998 -0.0195 -0.0071
vn -0.9998 -0.0194 -0.0071
vn 0.4858 0.4655 0.7398
vn -0.9450 0.1617 0.2841
vn 0.7554 0.3532 0.5519
vn -0.4303 0.5333 -0.7283
vn -0.5353 0.5827 -0.6114
vn -0.9451 0.1617 0.2841
vn -0.7763 0.3234 0.5410
vn 0.9339 0.1983 0.2974
vn 0.7763 -0.3234 -0.5410
vn 0.9451 -0.1617 -0.2841
vn 0.9282 -0.0281 -0.3710
vn -0.5140 0.4461 0.7327
vn 0.9998 0.0195 0.0071
vn 0.9998 0.0194 0.0071
vn -0.1896 0.5150 0.8360
vn 0.9450 -0.1617 -0.2841
vn 0.5140 -0.4461 -0.7327
vn 0.1896 -0.5150 -0.8360
vn -0.2969 0.9541 -0.0388
vn -0.4180 0.8990 -0.1307
vn -0.4906 0.5962 0.6354
vn -0.7459 0.4726 0.4693
vn -0.1547 0.6548 0.7398
vn -0.2970 0.9541 -0.0389
vn -0.1546 0.6548 0.7398
vn -0.0849 0.9963 0.0134
vn -0.2969 0.9541 -0.0389
vn -0.1546 0.6548 0.7399
vn 0.1736 0.6656 0.7259
vn -0.0849 0.9963 0.0133
vn 0.0767 0.9969 0.0180
vn -0.5375 0.7934 -0.2857
vn -0.5614 0.7113 -0.4228
vn -0.9265 0.3155 0.2048
vn -0.9893 0.1324 -0.0608
vn -0.9265 0.3155 0.2049
vn -0.5431 0.5831 -0.6041
vn -0.5431 0.5832 -0.6042
vn -0.9301 -0.0452 -0.3644
vn -0.5431 0.5832 -0.6041
vn -0.4417 0.5311 -0.7231
vn -0.7710 -0.2068 -0.6024
vn -0.4417 0.5312 -0.7230
vn -0.2916 0.4287 -0.8551
vn -0.2915 0.4287 -0.8551
vn -0.4997 -0.3172 -0.8060
vn -0.7709 -0.2068 -0.6024
vn -0.1315 0.4285 -0.8939
vn -0.1930 -0.3861 -0.9020
vn 0.0905 0.3994 -0.9123
vn -0.1930 -0.3862 -0.9020
vn 0.1633 -0.3731 -0.9133
vn 0.2341 0.4583 -0.8574
vn 0.4741 -0.3218 -0.8196
vn 0.2342 0.4583 -0.8574
vn 0.4178 0.5194 -0.7455
vn 0.4741 -0.3218 -0.8195
vn 0.4177 0.5194 -0.7455
vn 0.7487 -0.1869 -0.6361
vn 0.4742 -0.3218 -0.8195
vn 0.4947 0.6001 -0.6286
vn 0.9183 -0.0439 -0.3935
vn 0.4947 0.6002 -0.6285
vn 0.5431 0.7132 -0.4432
vn 0.9183 -0.0438 -0.3935
vn 0.5431 0.7131 -0.4432
vn 0.9825 0.1544 -0.1041
vn 0.5108 0.8012 -0.3116
vn 0.9316 0.3176 0.1767
vn 0.9825 0.1544 -0.1040
vn 0.5109 0.8012 -0.3116
vn 0.4181 0.8985 -0.1339
vn 0.9316 0.3177 0.1767
vn 0.7554 0.4911 0.4338
vn 0.2784 0.9579 -0.0700
vn 0.5079 0.5935 0.6243
vn 0.5079 0.5936 0.6243
vn 0.0766 0.9969 0.0180
vn 0.2249 0.7980 -0.5590
vn 0.1978 0.8858 -0.4197
vn 0.1633 -0.3732 -0.9133
vn 0.1623 -0.5260 -0.8349
vn 0.1623 -0.5261 -0.8348
vn -0.1850 -0.5283 -0.8286
vn -0.5099 -0.4670 -0.7225
vn -0.1850 -0.5284 -0.8286
vn -0.5099 -0.4670 -0.7224
vn -0.7733 -0.3492 -0.5292
vn -0.9435 -0.1894 -0.2720
vn -0.7733 -0.3493 -0.5292
vn 0.1850 0.5283 0.8286
vn -0.1623 0.5260 0.8349
vn 0.1736 0.6655 0.7259
vn -0.9356 0.1767 0.3057
vn -0.9998 -0.0068 0.0179
vn 0.7733 0.3493 0.5291
vn 0.5099 0.4670 0.7225
vn 0.7554 0.4910 0.4338
vn -0.9998 -0.0067 0.0179
vn 0.1850 0.5284 0.8286
vn 0.5099 0.4669 0.7225
vn 0.1737 0.6656 0.7259
vn 0.1737 0.6655 0.7259
vn -0.4417 0.5312 -0.7231
vn -0.5431 0.5831 -0.6042
vn -0.7585 0.3389 0.5566
vn 0.7733 0.3493 0.5292
vn 0.9435 0.1894 0.2720
vn -0.4899 0.4602 0.7404
vn 0.9998 0.0068 -0.0179
vn 0.9998 0.0067 -0.0179
vn -0.4906 0.5962 0.6355
vn 0.9356 -0.1767 -0.3057
vn 0.7585 -0.3389 -0.5566
vn 0.7486 -0.1869 -0.6361
vn 0.4899 -0.4602 -0.7404
vn -0.0153 0.8799 -0.4749
vn -0.0153 0.8799 -0.4748
vn -0.0103 0.8777 -0.4791
vn -0.0124 0.8727 -0.4881
vn -0.0105 0.8698 -0.4932
vn -0.0153 0.8666 -0.4988
vn -0.0155 0.8649 -0.5018
vn -0.0156 0.8649 -0.5017
vn -0.0153 0.8656 -0.5006
vn -0.0136 0.8619 -0.5069
vn -0.0135 0.8619 -0.5069
vn 0.0097 0.8649 -0.5019
vn 0.0183 0.8730 -0.4875
vn 0.0103 0.8763 -0.4817
vn 0.0102 0.8763 -0.4816
vn -0.0173 0.8837 -0.4678
vn 0.0423 -0.2623 0.9640
vn 0.3233 -0.1446 0.9352
vn 0.2920 -0.2651 0.9190
vn 0.4927 -0.3567 0.7937
vn 0.7284 -0.3301 0.6004
vn 0.6577 -0.4327 0.6166
vn 0.7125 -0.5694 0.4101
vn 0.7926 -0.5985 0.1162
vn 0.7157 -0.6750 0.1794
vn 0.7926 -0.5986 0.1161
vn 0.5989 -0.8008 -0.0073
vn 0.7157 -0.6750 0.1795
vn 0.4388 -0.8787 -0.1880
vn 0.4859 -0.8242 -0.2909
vn 0.2051 -0.9427 -0.2633
vn -0.2847 -0.9286 -0.2380
vn -0.5596 -0.7942 -0.2368
vn -0.5053 -0.8516 -0.1392
vn -0.5597 -0.7942 -0.2368
vn -0.6412 -0.7653 0.0568
vn -0.7308 -0.6335 0.2543
vn -0.6412 -0.7652 0.0568
vn -0.8093 -0.5527 0.1990
vn -0.6412 -0.7653 0.0567
vn -0.5596 -0.7942 -0.2367
vn -0.7307 -0.6335 0.2542
vn -0.8093 -0.5526 0.1990
vn -0.6978 -0.5290 0.4830
vn -0.6143 -0.3962 0.6824
vn -0.6803 -0.2898 0.6732
vn -0.4278 -0.3304 0.8413
vn -0.0434 -0.9485 -0.3139
vn -0.0481 -0.9014 -0.4302
vn -0.0481 -0.9014 -0.4303
vn -0.2846 -0.9286 -0.2380
vn 0.4388 -0.8787 -0.1881
vn 0.4860 -0.8242 -0.2908
vn 0.5989 -0.8008 -0.0074
vn 0.4860 -0.8241 -0.2908
vn -0.0480 -0.9014 -0.4303
vn 0.6577 -0.4326 0.6167
vn 0.7284 -0.3302 0.6003
vn 0.7926 -0.5986 0.1162
vn 0.2919 -0.2651 0.9190
vn 0.3234 -0.1446 0.9352
vn 0.4926 -0.3567 0.7937
vn 0.7284 -0.3302 0.6004
vn 0.4926 -0.3567 0.7938
vn -0.2104 -0.2507 0.9449
vn -0.2330 -0.1286 0.9639
vn 0.3233 -0.1445 0.9352
vn 0.0423 -0.2623 0.9641
vn -0.2103 -0.2507 0.9449
vn -0.4278 -0.3303 0.8414
vn -0.6978 -0.5289 0.4831
vn -0.2271 0.9004 0.3711
vn -0.2113 0.9325 0.2928
vn -0.6632 0.7433 0.0876
vn -0.6171 0.7864 0.0290
vn -0.0590 -0.4840 -0.8731
vn -0.0590 -0.4839 -0.8731
vn -0.6869 -0.3523 -0.6356
vn -0.8340 0.2235 0.5045
vn -0.6887 0.7145 0.1229
vn -0.9717 0.0696 0.2258
vn -0.7594 0.6343 -0.1450
vn -0.9717 0.0695 0.2258
vn -0.5053 -0.8516 -0.1393
vn -0.6860 -0.3948 -0.6111
vn -0.8930 -0.2595 -0.3678
vn -0.6861 -0.3948 -0.6111
vn 0.3152 0.8849 0.3430
vn 0.2933 0.9181 0.2667
vn -0.2271 0.9004 0.3710
vn -0.9933 -0.0558 -0.1008
vn -0.6869 -0.3523 -0.6357
vn -0.4656 0.8504 0.2450
vn -0.5958 0.3461 0.7248
vn -0.5957 0.3461 0.7248
vn -0.3964 -0.4870 -0.7783
vn 0.7101 0.7040 0.0166
vn 0.6607 0.7497 -0.0370
vn -0.8350 0.2668 0.4813
vn -0.9933 -0.0559 -0.1008
vn -0.2856 0.4210 0.8609
vn -0.2359 0.8777 0.4172
vn -0.0434 -0.9484 -0.3139
vn -0.0589 -0.5263 -0.8483
vn -0.0590 -0.5263 -0.8482
vn 0.7124 -0.5694 0.4101
vn 0.8929 0.1739 0.4152
vn 0.9922 0.0132 0.1243
vn 0.8929 0.1740 0.4152
vn 0.5328 0.6703 -0.5165
vn 0.4896 0.8507 -0.1910
vn 0.7190 0.5063 -0.4762
vn 0.7189 0.5063 -0.4762
vn -0.2860 0.4646 0.8381
vn -0.8350 0.2668 0.4812
vn 0.0461 0.9244 0.3785
vn 0.0589 0.4408 0.8957
vn -0.2358 0.8777 0.4172
vn 0.0590 0.4408 0.8957
vn 0.6518 0.3384 -0.6787
vn 0.8024 0.4019 -0.4411
vn 0.8340 -0.3090 -0.4571
vn 0.9717 -0.1550 -0.1784
vn 0.2856 -0.5065 -0.8135
vn -0.0590 -0.5263 -0.8483
vn 0.6861 0.3094 0.6585
vn 0.6577 -0.4326 0.6166
vn -0.0436 0.2315 -0.9718
vn -0.0323 0.4667 -0.8838
vn 0.4408 0.3016 -0.8454
vn 0.3267 0.5186 -0.7901
vn 0.3969 0.4450 0.8028
vn 0.3969 0.4451 0.8028
vn 0.8940 0.2172 0.3918
vn 0.5362 0.8217 0.1932
vn 0.3274 0.8615 0.3881
vn 0.6860 0.3093 0.6585
vn 0.3964 0.4015 0.8256
vn 0.6860 0.3094 0.6585
vn 0.2232 0.1840 -0.9572
vn 0.4920 0.1735 -0.8531
vn 0.2856 -0.5066 -0.8135
vn 0.5957 -0.4316 -0.6774
vn 0.2920 -0.2650 0.9190
vn 0.3964 0.4015 0.8257
vn 0.3267 0.5187 -0.7901
vn -0.2329 -0.1286 0.9639
vn -0.2859 0.4646 0.8381
vn 0.4926 -0.3568 0.7938
vn -0.5076 0.3288 -0.7964
vn -0.3762 0.5388 -0.7538
vn -0.0436 0.2316 -0.9718
vn 0.7726 0.4423 -0.4554
vn 0.7101 0.7039 0.0166
vn 0.8930 0.1740 0.4152
vn 0.7374 0.6736 0.0491
vn 0.6861 0.3093 0.6585
vn -0.0487 0.0953 -0.9943
vn -0.2104 -0.2506 0.9449
vn 0.0423 -0.2624 0.9640
vn -0.2856 0.4211 0.8609
vn -0.7341 0.5479 -0.4011
vn -0.5440 0.7012 -0.4608
vn -0.5441 0.7012 -0.4608
vn 0.4737 0.2224 -0.8521
vn 0.7754 0.5903 -0.2243
vn -0.3098 0.1993 -0.9297
vn 0.9922 0.0132 0.1242
vn -0.2104 -0.2506 0.9450
vn -0.6171 0.7864 0.0291
vn -0.4573 0.8779 -0.1420
vn -0.0469 0.1471 -0.9880
vn 0.7754 0.5902 -0.2244
vn 0.9922 0.0133 0.1243
vn -0.5665 0.2039 -0.7984
vn -0.5666 0.2039 -0.7984
vn -0.1566 0.9862 0.0534
vn -0.5455 0.2516 -0.7994
vn -0.0469 0.1470 -0.9880
vn 0.9728 -0.1122 -0.2025
vn 0.8940 0.2172 0.3919
vn -0.6979 0.3771 -0.6089
vn 0.2173 0.9755 0.0341
vn -0.2114 0.9325 0.2928
vn 0.2173 0.9755 0.0340
vn -0.7889 0.4871 -0.3746
vn 0.4860 -0.8242 -0.2909
vn 0.5964 -0.3891 -0.7020
vn 0.9728 -0.1122 -0.2024
vn 0.5964 -0.3892 -0.7020
vn -0.9921 -0.0987 -0.0769
vn -0.8193 0.4484 -0.3572
vn -0.7308 -0.6335 0.2542
vn -0.6977 -0.5290 0.4830
vn -0.6978 -0.5290 0.4831
vn 0.2174 0.9755 0.0340
vn 0.4860 -0.8241 -0.2909
vn -0.8193 0.4484 -0.3573
vn -0.0233 0.9077 -0.4191
vn 0.0017 0.8895 -0.4568
vn 0.0316 0.9061 -0.4218
vn 0.0461 0.9244 0.3786
vn 0.0018 0.8895 -0.4569
vn 0.8025 0.4019 -0.4411
vn 0.0750 0.8632 -0.4992
vn 0.0179 0.8684 -0.4956
vn 0.0751 0.8632 -0.4992
vn 0.4919 0.1735 -0.8532
vn 0.0453 0.8418 -0.5379
vn 0.0453 0.8418 -0.5378
vn 0.0180 0.8684 -0.4955
vn 0.0049 0.8640 -0.5034
vn -0.0041 0.8401 -0.5425
vn -0.0486 0.0953 -0.9943
vn -0.0041 0.8400 -0.5425
vn -0.0076 0.8644 -0.5027
vn -0.0525 0.8446 -0.5328
vn -0.0525 0.8446 -0.5327
vn -0.0193 0.8695 -0.4935
vn -0.8193 0.4485 -0.3572
vn -0.0768 0.8676 -0.4913
vn -0.6978 0.3771 -0.6089
vn -0.0208 0.8767 -0.4806
vn -0.6887 0.7145 0.1228
vn -0.0648 0.8924 -0.4465
vn -0.0648 0.8925 -0.4465
vn -0.0207 0.8767 -0.4806
vn -0.6888 0.7145 0.1228
vn -0.0130 0.8822 -0.4707
vn -0.0233 0.9077 -0.4190
vn -0.0131 0.8822 -0.4707
vn 0.3273 0.8615 0.3881
vn 0.0148 0.8815 -0.4719
vn 0.0692 0.8887 -0.4533
vn 0.0692 0.8886 -0.4533
vn 0.0148 0.8815 -0.4720
vn 0.0213 0.8755 -0.4827
vn 0.7754 0.5903 -0.2244
vn 0.1738 0.3926 -0.9031
vn -0.0306 0.4962 -0.8677
vn 0.1739 0.3926 -0.9031
vn 0.0317 0.9061 -0.4218
vn -0.2423 0.4051 -0.8816
vn -0.4295 0.8860 -0.1746
vn -0.4295 0.8860 -0.1747
vn -0.5913 0.7603 -0.2689
vn 0.0751 0.8633 -0.4991
vn -0.3610 0.9322 0.0276
vn -0.3610 0.9322 0.0275
vn 0.0179 0.8684 -0.4955
vn 0.0049 0.8641 -0.5034
vn -0.1484 0.9889 0.0051
vn 0.0454 0.8418 -0.5378
vn 0.0355 0.9899 0.1376
vn 0.0050 0.8641 -0.5034
vn -0.0040 0.8401 -0.5425
vn 0.2050 0.9787 -0.0127
vn -0.0077 0.8645 -0.5027
vn -0.0526 0.8447 -0.5327
vn 0.4154 0.9096 -0.0112
vn 0.4604 0.8600 -0.2200
vn -0.0193 0.8696 -0.4935
vn 0.6048 0.7250 -0.3295
vn 0.5046 0.6859 -0.5243
vn -0.0207 0.8767 -0.4805
vn 0.5046 0.6859 -0.5244
vn -0.0648 0.8925 -0.4464
vn 0.5126 0.5199 -0.6833
vn 0.5046 0.6858 -0.5244
vn -0.0647 0.8925 -0.4464
vn -0.0130 0.8822 -0.4706
vn 0.3101 0.5371 -0.7845
vn -0.0233 0.9076 -0.4191
vn -0.0234 0.9076 -0.4191
vn 0.3100 0.5371 -0.7845
vn -0.3574 0.5571 -0.7496
vn -0.3573 0.5571 -0.7496
vn 0.0316 0.9062 -0.4218
vn -0.5480 0.5517 -0.6288
vn -0.5145 0.7161 -0.4717
vn 0.0693 0.8887 -0.4533
vn 0.0212 0.8755 -0.4828
vn -0.5145 0.7160 -0.4717
vn 0.0212 0.8755 -0.4827
vn -0.0000 0.8746 -0.4848
vn 0.1738 0.3926 -0.9032
vn 0.0003 0.8749 -0.4843
vn 0.3101 0.5371 -0.7844
vn 0.0005 0.8741 -0.4857
vn -0.0007 0.8742 -0.4855
vn 0.5126 0.5200 -0.6833
vn -0.0002 0.8750 -0.4842
vn -0.0002 0.8749 -0.4842
vn 0.0011 0.8744 -0.4852
vn -0.0001 0.8741 -0.4858
vn -0.0006 0.8748 -0.4845
vn -0.0005 0.8748 -0.4845
vn 0.0011 0.8748 -0.4845
vn 0.0007 0.8742 -0.4856
vn -0.0007 0.8746 -0.4849
vn -0.0008 0.8746 -0.4849
vn 0.0006 0.8751 -0.4839
vn 0.0011 0.8745 -0.4850
vn 0.0354 0.9899 0.1376
vn -0.0005 0.8744 -0.4852
vn -0.0005 0.8744 -0.4853
vn -0.0001 0.8752 -0.4838
vn 0.0010 0.8749 -0.4844
vn -0.0001 0.8743 -0.4854
vn -0.0009 0.8750 -0.4841
vn 0.0004 0.8751 -0.4839
vn 0.0004 0.8743 -0.4853
vn -0.0012 0.8747 -0.4847
vn -0.0003 0.8751 -0.4839
vn 0.0007 0.8745 -0.4850
vn -0.0009 0.8743 -0.4854
vn -0.0009 0.8749 -0.4843
vn 0.0006 0.8748 -0.4845
vn -0.0305 0.4962 -0.8677
vn -0.0003 0.8741 -0.4858
vn -0.0011 0.8746 -0.4849
vn 0.0000 0.8739 -0.4862
vn -0.8140 -0.4731 -0.3370
vn -0.8412 -0.4721 -0.2636
vn -0.7729 -0.5230 -0.3593
vn -0.8412 -0.4721 -0.2637
vn -0.7976 -0.5449 -0.2588
vn -0.9955 -0.0019 -0.0942
vn -0.9986 0.0023 -0.0536
vn -0.9929 -0.0662 -0.0984
vn -0.9975 -0.0594 -0.0381
vn 0.0377 0.3077 -0.9507
vn 0.1191 0.3583 -0.9260
vn 0.0619 0.1511 -0.9866
vn 0.0618 0.1511 -0.9866
vn 0.1380 0.1806 -0.9738
vn 0.0330 0.3714 -0.9279
vn 0.1194 0.3957 -0.9106
vn 0.1194 0.3958 -0.9106
vn -0.9709 -0.2126 -0.1101
vn -0.9755 -0.2169 -0.0363
vn -0.9462 -0.2984 -0.1251
vn -0.9477 -0.3170 -0.0384
vn 0.1191 0.4013 -0.9082
vn 0.0339 0.3905 -0.9200
vn -0.9324 -0.2646 -0.2462
vn -0.9610 -0.1771 -0.2123
vn -0.9395 -0.2738 -0.2060
vn -0.9652 -0.1894 -0.1805
vn 0.0340 0.3905 -0.9200
vn 0.0396 0.4019 -0.9148
vn 0.0396 0.4018 -0.9149
vn 0.1175 0.4068 -0.9059
vn 0.1059 0.4413 -0.8911
vn 0.1175 0.4069 -0.9059
vn 0.0362 0.4510 -0.8918
vn -0.2448 -0.0744 0.9667
vn -0.2887 -0.0977 0.9524
vn -0.2076 -0.3336 0.9196
vn -0.2588 -0.3355 0.9058
vn 0.0736 0.5656 -0.8214
vn 0.1059 0.4412 -0.8911
vn 0.0242 0.5615 -0.8272
vn 0.0242 0.5614 -0.8272
vn 0.0363 0.4510 -0.8918
vn -0.9845 -0.1412 -0.1045
vn -0.9888 -0.1427 -0.0445
vn -0.9709 -0.2127 -0.1101
vn -0.2440 -0.4227 0.8728
vn -0.1853 -0.4134 0.8915
vn -0.9762 -0.1032 -0.1908
vn -0.9773 -0.1261 -0.1701
vn -0.1741 -0.4560 0.8728
vn -0.2268 -0.4766 0.8494
vn -0.9055 -0.3953 -0.1544
vn -0.8983 -0.4339 -0.0690
vn -0.8529 -0.4870 -0.1882
vn -0.8347 -0.5378 -0.1189
vn -0.1623 -0.5162 0.8410
vn -0.2197 -0.5343 0.8162
vn -0.2267 -0.4766 0.8494
vn -0.8864 -0.3612 -0.2895
vn -0.8992 -0.3658 -0.2400
vn -0.1173 -0.6548 0.7466
vn -0.1623 -0.5162 0.8409
vn -0.1776 -0.6395 0.7480
vn -0.1776 -0.6396 0.7479
vn -0.1485 0.9882 0.0377
vn -0.1017 0.9770 -0.1874
vn -0.1855 0.9825 0.0157
vn -0.1406 0.9659 -0.2174
vn -0.2196 0.9591 0.1784
vn -0.2590 0.8814 0.3950
vn -0.1790 0.9661 0.1858
vn -0.1790 0.9661 0.1859
vn -0.2180 0.8917 0.3967
vn -0.2992 0.6257 0.7204
vn -0.2559 0.6531 0.7127
vn -0.2844 0.7816 0.5553
vn -0.2844 0.7816 0.5552
vn -0.2559 0.6531 0.7128
vn -0.2402 0.7970 0.5542
vn -0.2402 0.7970 0.5541
vn -0.9847 0.0456 -0.1681
vn -0.9913 0.0114 -0.1310
vn -0.9841 -0.0070 -0.1775
vn -0.9871 -0.0482 -0.1528
vn -0.9929 0.0888 -0.0787
vn -0.9949 0.0775 -0.0639
vn -0.9949 0.0529 -0.0858
vn -0.9972 0.0507 -0.0550
vn -0.9929 -0.0662 -0.0983
vn -0.9975 -0.0594 -0.0382
vn -0.9844 -0.1412 -0.1045
vn -0.9762 -0.1031 -0.1908
vn -0.8046 -0.5527 -0.2171
vn -0.7919 -0.5840 -0.1781
vn -0.7919 -0.5841 -0.1781
vn 0.1145 -0.6942 -0.7106
vn 0.1829 -0.6914 -0.6989
vn 0.1050 -0.8137 -0.5717
vn 0.1643 -0.8094 -0.5639
vn 0.1956 -0.5113 -0.8369
vn 0.1181 -0.4984 -0.8589
vn 0.1807 -0.1361 -0.9741
vn 0.1180 -0.4984 -0.8589
vn 0.1015 -0.1399 -0.9849
vn 0.0837 -0.9941 -0.0693
vn 0.0579 -0.9964 0.0623
vn 0.0223 -0.9987 -0.0448
vn 0.0580 -0.9964 0.0623
vn -0.0126 -0.9949 0.1001
vn -0.1162 -0.8030 0.5846
vn -0.0608 -0.9525 0.2982
vn -0.0625 -0.8180 0.5718
vn -0.0608 -0.9526 0.2982
vn 0.0131 -0.9705 0.2406
vn 0.0131 -0.9705 0.2407
vn 0.0453 -0.9819 -0.1839
vn 0.0837 -0.9941 -0.0694
vn 0.1025 -0.9723 -0.2099
vn 0.1956 -0.5113 -0.8368
vn 0.0853 -0.8956 -0.4366
vn 0.1459 -0.8892 -0.4337
vn 0.0692 -0.9473 -0.3127
vn 0.0691 -0.9473 -0.3127
vn 0.1230 -0.9376 -0.3253
vn -0.0178 0.7503 -0.6608
vn -0.0959 0.8993 -0.4267
vn 0.0180 0.7496 -0.6617
vn -0.0959 0.8993 -0.4266
vn -0.0568 0.9192 -0.3897
vn -0.2658 0.4960 0.8266
vn -0.3107 0.4497 0.8374
vn -0.2629 0.2112 0.9414
vn -0.3107 0.4498 0.8374
vn -0.3044 0.1872 0.9340
vn -0.0178 0.7503 -0.6609
vn -0.3045 0.1872 0.9340
vn -0.2991 0.6257 0.7204
vn -0.2659 0.4959 0.8267
vn -0.2658 0.4960 0.8267
vn -0.9848 0.0526 -0.1654
vn -0.9851 0.0576 -0.1622
vn -0.9924 0.0555 -0.1102
vn -0.9924 0.0555 -0.1103
vn -0.9921 0.0774 -0.0985
vn -0.7729 -0.5230 -0.3594
vn -0.7976 -0.5449 -0.2587
vn -0.7660 -0.5437 -0.3430
vn -0.7579 -0.5970 -0.2630
vn -0.7631 -0.6034 -0.2317
vn -0.7627 -0.6121 -0.2088
vn -0.7939 -0.5624 -0.2313
vn -0.7903 -0.5459 -0.2782
vn -0.7472 -0.6156 -0.2504
vn -0.7692 -0.5504 -0.3247
vn -0.7465 -0.6243 -0.2301
vn -0.7495 -0.6208 -0.2300
vn -0.7631 -0.6033 -0.2317
vn -0.7885 -0.5714 -0.2276
vn -0.7831 -0.5828 -0.2169
vn -0.7580 -0.5970 -0.2629
vn -0.9848 0.0526 -0.1653
vn -0.9923 0.0555 -0.1103
vn -0.9922 0.0522 -0.1131
vn -0.9944 0.0611 -0.0861
vn -0.9967 0.0409 -0.0705
vn -0.9997 0.0138 -0.0204
vn -0.9949 0.0775 -0.0638
vn -0.9996 0.0289 -0.0016
vn -0.9462 -0.2983 -0.1251
vn 0.1643 -0.8093 -0.5639
vn 0.0454 -0.9819 -0.1839
vn 0.1230 -0.9376 -0.3252
vn -0.9955 -0.0019 -0.0943
vn -0.9929 -0.0663 -0.0984
vn -0.9773 -0.1261 -0.1702
vn -0.9652 -0.1894 -0.1804
vn -0.7472 -0.6157 -0.2504
vn -0.7580 -0.5970 -0.2630
vn -0.9996 0.0265 0.0100
vn -0.9996 0.0036 0.0272
vn -0.9981 -0.0580 0.0223
vn -0.9905 -0.1367 0.0123
vn -0.9755 -0.2169 -0.0364
vn -0.9776 -0.2088 0.0253
vn -0.9776 -0.2088 0.0254
vn -0.9455 -0.3254 0.0129
vn -0.8983 -0.4339 -0.0691
vn -0.8833 -0.4679 -0.0304
vn -0.8347 -0.5378 -0.1190
vn -0.8091 -0.5847 -0.0593
vn -0.7659 -0.6382 -0.0778
vn -0.7654 -0.6333 -0.1146
vn -0.7659 -0.6382 -0.0777
vn -0.7739 -0.6170 -0.1430
vn -0.7627 -0.6122 -0.2088
vn -0.7766 -0.6007 -0.1898
vn -0.7938 -0.5624 -0.2313
vn -0.7884 -0.5715 -0.2276
vn -0.9854 0.0430 -0.1646
vn -0.9854 0.0429 -0.1646
vn -0.8241 0.5536 -0.1197
vn -0.8344 0.5507 -0.0228
vn -0.8334 0.5517 0.0314
vn -0.8609 0.4988 0.0999
vn -0.8334 0.5518 0.0315
vn -0.8650 0.4700 0.1755
vn -0.2590 0.8814 0.3951
vn -0.2843 0.7816 0.5553
vn -0.8849 0.3905 0.2538
vn -0.8794 0.3191 0.3534
vn -0.8793 0.3192 0.3534
vn -0.8941 0.1565 0.4197
vn -0.2888 -0.0977 0.9524
vn -0.8846 -0.0630 0.4620
vn -0.8847 -0.0630 0.4620
vn -0.8338 -0.2910 0.4691
vn -0.8338 -0.2911 0.4691
vn -0.8176 -0.3930 0.4208
vn -0.2267 -0.4766 0.8493
vn -0.7711 -0.4976 0.3972
vn -0.2267 -0.4767 0.8493
vn -0.7455 -0.5971 0.2961
vn -0.2268 -0.4766 0.8493
vn -0.6485 -0.7279 0.2226
vn -0.5751 -0.8141 0.0807
vn -0.6485 -0.7280 0.2226
vn -0.0608 -0.9525 0.2983
vn -0.5314 -0.8430 -0.0838
vn -0.5313 -0.8430 -0.0838
vn -0.4939 -0.8561 -0.1521
vn -0.4681 -0.8626 -0.1920
vn -0.4803 -0.8430 -0.2424
vn -0.4802 -0.8430 -0.2424
vn -0.4517 -0.8406 -0.2990
vn -0.4648 -0.8143 -0.3477
vn -0.4647 -0.8143 -0.3477
vn 0.1049 -0.8138 -0.5717
vn -0.4388 -0.8025 -0.4042
vn -0.4530 -0.7705 -0.4485
vn -0.4655 -0.7146 -0.5222
vn 0.1016 -0.1399 -0.9849
vn -0.4863 -0.5659 -0.6658
vn -0.5753 -0.3951 -0.7162
vn -0.6785 -0.1725 -0.7141
vn 0.0330 0.3713 -0.9279
vn -0.6785 -0.1724 -0.7140
vn -0.7168 0.0197 -0.6970
vn -0.7411 0.1330 -0.6581
vn -0.7174 0.2047 -0.6660
vn -0.7173 0.2047 -0.6660
vn 0.0363 0.4509 -0.8918
vn -0.7173 0.2046 -0.6660
vn -0.7625 0.2814 -0.5827
vn -0.7625 0.2813 -0.5826
vn 0.0242 0.5615 -0.8271
vn -0.7625 0.2813 -0.5827
vn -0.7068 0.4280 -0.5632
vn -0.7069 0.4280 -0.5632
vn -0.7791 0.5076 -0.3680
vn -0.0177 0.7503 -0.6608
vn -0.7916 0.5655 -0.2314
vn -0.7916 0.5656 -0.2314
vn -0.8242 0.5536 -0.1197
vn -0.7711 -0.4976 0.3973
vn -0.8864 -0.3612 -0.2894
vn -0.6484 -0.7280 0.2226
vn -0.5751 -0.8141 0.0806
vn -0.4864 -0.5659 -0.6658
vn -0.4864 -0.5658 -0.6658
vn -0.4655 -0.7146 -0.5221
vn -0.5753 -0.3951 -0.7161
vn -0.5753 -0.3952 -0.7162
vn -0.6785 -0.1725 -0.7140
vn -0.8090 -0.5847 -0.0593
vn -0.9455 -0.3254 0.0130
vn -0.7411 0.1331 -0.6580
vn -0.7174 0.2046 -0.6660
vn -0.7624 0.2813 -0.5827
vn -0.9996 0.0036 0.0273
vn -0.7069 0.4280 -0.5631
vn -0.7791 0.5076 -0.3679
vn -0.8242 0.5536 -0.1196
vn -0.8241 0.5536 -0.1196
vn -0.8334 0.5517 0.0315
vn -0.8609 0.4988 0.1000
vn -0.9854 0.0429 -0.1647
vn -0.8650 0.4700 0.1756
vn -0.9848 0.0527 -0.1654
vn -0.8793 0.3191 0.3534
usemtl skel:controller_materials:controllerMTL
s 1
f 863/1/1 500/2/2 499/3/3
f 500/2/2 74/4/4 499/3/3
f 61/5/5 294/6/6 536/7/7
f 294/6/8 293/8/9 536/7/7
f 536/7/7 295/9/10 59/10/11
f 295/9/10 287/11/12 59/10/13
f 855/12/14 853/13/15 891/14/16
f 853/13/15 524/15/17 891/14/16
f 113/16/18 153/17/19 186/18/20
f 153/17/21 513/19/22 186/18/20
f 538/20/23 512/21/24 500/2/2
f 512/21/24 188/22/25 500/2/2
f 882/23/26 282/24/27 883/25/28
f 282/24/29 502/26/30 883/25/28
f 884/27/31 890/28/32 888/29/33
f 890/28/32 889/30/34 888/29/33
f 155/31/35 861/32/36 157/33/37
f 861/32/38 187/34/39 157/33/37
f 864/35/40 532/36/41 8/37/42
f 532/36/41 538/20/23 8/37/42
f 515/38/43 186/18/20 154/39/44
f 186/18/20 513/19/22 154/39/44
f 156/40/45 102/41/46 192/42/47
f 102/41/46 862/43/48 192/42/47
f 154/39/44 182/44/49 515/38/43
f 182/44/50 183/45/51 515/38/52
f 534/46/53 865/47/54 535/48/55
f 865/47/54 3/49/56 535/48/55
f 154/39/44 513/19/22 94/50/57
f 513/19/58 184/51/59 94/50/57
f 74/4/60 17/52/61 499/3/3
f 17/52/62 2/53/63 499/3/3
f 184/51/64 92/54/65 185/55/66
f 92/54/65 512/21/24 185/55/67
f 60/56/68 291/57/69 64/58/70
f 291/57/71 61/5/72 64/58/70
f 246/59/73 258/60/74 248/61/75
f 258/60/74 256/62/76 248/61/75
f 881/63/77 549/64/78 882/23/26
f 549/64/78 282/24/29 882/23/26
f 283/65/79 245/66/80 158/67/81
f 245/66/80 866/68/82 158/67/81
f 868/69/83 878/70/84 138/71/85
f 878/70/84 114/72/86 138/71/87
f 287/11/88 285/73/89 59/10/13
f 285/73/89 289/74/90 59/10/91
f 551/75/92 249/76/93 246/59/94
f 289/74/90 285/73/89 288/77/95
f 285/73/89 286/78/96 288/77/97
f 892/79/98 893/80/99 247/81/100
f 893/80/101 146/82/102 247/81/100
f 251/83/103 283/65/104 252/84/105
f 283/65/106 892/79/107 252/84/108
f 247/81/109 254/85/110 892/79/107
f 254/85/111 252/84/112 892/79/107
f 183/45/51 112/86/113 514/87/114
f 112/86/113 516/88/115 514/87/114
f 112/86/113 553/89/116 516/88/115
f 553/89/116 517/90/117 516/88/115
f 296/91/118 61/5/72 291/57/71
f 60/56/68 284/92/119 291/57/71
f 241/93/120 243/94/121 294/6/122
f 243/94/121 293/8/123 294/6/122
f 237/95/124 284/92/125 236/96/126
f 284/92/127 899/97/128 236/96/126
f 237/95/129 239/98/130 284/92/125
f 239/98/130 291/57/131 284/92/125
f 499/3/3 511/99/132 863/1/133
f 178/100/134 176/101/135 541/102/136
f 176/101/135 546/103/137 541/102/136
f 525/104/138 686/105/139 491/106/140
f 686/105/141 694/107/142 491/106/143
f 684/108/144 685/109/145 498/110/146
f 685/109/145 526/111/147 498/110/146
f 694/107/148 586/112/149 491/106/140
f 586/112/149 488/113/150 491/106/143
f 684/108/151 498/110/146 560/114/152
f 498/110/146 496/115/153 560/114/152
f 107/116/154 122/117/155 848/118/156
f 850/119/157 120/120/158 851/121/159
f 120/120/158 914/122/160 851/121/159
f 843/123/161 105/124/162 116/125/163
f 116/125/163 118/126/164 843/123/161
f 118/126/165 840/127/166 843/123/161
f 854/128/167 858/129/168 523/130/169
f 858/129/168 521/131/170 523/130/169
f 860/132/171 857/133/172 174/134/173
f 857/133/172 911/135/174 174/134/175
f 860/132/171 174/134/173 858/129/168
f 843/123/161 844/136/176 105/124/162
f 844/136/177 119/137/178 105/124/162
f 840/127/166 118/126/165 845/138/179
f 118/126/164 117/139/180 845/138/179
f 845/138/179 117/139/180 841/140/181
f 117/139/180 107/116/154 841/140/181
f 848/118/182 122/117/155 849/141/183
f 122/117/155 123/142/184 849/141/183
f 851/121/159 914/122/185 852/143/186
f 914/122/185 913/144/187 852/143/186
f 171/145/188 175/146/189 903/147/190
f 175/146/189 904/148/191 903/147/190
f 233/149/192 838/150/193 836/151/194
f 365/152/195 837/153/196 835/154/197
f 521/131/170 174/134/198 520/155/199
f 174/134/200 168/156/201 520/155/202
f 854/128/167 523/130/169 853/13/203
f 523/130/169 524/15/204 853/13/15
f 859/157/205 103/158/206 847/159/207
f 103/158/206 159/160/208 847/159/207
f 159/160/208 99/161/209 847/159/207
f 99/161/209 846/162/210 847/159/207
f 842/163/211 846/162/212 119/137/178
f 846/162/212 99/161/209 119/137/178
f 412/164/213 829/165/214 831/166/215
f 828/167/216 481/168/217 450/169/218
f 481/168/219 392/170/220 450/169/218
f 829/165/214 481/168/217 830/171/221
f 39/172/222 47/173/223 18/174/224
f 47/173/223 46/175/225 18/174/224
f 90/176/226 56/177/227 289/74/90
f 56/177/228 59/10/13 289/74/90
f 153/17/229 190/178/230 92/179/65
f 190/178/231 189/180/232 92/179/65
f 175/146/233 172/181/234 904/148/191
f 172/181/234 905/182/235 904/148/236
f 553/89/116 552/183/237 517/90/117
f 552/183/237 518/184/238 517/90/117
f 556/185/239 555/186/240 520/155/202
f 555/186/240 521/131/170 520/155/199
f 161/187/241 164/188/242 109/189/243
f 164/188/242 133/190/244 109/189/243
f 132/191/245 100/192/246 173/193/247
f 100/192/246 163/194/248 173/193/247
f 148/195/249 115/196/250 179/197/251
f 115/196/250 177/198/252 179/197/251
f 530/199/253 7/200/254 531/201/255
f 7/200/254 58/202/256 531/201/255
f 535/48/55 3/49/56 527/203/257
f 3/49/56 54/204/258 527/203/257
f 33/205/259 4/206/260 34/207/261
f 4/206/262 14/208/263 34/207/264
f 64/58/70 63/209/265 60/56/266
f 63/209/265 9/210/267 60/56/68
f 269/211/268 268/212/269 251/83/270
f 268/212/271 250/213/272 251/83/270
f 240/214/273 244/215/274 279/216/275
f 244/215/274 280/217/276 279/216/275
f 239/98/130 242/218/277 291/57/131
f 242/218/277 296/91/278 291/57/131
f 208/219/279 197/220/280 312/221/281
f 197/220/280 314/222/282 312/221/283
f 203/223/284 335/224/285 216/225/286
f 335/224/285 337/226/287 216/225/286
f 344/227/288 211/228/289 343/229/290
f 211/228/289 305/230/291 343/229/292
f 350/231/293 312/221/283 347/232/294
f 312/221/283 209/233/295 347/232/294
f 321/234/296 206/235/297 356/236/298
f 206/235/297 353/237/299 356/236/300
f 364/238/301 362/239/302 336/240/303
f 362/239/304 227/241/305 336/240/303
f 520/155/199 168/156/201 519/242/306
f 168/156/201 170/243/307 519/242/308
f 388/244/309 426/245/310 377/246/311
f 426/245/310 425/247/312 377/246/311
f 383/248/313 372/249/314 445/250/315
f 372/249/314 443/251/316 445/250/315
f 459/252/317 458/253/318 421/254/319
f 458/253/320 393/255/321 421/254/322
f 465/256/323 466/257/324 387/258/325
f 466/257/326 428/259/327 387/258/325
f 384/260/328 471/261/329 437/262/330
f 471/261/331 472/263/332 437/262/330
f 408/264/333 407/265/334 448/266/335
f 407/265/334 447/267/336 448/266/335
f 545/268/337 543/269/338 87/270/339
f 543/269/338 85/271/340 87/270/339
f 405/272/341 587/273/342 452/274/343
f 587/273/342 559/275/344 452/274/345
f 644/276/346 647/277/347 397/278/348
f 397/278/348 647/277/347 436/279/349
f 647/277/347 643/280/350 436/279/349
f 593/281/351 588/282/352 417/283/353
f 588/282/352 404/284/354 417/283/353
f 328/285/355 212/286/356 669/287/357
f 212/286/358 662/288/359 669/287/360
f 311/289/361 629/290/362 221/291/363
f 629/290/362 627/292/364 221/291/363
f 489/293/365 581/294/366 490/295/367
f 581/294/366 562/296/368 490/295/367
f 599/297/369 600/298/370 596/299/371
f 600/298/372 597/300/373 596/299/371
f 637/301/374 638/302/375 641/303/376
f 638/302/377 642/304/378 641/303/376
f 577/305/379 578/306/380 583/307/381
f 578/306/380 584/308/382 583/307/381
f 626/309/383 608/310/384 625/311/385
f 608/310/384 605/312/386 625/311/385
f 564/313/387 567/314/388 566/315/389
f 567/314/388 568/316/390 566/315/389
f 199/317/391 726/318/392 306/319/393
f 726/318/392 715/320/394 306/319/393
f 193/321/395 769/322/396 324/323/397
f 769/322/396 771/324/398 324/323/397
f 379/325/399 419/326/400 696/327/401
f 419/326/402 702/328/403 696/327/401
f 747/329/404 750/330/405 374/331/406
f 750/330/405 439/332/407 374/331/408
f 618/333/409 732/334/410 630/335/411
f 732/334/412 729/336/413 630/335/411
f 732/334/412 618/333/409 728/337/414
f 618/333/409 622/338/415 728/337/414
f 737/339/416 739/340/417 636/341/418
f 739/340/417 632/342/419 636/341/418
f 636/341/418 646/343/420 737/339/421
f 646/343/420 740/344/422 737/339/421
f 612/345/423 608/346/424 719/347/425
f 608/346/424 723/348/426 719/347/427
f 719/347/427 705/349/428 612/345/423
f 705/349/428 607/350/429 612/345/423
f 560/114/152 590/351/430 684/108/151
f 590/351/430 680/352/431 684/108/151
f 741/353/432 730/354/433 733/355/434
f 730/354/433 734/356/435 733/355/434
f 766/357/436 762/358/437 767/359/438
f 762/358/437 763/360/439 767/359/438
f 722/361/440 717/362/441 723/363/442
f 717/362/443 719/364/444 723/363/445
f 677/365/446 685/366/447 683/367/448
f 685/366/447 684/368/449 683/367/448
f 820/369/450 541/102/451 825/370/452
f 541/102/453 546/103/454 825/370/455
f 856/371/456 785/372/457 852/373/458
f 785/372/457 786/374/459 852/373/460
f 840/375/461 845/376/462 793/377/463
f 845/376/462 792/378/464 793/377/463
f 801/379/465 802/380/466 835/381/467
f 802/380/466 827/382/468 835/381/467
f 43/383/469 2/53/63 44/384/470
f 2/53/63 17/52/61 44/384/470
f 76/385/471 23/386/472 81/387/473
f 23/386/472 80/388/474 81/387/475
f 70/389/476 87/270/339 93/390/477
f 87/270/478 66/391/479 93/390/480
f 129/392/481 108/393/482 175/146/189
f 108/393/482 172/181/234 175/146/233
f 550/394/483 551/75/484 523/130/169
f 551/75/484 524/15/17 523/130/485
f 90/176/226 289/74/90 144/395/486
f 289/74/90 288/77/487 144/395/486
f 144/395/486 145/396/488 90/176/226
f 145/396/489 97/397/490 90/176/226
f 91/398/491 95/399/492 139/400/493
f 95/399/492 141/401/494 139/400/493
f 117/139/180 118/126/165 11/402/495
f 118/126/164 30/403/496 11/402/497
f 537/404/498 56/177/228 531/201/499
f 56/177/228 57/405/500 531/201/499
f 83/406/501 82/407/502 62/408/503
f 82/407/504 21/409/505 62/408/503
f 152/410/506 147/411/507 119/137/178
f 147/411/507 105/124/162 119/137/178
f 865/47/508 534/46/509 72/412/510
f 534/46/53 533/413/511 72/412/510
f 37/414/512 36/415/513 29/416/514
f 36/415/515 11/417/497 29/416/516
f 266/418/517 236/96/518 267/419/519
f 236/96/518 235/420/520 267/419/519
f 279/216/521 278/421/522 240/214/523
f 278/421/522 234/422/524 240/214/525
f 286/78/526 255/423/527 249/76/528
f 255/423/527 259/424/529 249/76/528
f 238/425/530 244/215/531 293/8/123
f 244/215/531 295/9/532 293/8/123
f 509/426/533 42/427/534 508/428/535
f 42/427/534 4/206/260 508/428/535
f 310/429/536 309/430/537 210/431/538
f 309/430/537 199/317/391 210/431/538
f 343/229/292 304/432/539 344/227/288
f 304/432/540 223/433/541 344/227/288
f 347/232/294 221/291/363 350/231/542
f 221/291/363 313/434/543 350/231/293
f 356/236/298 353/237/299 322/435/544
f 353/237/545 218/436/546 322/435/544
f 233/149/192 836/151/194 363/437/547
f 836/151/194 365/152/548 363/437/549
f 75/438/550 188/22/25 48/439/551
f 188/22/25 189/440/552 48/439/551
f 515/38/52 157/33/37 186/18/20
f 157/33/37 187/34/39 186/18/20
f 517/90/553 518/184/238 167/441/554
f 518/184/238 165/442/555 167/441/554
f 389/443/556 424/444/557 378/445/558
f 424/444/557 422/446/559 378/445/558
f 442/447/560 440/448/561 383/248/313
f 440/448/562 372/249/563 383/248/313
f 458/253/320 459/252/564 403/449/565
f 459/252/564 420/450/566 403/449/565
f 466/257/326 465/256/323 429/451/567
f 465/256/323 399/452/568 429/451/567
f 471/261/569 396/453/570 472/263/571
f 396/453/572 438/454/573 472/263/332
f 446/455/574 476/456/575 406/457/576
f 476/456/577 478/458/578 406/457/576
f 412/164/213 831/166/215 482/459/579
f 831/166/215 832/460/580 482/459/581
f 570/461/582 561/462/583 450/169/218
f 561/462/583 370/463/584 450/169/218
f 398/464/585 436/279/349 643/280/350
f 603/465/586 593/281/351 403/449/565
f 593/281/351 417/283/353 403/449/565
f 574/466/587 577/467/588 231/468/589
f 577/467/588 330/469/590 231/468/589
f 222/470/591 615/471/592 311/289/361
f 615/471/592 629/290/362 311/289/361
f 578/472/593 487/473/594 584/474/595
f 488/113/150 586/112/149 487/473/596
f 586/112/149 584/474/595 487/473/596
f 595/475/597 598/476/598 599/297/369
f 598/476/599 600/298/372 599/297/369
f 641/303/376 642/304/600 671/477/601
f 642/304/600 674/478/602 671/477/601
f 573/479/603 580/480/604 575/481/605
f 580/480/604 581/482/606 575/481/605
f 625/311/385 623/483/607 626/309/383
f 623/483/608 624/484/609 626/309/610
f 659/485/611 660/486/612 652/487/613
f 660/486/612 653/488/614 652/487/613
f 306/319/393 715/320/394 200/489/615
f 715/320/394 707/490/616 200/489/615
f 771/324/398 768/491/617 324/323/397
f 768/491/617 194/492/618 324/323/397
f 419/326/400 380/493/619 702/328/403
f 380/493/619 695/494/620 702/328/403
f 750/330/405 761/495/621 439/332/407
f 761/495/621 373/496/622 439/332/407
f 730/497/623 640/498/624 734/499/625
f 640/498/624 628/500/626 734/499/625
f 640/498/624 730/497/623 638/501/627
f 730/497/623 745/502/628 638/501/627
f 624/503/629 634/504/630 725/505/631
f 634/504/630 721/506/632 725/505/631
f 725/505/633 720/507/634 624/503/629
f 720/507/634 626/508/635 624/503/629
f 720/507/636 723/348/426 626/508/635
f 723/348/637 608/346/424 626/508/635
f 733/355/434 734/356/435 727/509/638
f 734/356/435 729/510/639 727/509/640
f 759/511/641 766/357/642 760/512/643
f 766/357/436 767/359/644 760/512/645
f 718/513/646 722/361/647 720/514/648
f 722/361/440 723/363/442 720/514/648
f 683/367/448 684/368/449 678/515/649
f 684/368/449 680/516/650 678/515/649
f 835/154/197 827/517/651 334/518/652
f 827/517/651 370/519/584 334/518/652
f 482/459/581 832/460/580 547/520/653
f 832/460/580 826/521/654 547/520/653
f 541/102/453 820/369/655 540/522/656
f 820/369/655 819/523/657 540/522/656
f 851/524/658 787/525/659 850/526/660
f 787/525/661 788/527/662 850/526/663
f 852/373/460 786/374/664 851/524/658
f 786/374/664 787/525/659 851/524/658
f 836/528/665 838/529/666 799/530/667
f 838/529/666 798/531/668 799/530/667
f 56/177/228 90/176/226 57/405/500
f 90/176/226 97/397/490 57/405/500
f 79/532/669 7/200/670 81/387/475
f 7/200/254 55/533/671 81/387/475
f 112/86/113 183/45/51 142/534/672
f 183/45/673 182/44/50 142/534/672
f 18/535/224 127/536/674 40/537/675
f 127/536/674 128/538/676 40/537/677
f 159/160/208 103/158/206 160/539/678
f 103/158/206 158/67/81 160/539/678
f 25/540/679 96/541/680 142/534/672
f 96/541/681 143/542/682 142/534/672
f 125/543/683 117/139/180 36/544/515
f 117/139/180 11/402/497 36/544/515
f 529/545/684 55/533/671 530/199/253
f 55/533/671 7/200/254 530/199/685
f 37/414/512 34/207/261 35/546/686
f 34/207/264 14/208/263 35/546/687
f 28/547/688 31/548/689 12/549/690
f 31/548/689 27/550/691 12/549/690
f 237/95/692 265/551/693 239/98/694
f 265/551/695 264/552/696 239/98/697
f 277/553/698 255/423/699 278/421/700
f 255/423/699 234/422/701 278/421/700
f 285/73/702 287/11/703 234/422/704
f 287/11/703 240/214/705 234/422/704
f 248/61/75 256/62/76 522/554/706
f 256/62/707 257/555/708 522/554/706
f 141/401/709 140/556/710 554/557/711
f 140/556/712 556/185/713 554/557/711
f 238/425/530 293/8/123 243/94/121
f 69/558/714 902/559/715 503/560/716
f 902/559/717 901/561/718 503/560/716
f 210/431/538 199/317/391 308/562/719
f 199/317/391 306/319/393 308/562/719
f 193/321/395 324/323/397 204/563/720
f 324/323/397 326/564/721 204/563/720
f 342/565/722 224/566/723 343/229/292
f 224/566/723 304/432/539 343/229/290
f 350/231/293 313/434/543 349/567/724
f 313/434/725 220/568/726 349/567/724
f 355/569/727 356/236/300 217/570/728
f 356/236/298 322/435/544 217/570/729
f 362/239/302 360/571/730 227/241/305
f 360/571/730 330/469/731 227/241/305
f 516/88/115 517/90/732 155/31/733
f 517/90/732 167/441/554 155/31/35
f 49/572/734 528/573/735 51/574/736
f 528/573/735 529/545/684 51/574/736
f 390/575/737 421/254/322 379/325/399
f 421/254/322 419/326/400 379/325/399
f 437/262/330 385/576/738 439/332/407
f 385/576/738 374/331/406 439/332/407
f 403/449/565 417/283/353 458/253/318
f 417/283/353 457/577/739 458/253/320
f 462/578/740 464/579/741 401/580/742
f 464/579/741 427/581/743 401/580/742
f 467/582/744 470/583/745 398/464/585
f 470/583/745 436/279/349 398/464/746
f 476/456/577 446/455/747 477/584/748
f 446/455/747 410/585/749 477/584/748
f 369/586/750 367/587/751 475/588/752
f 367/587/753 444/589/754 475/588/755
f 539/590/756 70/591/476 542/592/757
f 70/591/758 179/197/251 542/592/757
f 367/587/753 650/593/759 444/589/754
f 650/593/759 659/594/760 444/589/754
f 655/595/761 644/276/346 438/454/573
f 644/276/346 397/278/348 438/454/573
f 604/596/762 609/597/763 402/598/764
f 609/597/765 420/450/766 402/598/764
f 333/599/767 579/600/768 231/468/769
f 579/600/770 574/466/771 231/468/589
f 221/291/363 627/292/772 313/434/725
f 627/292/772 639/601/773 313/434/725
f 582/602/774 485/603/775 576/604/776
f 485/603/775 486/605/777 576/604/776
f 496/115/153 495/606/778 560/114/152
f 495/606/778 558/607/779 560/114/152
f 639/608/780 640/609/781 637/301/374
f 640/609/782 638/302/375 637/301/374
f 573/479/783 575/481/784 579/610/785
f 575/481/605 582/611/786 579/610/785
f 604/612/787 611/613/788 607/614/789
f 611/613/788 612/615/790 607/614/789
f 651/616/791 657/617/792 654/618/793
f 657/617/792 658/619/794 654/618/793
f 583/307/381 584/308/382 585/620/795
f 584/308/382 586/621/796 585/620/795
f 303/622/797 713/623/798 201/624/799
f 713/623/798 706/625/800 201/624/799
f 194/492/618 768/491/617 323/626/801
f 768/491/617 758/627/802 323/626/801
f 381/628/803 679/629/804 416/630/805
f 679/629/804 700/631/806 416/630/805
f 749/632/807 747/329/404 434/633/808
f 747/329/404 374/331/408 434/633/809
f 743/634/810 642/635/811 745/502/628
f 642/635/811 638/501/627 745/502/628
f 642/635/811 743/634/812 674/636/813
f 743/634/812 746/637/814 674/636/813
f 598/638/815 689/639/816 600/640/817
f 689/639/816 692/641/818 600/640/819
f 634/504/630 632/342/419 721/506/632
f 632/342/419 739/340/417 721/506/632
f 731/642/820 732/643/821 726/644/822
f 732/643/823 728/645/824 726/644/822
f 773/646/825 774/647/826 769/648/827
f 774/647/826 770/649/828 769/648/829
f 735/650/830 724/651/831 721/652/832
f 724/651/831 725/653/833 721/652/832
f 690/654/834 693/655/835 686/656/836
f 693/655/835 694/657/837 686/656/836
f 896/658/838 544/659/839 897/660/840
f 544/659/839 824/661/841 897/660/840
f 790/662/842 848/663/843 789/664/844
f 848/663/845 849/665/846 789/664/844
f 860/666/847 783/667/848 857/668/849
f 783/667/848 784/669/850 857/668/849
f 825/670/851 875/671/852 808/672/853
f 875/671/854 874/673/855 808/672/853
f 838/529/666 839/674/856 798/531/668
f 839/674/856 816/675/857 798/531/668
f 57/405/500 97/397/490 50/676/858
f 97/397/490 89/677/859 50/676/858
f 55/533/671 22/678/860 81/387/475
f 22/678/860 76/385/471 81/387/473
f 85/271/861 26/679/862 87/270/339
f 26/679/862 66/391/479 87/270/339
f 101/680/863 129/392/481 171/145/864
f 129/392/481 175/146/189 171/145/864
f 173/193/247 163/194/865 906/681/866
f 163/194/865 862/43/48 906/681/866
f 152/410/506 151/682/867 150/683/868
f 151/682/867 114/72/86 150/683/868
f 136/684/869 5/685/870 162/686/871
f 5/685/870 48/687/551 162/686/872
f 96/541/680 91/398/491 143/542/682
f 91/398/491 139/400/493 143/542/682
f 101/680/873 120/120/158 121/688/874
f 120/120/158 123/142/875 121/688/874
f 58/202/256 83/406/501 20/689/876
f 83/406/877 62/408/503 20/689/878
f 75/438/550 45/690/879 74/4/60
f 45/690/880 17/52/61 74/4/60
f 29/416/514 31/548/689 15/691/881
f 31/548/689 28/547/688 15/691/881
f 31/548/689 30/692/496 27/550/882
f 30/692/496 88/693/883 27/550/691
f 237/95/884 236/96/885 265/551/695
f 236/96/518 266/418/517 265/551/695
f 255/423/527 286/78/886 234/422/704
f 286/78/886 285/73/702 234/422/704
f 139/400/493 141/401/709 552/183/237
f 141/401/709 554/557/711 552/183/237
f 510/694/887 16/695/888 509/426/533
f 16/695/888 42/427/534 509/426/533
f 209/233/889 198/696/890 310/429/536
f 198/696/890 309/430/537 310/429/536
f 327/697/891 193/321/892 329/698/893
f 193/321/892 204/563/720 329/698/893
f 343/229/894 305/230/895 342/565/896
f 305/230/895 214/699/897 342/565/722
f 312/221/283 350/231/542 208/219/279
f 350/231/542 349/567/724 208/219/279
f 205/700/898 321/234/296 355/569/899
f 321/234/900 356/236/298 355/569/901
f 77/701/902 511/99/132 23/386/472
f 511/99/132 510/694/887 23/386/472
f 23/386/472 510/694/887 80/388/474
f 510/694/887 509/426/533 80/388/474
f 424/444/557 390/575/737 422/446/903
f 390/575/737 379/325/904 422/446/559
f 384/260/328 373/496/905 442/447/560
f 373/496/622 440/448/562 442/447/560
f 458/253/320 457/577/739 393/255/906
f 457/577/739 418/702/907 393/255/321
f 464/579/741 462/578/740 426/245/310
f 462/578/740 389/443/556 426/245/310
f 386/703/908 435/704/909 467/582/744
f 435/704/910 470/583/745 467/582/744
f 411/705/911 477/584/748 412/164/213
f 477/584/748 479/706/912 412/164/213
f 475/588/752 445/250/315 369/586/750
f 445/250/315 368/707/913 369/586/750
f 540/522/914 177/198/252 541/102/915
f 177/198/252 178/100/134 541/102/915
f 450/169/218 392/170/220 570/461/916
f 392/170/220 563/708/917 570/461/582
f 396/453/570 651/709/918 438/454/919
f 651/709/918 655/595/761 438/454/573
f 609/597/765 603/465/586 420/450/920
f 603/465/586 403/449/565 420/450/921
f 577/467/588 583/710/922 330/469/731
f 583/710/922 227/241/305 330/469/731
f 313/434/543 639/601/773 220/568/726
f 639/601/773 637/711/923 220/568/726
f 576/604/924 486/605/777 578/472/925
f 486/605/777 487/473/596 578/472/593
f 627/712/926 628/713/927 639/608/780
f 628/713/927 640/609/782 639/608/928
f 579/610/785 582/611/786 574/714/929
f 582/611/786 576/715/930 574/714/929
f 611/613/788 605/312/386 612/615/931
f 605/312/932 608/310/933 612/615/931
f 652/487/934 653/488/614 657/617/792
f 653/488/614 658/619/794 657/617/935
f 585/620/795 586/621/796 595/475/936
f 586/621/796 598/476/598 595/475/936
f 200/489/937 707/490/616 303/622/797
f 707/490/616 713/623/798 303/622/938
f 323/626/801 758/627/939 195/716/940
f 758/627/939 755/717/941 195/716/942
f 700/631/806 695/494/620 416/630/805
f 695/494/620 380/493/619 416/630/805
f 434/633/808 375/718/943 749/632/807
f 375/718/943 736/719/944 749/632/807
f 734/499/945 628/500/626 729/336/946
f 628/500/626 630/335/411 729/336/946
f 760/720/947 649/721/948 774/722/949
f 649/721/950 670/723/951 774/722/952
f 586/112/149 694/107/148 598/638/815
f 694/107/148 689/639/816 598/638/815
f 727/509/640 729/510/639 731/642/953
f 729/510/639 732/643/821 731/642/820
f 759/511/641 760/512/645 773/646/954
f 760/512/645 774/647/826 773/646/825
f 724/651/831 718/513/646 725/653/833
f 718/513/955 720/514/648 725/653/833
f 693/655/835 687/724/956 694/657/837
f 687/724/956 689/725/957 694/657/837
f 540/522/656 819/523/657 542/592/958
f 819/523/657 818/726/959 542/592/958
f 850/526/660 788/527/662 849/665/846
f 788/527/662 789/664/844 849/665/960
f 857/668/849 784/669/961 856/371/456
f 784/669/850 785/372/962 856/371/456
f 797/727/963 834/728/964 879/729/965
f 834/728/964 880/730/966 879/729/965
f 797/727/963 816/675/857 834/728/964
f 816/675/857 839/674/856 834/728/964
f 16/695/888 43/383/469 19/731/967
f 43/383/469 44/384/470 19/731/967
f 191/732/968 192/42/47 161/187/241
f 192/42/47 164/188/969 161/187/241
f 94/50/57 184/51/64 71/733/970
f 184/51/64 185/55/67 71/733/970
f 126/734/971 128/538/676 110/735/972
f 128/538/676 127/536/674 110/735/972
f 136/684/869 109/189/243 137/736/973
f 109/189/243 134/737/974 137/736/973
f 138/71/87 114/72/86 160/539/678
f 114/72/86 151/682/975 160/539/678
f 160/539/678 151/682/867 159/160/208
f 151/682/867 99/161/209 159/160/208
f 125/543/683 124/738/976 122/117/155
f 124/738/976 106/739/977 122/117/978
f 26/679/862 85/271/861 68/740/979
f 85/271/861 86/741/980 68/740/979
f 61/5/72 536/7/7 20/689/876
f 536/7/7 537/404/498 20/689/876
f 64/58/70 61/5/5 62/408/503
f 61/5/72 20/689/876 62/408/503
f 36/415/515 37/414/512 6/742/981
f 37/414/512 35/546/686 6/742/981
f 242/218/982 239/98/697 263/743/983
f 239/98/694 264/552/696 263/743/984
f 183/45/673 514/87/114 515/38/52
f 514/87/114 157/33/37 515/38/52
f 140/556/712 145/396/489 556/185/239
f 145/396/489 555/186/240 556/185/239
f 308/562/719 306/319/985 211/228/289
f 306/319/393 200/489/615 211/228/289
f 205/700/898 326/564/721 194/492/986
f 326/564/721 324/323/397 194/492/618
f 342/565/722 214/699/987 341/744/988
f 214/699/897 302/745/989 341/744/988
f 348/746/990 310/429/536 346/747/991
f 310/429/536 210/431/538 346/747/991
f 207/748/992 351/749/993 319/750/994
f 351/749/993 354/751/995 319/750/996
f 359/752/997 369/586/750 329/698/893
f 369/586/750 368/707/913 329/698/893
f 504/753/998 1/754/999 503/560/716
f 1/754/1000 69/558/1001 503/560/716
f 421/254/322 393/255/321 419/326/400
f 393/255/321 380/493/619 419/326/400
f 439/332/407 373/496/622 437/262/330
f 373/496/622 384/260/1002 437/262/330
f 456/755/1003 394/756/1004 457/577/739
f 394/756/1004 418/702/907 457/577/739
f 463/757/1005 464/579/741 388/244/1006
f 464/579/741 426/245/310 388/244/309
f 469/758/1007 470/583/745 385/576/738
f 470/583/745 435/704/1008 385/576/738
f 445/250/315 475/588/752 383/248/1009
f 475/588/752 474/759/1010 383/248/1009
f 443/251/316 366/760/1011 445/250/315
f 366/760/1011 368/707/913 445/250/315
f 542/592/1012 179/197/251 540/522/914
f 179/197/251 177/198/252 540/522/914
f 409/761/1013 482/459/1014 281/762/1015
f 482/459/1016 547/520/1017 281/762/1015
f 441/763/1018 657/764/1019 396/453/572
f 657/764/1019 651/709/1020 396/453/570
f 611/765/1021 604/596/762 423/766/1022
f 604/596/762 402/598/764 423/766/1022
f 213/767/1023 573/768/1024 333/599/767
f 573/768/1024 579/600/768 333/599/767
f 317/769/1025 641/770/1026 219/771/1027
f 641/770/1026 671/772/1028 219/771/1027
f 485/603/775 582/602/774 484/773/1029
f 582/602/774 575/774/1030 484/773/1029
f 492/775/1031 497/776/1032 565/777/1033
f 497/776/1032 571/778/1034 565/777/1033
f 615/779/1035 618/780/1036 629/781/1037
f 618/780/1036 630/782/1038 629/781/1037
f 574/714/929 576/715/930 577/305/1039
f 576/715/930 578/306/380 577/305/1039
f 609/783/1040 604/612/1041 610/784/1042
f 604/612/787 607/614/789 610/784/1042
f 644/785/1043 655/786/1044 645/787/1045
f 655/786/1044 656/788/1046 645/787/1045
f 559/789/1047 587/790/1048 560/791/1049
f 587/790/1048 590/792/1050 560/791/1051
f 201/624/799 706/625/800 300/793/1052
f 706/625/800 711/794/1053 300/793/1052
f 318/795/1054 757/796/1055 196/797/1056
f 757/796/1055 742/798/1057 196/797/1056
f 431/799/1058 376/800/1059 738/801/1060
f 376/800/1059 735/802/1061 738/801/1060
f 885/803/1062 267/419/519 886/804/1063
f 267/419/519 235/420/1064 886/804/1063
f 600/640/1065 692/641/818 597/805/1066
f 692/641/818 708/806/1067 597/805/1066
f 767/807/1068 763/808/1069 660/809/1070
f 763/808/1069 653/810/1071 660/809/1070
f 760/811/1072 767/807/1068 649/812/948
f 767/807/1068 660/809/1073 649/812/948
f 726/644/822 728/645/824 715/813/1074
f 728/645/824 716/814/1075 715/813/1074
f 769/648/829 770/649/828 771/815/1076
f 770/649/828 772/816/1077 771/815/1076
f 738/817/1078 735/650/830 739/818/1079
f 735/650/830 721/652/1080 739/818/1079
f 678/515/649 680/516/650 681/819/1081
f 680/516/650 682/820/1082 681/819/1081
f 543/269/1083 823/821/1084 544/659/839
f 823/821/1084 824/661/841 544/659/839
f 848/663/843 790/662/1085 841/822/1086
f 790/662/842 791/823/1087 841/822/1086
f 858/824/1088 782/825/1089 860/666/847
f 782/825/1089 783/667/848 860/666/847
f 822/826/1090 813/827/1091 823/828/1092
f 813/827/1091 814/829/1093 823/828/1092
f 807/830/1094 826/831/1095 817/832/1096
f 826/831/1095 832/833/1097 817/832/1096
f 19/731/967 38/834/1098 16/695/888
f 38/834/1099 42/427/534 16/695/888
f 864/35/40 8/37/42 77/701/902
f 106/739/1100 124/738/976 126/734/971
f 124/738/976 128/538/676 126/734/971
f 137/736/973 134/737/974 127/536/674
f 134/737/1101 110/735/972 127/536/674
f 554/557/711 519/242/306 552/183/237
f 519/242/306 518/184/238 552/183/237
f 245/66/80 870/835/1102 866/68/82
f 870/835/1102 869/836/1103 866/68/1104
f 124/738/976 125/543/683 6/837/981
f 125/543/683 36/544/513 6/837/981
f 68/740/979 86/741/980 894/838/1105
f 86/741/980 895/839/1106 894/838/1105
f 62/408/503 21/409/505 64/58/70
f 21/409/505 63/209/265 64/58/70
f 38/834/1098 14/208/263 42/427/534
f 14/208/1107 4/206/260 42/427/534
f 30/692/496 31/548/689 11/417/497
f 31/548/689 29/416/514 11/417/497
f 507/840/1108 506/841/1109 82/407/504
f 506/841/1109 21/409/505 82/407/504
f 241/93/1110 242/218/982 262/842/1111
f 242/218/982 263/743/983 262/842/1112
f 255/423/1113 277/553/1114 259/424/1115
f 277/553/1116 276/843/1117 259/424/1115
f 144/395/486 288/77/95 550/394/483
f 288/77/95 551/75/484 550/394/483
f 236/96/126 899/97/128 235/420/1118
f 899/97/128 292/844/1119 235/420/1118
f 211/228/289 200/489/937 305/230/291
f 200/489/937 303/622/797 305/230/291
f 321/234/296 323/626/801 206/235/297
f 323/626/801 195/716/942 206/235/297
f 224/566/723 342/565/896 301/845/1120
f 342/565/722 341/744/988 301/845/1120
f 346/747/991 222/470/1121 348/746/990
f 222/470/1121 311/289/1122 348/746/990
f 351/749/993 219/771/1027 354/751/995
f 219/771/1027 320/846/1123 354/751/995
f 360/571/1124 361/847/1125 330/469/590
f 361/847/1125 231/468/589 330/469/590
f 328/285/355 367/587/753 359/752/1126
f 367/587/751 369/586/750 359/752/997
f 4/206/260 33/205/259 508/428/535
f 33/205/259 507/840/1108 508/428/535
f 418/702/907 416/630/805 393/255/321
f 416/630/805 380/493/619 393/255/321
f 435/704/1008 386/703/1127 434/633/808
f 386/703/1128 375/718/943 434/633/808
f 417/283/353 404/284/354 457/577/739
f 404/284/354 456/755/1003 457/577/739
f 464/579/741 463/757/1005 427/581/743
f 463/757/1005 400/848/1129 427/581/1130
f 397/278/348 436/279/349 469/758/1007
f 436/279/349 470/583/745 469/758/1007
f 475/588/752 444/589/754 474/759/1010
f 444/589/754 391/849/1131 474/759/1010
f 86/741/1132 544/659/1133 895/839/1106
f 544/659/1133 896/658/1134 895/839/1106
f 282/850/1135 549/851/78 230/852/1136
f 549/851/78 371/853/1137 230/852/1138
f 391/849/1131 652/854/1139 441/763/1018
f 652/854/1139 657/764/1019 441/763/1018
f 605/855/1140 611/765/1021 401/580/1141
f 611/765/1142 423/766/1022 401/580/1141
f 583/710/922 585/856/1143 227/241/305
f 585/856/1143 336/240/1144 227/241/305
f 220/568/726 637/711/923 317/769/1025
f 637/711/923 641/770/1026 317/769/1145
f 298/857/1146 599/858/1147 225/859/1148
f 599/858/1147 596/860/1149 225/859/1148
f 497/776/1032 490/861/367 571/778/1034
f 490/861/367 562/862/1150 571/778/1034
f 629/781/1037 630/782/1151 627/712/1152
f 630/782/1151 628/713/927 627/712/926
f 669/863/1153 662/864/1154 670/865/1155
f 662/864/1154 663/866/1156 670/865/1155
f 603/867/1157 609/783/1040 606/868/1158
f 609/783/1040 610/784/1159 606/868/1158
f 651/616/1160 654/618/793 655/786/1044
f 654/618/793 656/788/1046 655/786/1044
f 557/869/1161 559/789/1047 558/870/1162
f 559/789/1047 560/791/1049 558/870/1162
f 202/871/1163 300/793/1052 688/872/1164
f 300/793/1052 711/794/1053 688/872/1164
f 195/716/940 755/717/941 318/795/1165
f 755/717/941 757/796/1055 318/795/1054
f 738/801/1166 736/719/944 431/799/1058
f 736/719/944 375/718/1167 431/799/1168
f 229/873/1169 335/224/285 690/874/1170
f 335/224/285 693/875/1171 690/874/1170
f 676/876/1172 756/877/1173 673/878/1174
f 756/877/1173 754/879/1175 673/878/1174
f 756/877/1173 676/876/1172 746/637/814
f 676/876/1172 674/636/813 746/637/814
f 597/805/1066 708/806/1067 602/880/1176
f 708/806/1177 712/881/1178 602/880/1176
f 763/808/1069 765/882/1179 653/810/1071
f 765/882/1179 658/883/1180 653/810/1071
f 590/351/430 592/884/1181 680/352/431
f 592/884/1181 682/885/1182 680/352/431
f 715/813/1183 716/814/1075 707/886/1184
f 716/814/1185 710/887/1186 707/886/1184
f 771/815/1076 772/816/1077 768/888/1187
f 772/816/1077 753/889/1188 768/888/1187
f 736/890/1189 738/817/1078 737/891/1190
f 738/817/1078 739/818/1079 737/891/1190
f 681/819/1081 682/820/1191 679/892/1192
f 682/820/1082 697/893/1193 679/892/1192
f 365/152/548 213/767/1023 363/437/549
f 213/767/1023 333/599/767 363/437/549
f 543/269/1083 545/268/1194 823/821/1084
f 545/268/1194 822/894/1195 823/821/1084
f 845/376/462 841/822/1086 792/378/464
f 841/822/1086 791/823/1087 792/378/464
f 846/895/1196 776/896/1197 847/897/1198
f 776/896/1199 777/898/1200 847/897/1198
f 821/899/1201 812/900/1201 822/826/1090
f 812/900/1201 813/827/1091 822/826/1090
f 804/901/1202 830/902/1203 803/903/1204
f 830/902/1203 828/904/1205 803/903/1204
f 6/837/981 40/537/677 124/738/976
f 40/537/675 128/538/1206 124/738/976
f 46/905/1207 137/736/973 18/535/224
f 137/736/973 127/536/674 18/535/224
f 145/396/488 140/556/710 97/397/490
f 140/556/1208 89/677/1209 97/397/490
f 116/125/163 149/906/1210 88/907/883
f 149/906/1211 98/908/1212 88/907/883
f 909/909/1213 908/910/1214 111/911/1215
f 908/910/1214 169/912/1216 111/911/1217
f 126/734/971 131/913/1218 106/739/977
f 131/913/1218 121/688/874 106/739/977
f 180/914/1219 25/540/1220 182/44/50
f 25/540/1220 142/534/672 182/44/50
f 27/550/691 88/693/883 67/915/1221
f 88/693/883 98/916/1222 67/915/1223
f 12/549/690 65/917/1224 1/754/1000
f 65/917/1225 69/558/1001 1/754/1000
f 32/918/1226 13/919/1227 28/547/688
f 13/919/1227 15/691/881 28/547/688
f 241/93/1110 262/842/1112 243/94/1228
f 262/842/1112 261/920/1229 243/94/1228
f 259/424/1115 276/843/1230 253/921/1231
f 276/843/1230 275/922/1232 253/921/1231
f 550/394/483 555/186/240 144/395/1233
f 555/186/240 145/396/489 144/395/486
f 51/574/1234 529/545/684 50/676/858
f 529/545/684 530/199/685 50/676/1235
f 305/230/291 303/622/1236 214/699/897
f 303/622/797 201/624/799 214/699/897
f 205/700/1237 194/492/618 321/234/296
f 194/492/618 323/626/801 321/234/296
f 340/923/1238 341/744/988 215/924/1239
f 341/744/988 302/745/989 215/924/1239
f 347/232/294 209/233/295 348/746/990
f 209/233/889 310/429/536 348/746/990
f 319/750/994 354/751/995 206/235/297
f 354/751/995 353/237/299 206/235/297
f 329/698/893 204/563/1240 359/752/997
f 204/563/1240 358/925/1241 359/752/997
f 368/707/913 366/760/1011 329/698/893
f 366/760/1011 327/697/891 329/698/893
f 94/50/57 180/914/1219 154/39/44
f 180/914/1219 182/44/50 154/39/44
f 284/92/119 73/926/1242 899/97/1243
f 73/926/1242 900/927/1244 899/97/1243
f 394/756/1004 381/628/1245 418/702/1246
f 381/628/1245 416/630/805 418/702/907
f 385/576/738 435/704/910 374/331/406
f 435/704/1247 434/633/809 374/331/408
f 454/928/1248 415/929/1249 456/755/1003
f 415/929/1249 394/756/1250 456/755/1003
f 462/578/740 461/930/1251 389/443/556
f 461/930/1251 424/444/1252 389/443/556
f 387/258/325 432/931/1253 465/256/323
f 432/931/1254 468/932/1255 465/256/323
f 383/248/1009 474/759/1010 442/447/1256
f 474/759/1010 473/933/1257 442/447/560
f 477/584/748 410/585/749 479/706/912
f 410/585/749 449/934/1258 479/706/912
f 900/927/1244 73/926/1259 901/561/718
f 73/926/1259 503/560/716 901/561/1260
f 444/589/754 659/594/1261 391/849/1131
f 659/594/760 652/854/1262 391/849/1263
f 623/935/1264 625/936/1265 400/848/1266
f 625/936/1265 427/581/743 400/848/1266
f 226/937/1267 336/240/1144 595/938/1268
f 336/240/303 585/856/1143 595/938/1268
f 218/436/546 320/846/1123 675/939/1269
f 320/846/1123 671/772/1028 675/939/1269
f 675/939/1269 672/940/1270 218/436/546
f 225/859/1148 596/860/1149 301/845/1120
f 596/860/1149 601/941/1271 301/845/1120
f 568/942/1272 558/607/779 495/606/1273
f 621/943/1274 622/944/1275 615/779/1276
f 622/944/1275 618/780/1036 615/779/1276
f 662/864/1277 667/945/1278 663/866/1156
f 667/945/1279 668/946/1280 663/866/1156
f 593/947/1281 603/867/1157 594/948/1282
f 603/867/1157 606/868/1158 594/948/1282
f 643/949/1283 647/950/1284 646/951/1285
f 647/950/1286 648/952/1287 646/951/1285
f 570/953/1288 571/954/1289 561/955/1290
f 571/954/1289 562/956/1291 561/955/1290
f 297/957/1292 202/871/1293 691/958/1294
f 202/871/1163 688/872/1164 691/958/1294
f 315/959/1295 744/960/1296 197/220/280
f 744/960/1296 741/961/1297 197/220/280
f 451/962/1298 683/963/1299 382/964/1300
f 683/963/1299 678/965/1301 382/964/1300
f 430/966/1302 377/246/311 724/967/1303
f 377/246/311 718/968/1304 724/967/1303
f 602/880/1176 709/969/1305 616/970/1306
f 709/969/1305 714/971/1307 616/970/1306
f 712/881/1308 709/969/1305 602/880/1176
f 765/882/1179 751/972/1309 658/883/1180
f 751/972/1309 654/973/1310 658/883/1180
f 592/884/1311 589/974/1312 682/885/1182
f 589/974/1312 697/975/1313 682/885/1182
f 707/886/1314 710/887/1186 713/976/1315
f 710/887/1186 714/977/1316 713/976/1317
f 768/888/1187 753/889/1188 758/978/1318
f 753/889/1188 754/979/1319 758/978/1318
f 749/980/1320 736/890/1189 740/981/1321
f 736/890/1189 737/891/1190 740/981/1322
f 679/892/1192 697/893/1323 700/982/1324
f 697/893/1193 701/983/1325 700/982/1324
f 120/120/158 850/119/157 123/142/184
f 850/119/157 849/141/183 123/142/875
f 880/984/1326 834/985/1327 881/63/1328
f 834/985/1327 549/64/1329 881/63/1328
f 819/986/1330 820/987/1331 810/988/1332
f 820/987/1331 809/989/1333 810/988/1334
f 775/990/1335 776/896/1199 842/991/1336
f 776/896/1197 846/895/1196 842/991/1337
f 811/992/1338 812/900/1201 818/993/1339
f 812/900/1201 821/899/1201 818/993/1339
f 830/902/1203 804/901/1202 829/994/1340
f 804/901/1202 805/995/1341 829/994/1342
f 14/208/263 38/834/1099 35/546/687
f 38/834/1098 41/996/1343 35/546/686
f 5/997/870 46/175/1344 45/690/880
f 46/175/1345 47/173/223 45/690/879
f 65/917/1224 12/549/690 67/915/1346
f 12/549/690 27/550/691 67/915/1221
f 190/178/1347 191/732/968 162/686/871
f 191/732/968 161/187/1348 162/686/1349
f 122/117/978 106/739/1100 123/142/184
f 106/739/1100 121/688/874 123/142/184
f 135/998/1350 132/191/245 130/999/1351
f 132/191/245 108/393/482 130/999/1351
f 522/554/706 257/555/708 247/81/109
f 257/555/708 254/85/111 247/81/109
f 147/411/1352 149/906/1211 105/124/1353
f 149/906/1211 116/125/163 105/124/162
f 910/1000/1354 166/1001/1355 861/32/38
f 166/1001/1356 102/41/46 861/32/1357
f 136/684/869 137/736/973 5/685/870
f 137/736/973 46/905/1345 5/685/870
f 7/200/254 79/532/669 58/202/256
f 79/532/669 83/406/501 58/202/256
f 96/541/680 53/1002/1358 91/398/491
f 53/1002/1359 49/572/1360 91/398/491
f 257/555/1361 272/1003/1362 254/85/1363
f 272/1003/1362 271/1004/1364 254/85/1363
f 536/7/7 59/10/13 537/404/498
f 59/10/11 56/177/227 537/404/498
f 527/203/257 54/204/258 528/573/735
f 54/204/258 22/678/860 528/573/735
f 284/92/119 60/56/266 73/926/1259
f 60/56/266 9/210/267 73/926/1242
f 299/1005/1365 215/924/1366 297/957/1292
f 215/924/1366 202/871/1293 297/957/1292
f 316/1006/1367 315/959/1368 208/219/279
f 315/959/1368 197/220/280 208/219/1369
f 340/923/1238 338/1007/1370 225/859/1148
f 338/1007/1370 298/857/1146 225/859/1148
f 345/1008/1371 307/1009/1372 346/747/991
f 307/1009/1373 222/470/591 346/747/991
f 349/567/724 220/568/726 352/1010/1374
f 220/568/726 317/769/1145 352/1010/1374
f 358/925/1241 357/1011/1375 212/286/358
f 357/1011/1375 325/1012/1376 212/286/356
f 216/225/1377 337/226/287 339/1013/1378
f 337/226/1379 364/238/1380 339/1013/1378
f 428/259/327 388/244/309 430/966/1302
f 388/244/1006 377/246/311 430/966/1381
f 454/928/1248 414/1014/1382 455/1015/1383
f 414/1014/1384 405/272/341 455/1015/1383
f 460/1016/1385 461/930/1386 402/598/764
f 461/930/1251 423/766/1022 402/598/764
f 468/932/1255 467/582/744 433/1017/1387
f 467/582/744 398/464/585 433/1017/1387
f 473/933/1257 441/763/1018 471/261/569
f 441/763/1018 396/453/570 471/261/569
f 448/266/335 409/761/1013 483/1018/1388
f 409/761/1013 281/762/1015 483/1018/1388
f 449/934/1258 410/585/1389 569/1019/1390
f 410/585/749 564/1020/1391 569/1019/1390
f 400/848/1392 429/451/1393 623/935/1394
f 429/451/1393 633/1021/1395 623/935/1394
f 669/287/360 650/593/759 328/285/355
f 650/593/759 367/587/753 328/285/355
f 218/436/546 672/940/1270 322/435/544
f 672/940/1270 665/1022/1396 322/435/544
f 304/432/1397 619/1023/1398 223/433/541
f 619/1023/1398 614/1024/1399 223/433/541
f 493/1025/1400 492/775/1031 572/1026/1401
f 492/775/1031 565/777/1033 572/1026/1401
f 613/1027/1402 616/1028/1403 619/1029/1404
f 616/1028/1405 620/1030/1406 619/1029/1404
f 661/1031/1407 665/1032/1408 664/1033/1409
f 665/1032/1408 666/1034/1410 664/1033/1409
f 587/790/1048 591/1035/1411 590/792/1050
f 591/1035/1411 592/1036/1412 590/792/1050
f 635/1037/1413 643/949/1283 636/1038/1414
f 643/949/1283 646/951/1285 636/1038/1414
f 563/1039/1415 565/1040/1416 570/953/1288
f 565/1040/1416 571/954/1289 570/953/1288
f 887/1041/1417 886/804/1418 292/844/1419
f 886/804/1418 235/420/1118 292/844/1119
f 197/220/280 741/961/1420 314/222/1421
f 741/961/1420 733/1042/1422 314/222/1421
f 203/223/284 297/957/1292 687/1043/1423
f 297/957/1292 691/958/1294 687/1043/1423
f 722/1044/1424 718/968/1425 425/247/312
f 718/968/1425 377/246/311 425/247/312
f 762/1045/1426 766/1046/1427 372/249/563
f 766/1046/1427 443/251/1428 372/249/563
f 772/1047/1429 668/1048/1430 753/1049/1431
f 668/1048/1430 664/1050/1432 753/1049/1431
f 617/1051/1433 716/1052/1434 622/338/415
f 716/1052/1434 728/337/414 622/338/415
f 716/1052/1434 617/1051/1433 710/1053/1435
f 617/1051/1433 620/1054/1436 710/1053/1435
f 646/343/420 648/1055/1437 740/344/422
f 648/1055/1437 748/1056/1438 740/344/422
f 606/1057/1439 610/1058/1440 703/1059/1441
f 610/1058/1442 699/1060/1443 703/1059/1441
f 703/1059/1441 698/1061/1444 606/1057/1445
f 698/1061/1444 594/1062/1446 606/1057/1445
f 688/1063/1447 711/1064/1448 708/1065/1449
f 711/1064/1448 712/1066/1450 708/1065/1451
f 757/1067/1452 746/1068/1453 742/1069/1454
f 746/1068/1455 743/1070/1456 742/1069/1454
f 761/1071/1457 750/1072/1458 751/1073/1459
f 750/1072/1458 752/1074/1460 751/1073/1459
f 696/1075/1461 702/1076/1462 699/1077/1463
f 702/1076/1462 703/1078/1464 699/1077/1463
f 839/1079/1465 838/150/193 371/853/1466
f 838/150/193 233/149/192 371/853/1466
f 780/1080/1467 853/1081/1468 779/1082/1469
f 853/1081/1468 855/1083/1470 779/1082/1469
f 795/1084/1471 775/990/1335 844/1085/1472
f 775/990/1335 842/991/1337 844/1085/1472
f 817/832/1096 832/833/1097 806/1086/1473
f 832/833/1097 831/1087/1474 806/1086/1473
f 6/742/981 35/546/687 40/1088/675
f 35/546/1475 41/996/1343 40/1088/675
f 45/690/879 47/173/223 17/52/61
f 47/173/223 44/384/470 17/52/61
f 26/679/862 65/917/1225 66/391/479
f 65/917/1224 67/915/1221 66/391/479
f 113/16/18 191/732/968 153/17/19
f 191/732/968 190/178/230 153/17/19
f 178/100/134 150/683/868 176/101/1476
f 150/683/868 114/72/86 176/101/1476
f 134/737/974 135/998/1350 110/735/972
f 135/998/1477 130/999/1351 110/735/972
f 115/196/250 148/195/249 147/411/1478
f 148/195/249 149/906/1210 147/411/507
f 910/1000/1354 909/909/1479 166/1001/1356
f 909/909/1480 111/911/1215 166/1001/1355
f 95/399/492 89/677/859 141/401/494
f 89/677/859 140/556/712 141/401/709
f 118/126/164 116/125/163 30/403/496
f 116/125/163 88/907/883 30/403/496
f 79/532/669 10/1089/1481 83/406/501
f 10/1089/1482 82/407/502 83/406/501
f 113/16/18 156/40/1483 191/732/968
f 156/40/45 192/42/47 191/732/968
f 69/558/714 65/917/1224 68/740/979
f 65/917/1484 26/679/862 68/740/979
f 25/540/679 52/1090/1485 96/541/680
f 52/1090/1486 53/1002/1358 96/541/680
f 13/919/1227 33/205/259 15/691/881
f 33/205/259 34/207/264 15/691/881
f 71/733/970 185/55/67 533/413/1487
f 185/55/67 532/36/41 533/413/1487
f 253/921/1488 258/60/74 246/59/1489
f 254/85/1363 271/1004/1490 252/84/1491
f 271/1004/1364 270/1091/1492 252/84/1491
f 63/209/265 21/409/1493 505/1092/1494
f 21/409/1493 506/841/1109 505/1092/1495
f 142/534/672 143/542/682 112/86/113
f 143/542/682 553/89/116 112/86/113
f 216/225/286 299/1005/1496 203/223/284
f 299/1005/1496 297/957/1292 203/223/1497
f 207/748/1498 196/797/1056 316/1006/1499
f 196/797/1056 315/959/1368 316/1006/1367
f 339/1013/1378 338/1007/1370 216/225/286
f 338/1007/1370 299/1005/1496 216/225/1377
f 345/1008/1371 308/562/1500 344/227/288
f 308/562/1500 211/228/289 344/227/288
f 316/1006/1367 352/1010/1374 207/748/1501
f 352/1010/1374 351/749/993 207/748/992
f 326/564/721 205/700/1502 357/1011/1375
f 205/700/1502 355/569/727 357/1011/1503
f 339/1013/1378 364/238/301 226/937/1267
f 364/238/301 336/240/303 226/937/1267
f 43/383/469 511/99/132 2/53/63
f 511/99/132 499/3/3 2/53/63
f 387/258/1504 428/259/1505 376/800/1059
f 428/259/327 430/966/1381 376/800/1059
f 460/1016/1385 459/252/564 390/575/737
f 459/252/1506 421/254/322 390/575/737
f 466/257/324 463/757/1005 428/259/327
f 463/757/1005 388/244/1006 428/259/327
f 437/262/330 472/263/571 385/576/738
f 472/263/571 469/758/1007 385/576/738
f 480/1093/1507 452/274/345 478/458/578
f 452/274/345 406/457/576 478/458/578
f 543/269/338 544/659/1133 85/271/861
f 544/659/1133 86/741/1508 85/271/861
f 392/170/220 449/934/1258 563/708/917
f 449/934/1258 569/1019/1509 563/708/917
f 433/1017/1387 398/464/585 635/1094/1510
f 398/464/585 643/280/350 635/1094/1510
f 414/1014/1384 591/1095/1511 405/272/341
f 591/1095/1512 587/273/342 405/272/341
f 325/1012/1376 217/570/729 667/1096/1513
f 217/570/728 661/1097/1514 667/1096/1513
f 223/433/541 614/1024/1399 307/1009/1373
f 614/1024/1399 621/1098/1515 307/1009/1372
f 298/857/1146 226/937/1267 599/858/1516
f 226/937/1267 595/938/1268 599/858/1147
f 601/1099/1517 602/1100/1518 613/1027/1402
f 602/1100/1518 616/1028/1403 613/1027/1402
f 671/477/601 674/478/602 675/1101/1519
f 674/478/602 676/1102/1520 675/1101/1519
f 562/1103/1291 581/482/606 561/1104/1290
f 581/482/606 580/480/604 561/1104/1290
f 623/483/608 633/1105/1521 624/484/609
f 633/1105/1521 634/1106/1522 624/484/609
f 569/1107/1523 564/313/387 572/1108/1524
f 564/313/387 566/315/389 572/1108/1524
f 870/835/1525 245/66/1526 871/1109/1527
f 245/66/1526 250/213/1528 871/1109/1529
f 309/430/537 731/1110/1530 199/317/391
f 731/1110/1530 726/318/392 199/317/391
f 366/760/1011 759/1111/1531 327/697/1532
f 759/1111/1531 773/1112/1533 327/697/1532
f 378/445/558 422/446/559 717/1113/1534
f 422/446/559 704/1114/1535 717/1113/1534
f 764/1115/1536 762/1045/1537 440/448/562
f 762/1045/1537 372/249/563 440/448/562
f 770/1116/1538 663/1117/1539 772/1047/1429
f 663/1117/1539 668/1048/1430 772/1047/1429
f 648/1055/1437 645/1118/1540 748/1056/1438
f 645/1118/1540 752/1119/1541 748/1056/1438
f 610/1058/1542 607/350/429 699/1060/1443
f 607/350/429 705/349/428 699/1060/1543
f 691/1120/1544 688/1063/1447 692/1121/1545
f 688/1063/1447 708/1065/1451 692/1121/1545
f 742/1069/1454 743/1070/1456 744/1122/1546
f 743/1070/1456 745/1123/1547 744/1122/1546
f 764/1124/1548 761/1071/1457 765/1125/1549
f 761/1071/1457 751/1073/1459 765/1125/1549
f 704/1126/1550 696/1075/1551 705/1127/1552
f 696/1075/1551 699/1077/1463 705/1127/1552
f 542/592/958 818/726/959 539/590/1553
f 818/726/959 821/1128/1554 539/590/1555
f 853/1081/1468 780/1080/1467 854/1129/1556
f 780/1080/1557 781/1130/1558 854/1129/1559
f 794/1131/1560 795/1084/1471 843/1132/1561
f 795/1084/1471 844/1085/1472 843/1132/1562
f 835/381/467 837/1133/1563 801/379/465
f 837/1133/1563 800/1134/1564 801/379/465
f 38/834/1098 19/731/967 41/996/1565
f 19/731/967 39/172/1566 41/996/1565
f 45/690/879 75/438/550 5/997/870
f 75/438/1567 48/439/551 5/997/870
f 117/139/180 125/543/683 107/116/154
f 125/543/683 122/117/978 107/116/154
f 133/190/1568 100/192/246 135/998/1477
f 100/192/246 132/191/245 135/998/1350
f 256/62/1569 273/1135/1570 257/555/1361
f 273/1135/1571 272/1003/1572 257/555/1361
f 119/137/178 99/161/209 152/410/1573
f 99/161/209 151/682/867 152/410/506
f 908/910/1214 907/1136/1574 169/912/1216
f 907/1136/1574 104/1137/1575 169/912/1216
f 130/999/1351 108/393/482 131/913/1218
f 108/393/482 129/392/481 131/913/1218
f 180/914/1219 181/1138/1576 25/540/1220
f 181/1138/1576 52/1090/1486 25/540/1220
f 20/689/878 537/404/498 58/202/256
f 537/404/498 531/201/255 58/202/256
f 91/398/491 49/572/1360 95/399/492
f 49/572/734 51/574/736 95/399/492
f 249/76/528 259/424/529 246/59/73
f 259/424/529 253/921/1488 246/59/73
f 274/1139/1577 273/1135/1571 258/60/1578
f 273/1135/1571 256/62/1579 258/60/1578
f 143/542/682 139/400/493 553/89/116
f 139/400/493 552/183/237 553/89/116
f 53/1002/1358 527/203/257 49/572/734
f 527/203/1580 528/573/1581 49/572/1582
f 215/924/1239 302/745/989 202/871/1293
f 302/745/989 300/793/1052 202/871/1293
f 206/235/297 195/716/942 319/750/1583
f 195/716/940 318/795/1165 319/750/1584
f 338/1007/1370 340/923/1238 299/1005/1496
f 340/923/1238 215/924/1585 299/1005/1496
f 346/747/991 210/431/538 345/1008/1586
f 210/431/538 308/562/1587 345/1008/1586
f 208/219/279 349/567/724 316/1006/1367
f 349/567/724 352/1010/1374 316/1006/1499
f 204/563/1240 326/564/1588 358/925/1241
f 326/564/721 357/1011/1375 358/925/1241
f 361/847/1125 363/437/549 231/468/589
f 363/437/549 333/599/767 231/468/589
f 395/1140/1589 382/964/1590 415/929/1249
f 382/964/1300 413/1141/1591 415/929/1249
f 386/703/908 432/931/1254 375/718/943
f 432/931/1253 431/799/1168 375/718/943
f 455/1015/1383 395/1140/1589 454/928/1248
f 395/1140/1589 415/929/1249 454/928/1248
f 461/930/1386 460/1016/1385 424/444/1592
f 460/1016/1385 390/575/737 424/444/1592
f 432/931/1253 386/703/1127 468/932/1593
f 386/703/908 467/582/744 468/932/1255
f 442/447/560 473/933/1257 384/260/1594
f 473/933/1595 471/261/569 384/260/1596
f 452/274/345 480/1093/1597 405/272/341
f 480/1093/1597 455/1015/1383 405/272/341
f 505/1092/1494 504/753/998 63/209/265
f 504/753/998 9/210/1598 63/209/1599
f 406/457/576 557/1142/1600 446/455/747
f 557/1142/1600 567/1143/1601 446/455/574
f 631/1144/1602 633/1021/1395 399/452/568
f 633/1021/1395 429/451/567 399/452/568
f 334/518/652 580/1145/1603 213/767/1023
f 580/1145/1604 573/768/1024 213/767/1023
f 217/570/728 322/435/544 661/1097/1605
f 322/435/544 665/1022/1396 661/1097/1605
f 224/566/723 613/1146/1606 304/432/1607
f 613/1146/1606 619/1023/1398 304/432/539
f 572/1026/1401 566/1147/1608 493/1025/1400
f 566/1147/1608 494/1148/1609 493/1025/1400
f 619/1029/1404 620/1030/1406 614/1149/1610
f 620/1030/1406 617/1150/1611 614/1149/1612
f 672/1151/1613 673/1152/1614 665/1032/1408
f 673/1152/1614 666/1034/1410 665/1032/1408
f 591/1035/1411 588/1153/1615 592/1036/1616
f 588/1153/1615 589/1154/1617 592/1036/1618
f 631/1155/1619 635/1037/1413 632/1156/1620
f 635/1037/1413 636/1038/1621 632/1156/1620
f 567/314/388 557/869/1161 568/316/390
f 557/869/1161 558/870/1162 568/316/390
f 314/222/1421 733/1042/1422 198/696/890
f 733/1042/1422 727/1157/1622 198/696/890
f 872/1158/1623 871/1109/1624 268/212/271
f 871/1109/1624 250/213/1625 268/212/269
f 425/247/312 378/445/558 722/1044/1424
f 378/445/558 717/1113/1534 722/1044/1424
f 766/1046/1427 759/1111/1531 443/251/1428
f 759/1111/1531 366/760/1011 443/251/1428
f 666/1159/1626 673/878/1174 754/879/1627
f 710/1053/1435 620/1054/1628 714/971/1307
f 620/1054/1629 616/970/1630 714/971/1307
f 751/972/1309 752/1119/1541 654/973/1631
f 752/1119/1541 656/1160/1632 654/973/1310
f 701/1161/1633 594/1062/1446 698/1061/1444
f 706/1162/1634 709/1163/1635 711/1064/1448
f 709/1163/1635 712/1066/1450 711/1064/1448
f 755/1164/1636 756/1165/1637 757/1067/1638
f 756/1165/1639 746/1068/1455 757/1067/1638
f 750/1072/1458 747/1166/1640 752/1074/1641
f 747/1166/1642 748/1167/1643 752/1074/1641
f 702/1076/1644 695/1168/1645 703/1078/1464
f 695/1168/1645 698/1169/1646 703/1078/1464
f 828/167/216 450/169/218 827/1170/1647
f 450/169/218 370/463/584 827/1170/651
f 824/1171/1648 815/1172/1649 897/1173/1650
f 815/1172/1649 898/1174/1651 897/1173/1650
f 859/1175/1652 778/1176/1653 855/1083/1654
f 778/1176/1655 779/1082/1469 855/1083/1470
f 820/987/1331 825/670/851 809/989/1333
f 825/670/851 808/672/853 809/989/1333
f 829/994/1342 805/995/1341 831/1087/1474
f 805/995/1341 806/1086/1473 831/1087/1474
f 41/996/1565 39/172/222 40/1088/675
f 39/172/1566 18/174/224 40/1088/677
f 76/385/1656 78/1177/1657 23/386/472
f 78/1177/1657 77/701/902 23/386/472
f 186/18/20 187/34/39 113/16/18
f 187/34/39 156/40/45 113/16/18
f 178/100/134 177/198/1658 150/683/868
f 177/198/252 115/196/250 150/683/868
f 109/189/243 133/190/244 134/737/974
f 133/190/1568 135/998/1350 134/737/974
f 162/686/1659 161/187/241 136/684/869
f 161/187/241 109/189/243 136/684/869
f 148/195/249 93/1178/477 149/906/1211
f 93/1178/477 98/908/1222 149/906/1211
f 554/557/1660 556/185/239 519/242/306
f 556/185/239 520/155/199 519/242/306
f 131/913/1218 129/392/481 121/688/874
f 129/392/481 101/680/873 121/688/874
f 94/50/57 71/733/970 180/914/1219
f 71/733/970 181/1138/1576 180/914/1219
f 98/916/1212 93/390/477 67/915/1221
f 93/390/477 66/391/479 67/915/1221
f 95/399/492 51/574/736 89/677/1209
f 51/574/736 50/676/1235 89/677/1661
f 238/425/1662 243/94/1228 260/1179/1663
f 243/94/1664 261/920/1228 260/1179/1663
f 253/921/1231 275/922/1665 258/60/1578
f 275/922/1665 274/1139/1578 258/60/1578
f 50/676/858 530/199/253 57/405/1666
f 530/199/253 531/201/499 57/405/500
f 244/215/531 240/214/705 295/9/532
f 240/214/705 287/11/1667 295/9/532
f 302/745/989 214/699/897 300/793/1052
f 214/699/897 201/624/799 300/793/1052
f 319/750/994 318/795/1165 207/748/1501
f 318/795/1054 196/797/1056 207/748/1668
f 301/845/1120 341/744/988 225/859/1148
f 341/744/988 340/923/1238 225/859/1148
f 348/746/990 311/289/1122 347/232/294
f 311/289/361 221/291/1669 347/232/294
f 354/751/995 320/846/1123 353/237/299
f 320/846/1123 218/436/546 353/237/299
f 359/752/997 358/925/1241 328/285/355
f 358/925/1241 212/286/356 328/285/355
f 506/841/1109 507/840/1108 13/919/1227
f 507/840/1108 33/205/259 13/919/1227
f 415/929/1670 413/1141/1591 394/756/1671
f 413/1141/1591 381/628/1245 394/756/1671
f 432/931/1253 387/258/325 431/799/1672
f 387/258/1504 376/800/1059 431/799/1168
f 456/755/1003 404/284/354 454/928/1248
f 404/284/354 414/1014/1384 454/928/1248
f 401/580/1141 423/766/1673 462/578/740
f 423/766/1022 461/930/1251 462/578/740
f 465/256/323 468/932/1255 399/452/568
f 468/932/1255 433/1017/1674 399/452/568
f 474/759/1010 391/849/1263 473/933/1257
f 391/849/1131 441/763/1018 473/933/1257
f 480/1093/1597 453/1180/1675 455/1015/1383
f 453/1180/1675 395/1140/1676 455/1015/1383
f 504/753/1677 503/560/716 9/210/267
f 503/560/716 73/926/1242 9/210/1678
f 446/455/747 567/1143/1601 410/585/749
f 567/1143/1601 564/1020/1679 410/585/749
f 401/580/1141 427/581/1130 605/855/1140
f 427/581/1130 625/936/1265 605/855/1680
f 370/519/584 561/1181/583 334/518/652
f 561/1181/583 580/1145/1604 334/518/1681
f 219/771/1027 671/772/1028 320/846/1123
f 301/845/1120 601/941/1271 224/566/723
f 601/941/1271 613/1146/1606 224/566/723
f 566/1147/1682 568/942/1683 494/1148/1609
f 568/942/1272 495/606/778 494/1148/1609
f 614/1149/1612 617/1150/1611 621/943/1274
f 617/1150/1611 622/944/1275 621/943/1274
f 661/1031/1684 664/1033/1685 667/945/1278
f 664/1033/1409 668/946/1280 667/945/1278
f 588/1153/1615 593/947/1281 589/1154/1686
f 593/947/1281 594/948/1687 589/1154/1686
f 647/950/1286 644/785/1043 648/952/1287
f 644/785/1043 645/787/1045 648/952/1287
f 650/1182/1688 649/1183/1689 659/485/1690
f 649/1183/1689 660/486/612 659/485/611
f 196/797/1056 742/798/1057 315/959/1368
f 742/798/1057 744/960/1691 315/959/1295
f 724/967/1303 735/802/1692 430/966/1302
f 735/802/1692 376/800/1059 430/966/1302
f 753/1049/1431 664/1050/1432 754/879/1627
f 664/1050/1432 666/1159/1693 754/879/1627
f 645/1118/1540 656/1160/1694 752/1119/1541
f 589/974/1312 594/1062/1446 697/975/1313
f 594/1062/1446 701/1161/1695 697/975/1696
f 713/976/1315 714/977/1316 706/1162/1634
f 714/977/1316 709/1163/1635 706/1162/1634
f 758/978/1318 754/979/1697 755/1164/1636
f 754/979/1697 756/1165/1639 755/1164/1636
f 747/1166/1642 749/980/1698 748/1167/1699
f 749/980/1698 740/981/1322 748/1167/1699
f 701/983/1700 698/1169/1646 700/982/1324
f 698/1169/1646 695/1168/1645 700/982/1324
f 842/163/1701 119/137/178 844/136/176
f 876/1184/1702 875/1185/1703 546/103/454
f 875/1185/1703 825/370/452 546/103/1704
f 815/1172/1649 824/1171/1648 814/829/1705
f 824/1171/1648 823/828/1706 814/829/1093
f 847/897/1198 777/898/1707 859/1175/1652
f 777/898/1200 778/1176/1655 859/1175/1708
f 810/988/1332 811/992/1338 819/986/1709
f 811/992/1338 818/993/1339 819/986/1709
f 827/1186/468 802/1187/466 828/904/1205
f 802/1187/466 803/903/1204 828/904/1205
f 47/173/223 39/172/222 44/384/470
f 39/172/222 19/731/967 44/384/470
f 512/21/24 538/20/23 185/55/67
f 538/20/23 532/36/41 185/55/67
f 162/686/1659 48/687/551 190/178/1347
f 48/687/1710 189/180/552 190/178/231
f 52/1090/1485 535/48/55 53/1002/1358
f 535/48/55 527/203/257 53/1002/1358
f 110/735/972 130/999/1351 126/734/971
f 130/999/1351 131/913/1218 126/734/971
f 172/181/234 173/193/247 905/182/235
f 173/193/247 906/681/866 905/182/235
f 150/683/868 115/196/250 152/410/1573
f 115/196/250 147/411/1478 152/410/1573
f 164/188/969 163/194/1711 133/190/244
f 163/194/248 100/192/246 133/190/1568
f 108/393/482 132/191/245 172/181/234
f 132/191/245 173/193/247 172/181/234
f 70/591/476 93/1178/477 179/197/251
f 93/1178/477 148/195/249 179/197/251
f 81/387/475 80/388/474 79/532/669
f 80/388/474 10/1089/1482 79/532/669
f 894/838/1105 902/559/717 68/740/979
f 902/559/717 69/558/1001 68/740/979
f 181/1138/1576 534/46/53 52/1090/1486
f 534/46/509 535/48/55 52/1090/1486
f 71/733/970 533/413/1487 181/1138/1576
f 533/413/1487 534/46/53 181/1138/1576
f 252/84/1491 270/1091/1492 251/83/270
f 270/1091/1492 269/211/268 251/83/1712
f 244/215/1713 238/425/1662 280/217/1714
f 238/425/1662 260/1179/1715 280/217/1714
f 10/1089/1482 508/428/535 82/407/502
f 508/428/535 507/840/1108 82/407/502
f 528/573/1581 22/678/860 529/545/684
f 22/678/860 55/533/1716 529/545/684
f 242/218/277 241/93/120 296/91/278
f 241/93/120 294/6/122 296/91/278
f 157/33/37 514/87/114 155/31/733
f 514/87/114 516/88/115 155/31/733
f 312/221/283 314/222/1421 209/233/889
f 314/222/1421 198/696/890 209/233/295
f 338/1007/1370 339/1013/1378 298/857/1717
f 339/1013/1378 226/937/1267 298/857/1146
f 344/227/288 223/433/541 345/1008/1371
f 223/433/541 307/1009/1372 345/1008/1586
f 352/1010/1374 317/769/1025 351/749/993
f 317/769/1025 219/771/1027 351/749/993
f 357/1011/1375 355/569/727 325/1012/1376
f 355/569/727 217/570/728 325/1012/1376
f 337/226/1379 228/1188/1718 364/238/1380
f 228/1188/1719 362/239/304 364/238/301
f 16/695/888 510/694/887 43/383/469
f 510/694/887 511/99/1720 43/383/469
f 519/242/306 170/243/307 518/184/238
f 170/243/307 165/442/555 518/184/238
f 426/245/310 389/443/556 425/247/312
f 389/443/556 378/445/558 425/247/312
f 402/598/764 420/450/921 460/1016/1385
f 420/450/920 459/252/1506 460/1016/1385
f 463/757/1005 466/257/326 400/848/1266
f 466/257/324 429/451/567 400/848/1266
f 472/263/332 438/454/573 469/758/1007
f 438/454/573 397/278/348 469/758/1721
f 539/1189/756 545/268/337 70/389/476
f 545/268/337 87/270/339 70/389/476
f 452/274/343 559/275/344 406/457/576
f 559/275/344 557/1142/1600 406/457/576
f 399/452/568 433/1017/1387 631/1144/1602
f 433/1017/1674 635/1094/1510 631/1144/1602
f 588/282/352 591/1095/1512 404/284/354
f 591/1095/1512 414/1014/1384 404/284/354
f 212/286/356 325/1012/1376 662/288/1722
f 325/1012/1376 667/1096/1513 662/288/1722
f 307/1009/1372 621/1098/1723 222/470/591
f 621/1098/1515 615/471/592 222/470/591
f 484/773/1029 575/774/1030 489/293/365
f 575/774/1030 581/294/366 489/293/365
f 596/299/371 597/300/373 601/1099/1517
f 597/300/373 602/1100/1518 601/1099/1517
f 675/1101/1724 676/1102/1520 672/1151/1613
f 676/1102/1520 673/1152/1614 672/1151/1613
f 650/1190/1688 669/863/1153 649/1191/1689
f 669/863/1153 670/865/1155 649/1191/1689
f 633/1105/1521 631/1155/1619 634/1106/1522
f 631/1155/1619 632/1156/1620 634/1106/1725
f 563/1039/1726 569/1107/1523 565/1040/1416
f 569/1107/1523 572/1108/1524 565/1040/1416
f 198/696/890 727/1157/1622 309/430/537
f 727/1157/1622 731/1110/1530 309/430/537
f 327/697/1532 773/1112/1533 193/321/395
f 773/1112/1533 769/322/1727 193/321/395
f 422/446/903 379/325/904 704/1114/1535
f 379/325/904 696/327/401 704/1114/1535
f 373/496/622 761/495/621 440/448/562
f 761/495/621 764/1115/1536 440/448/562
f 774/722/952 670/723/951 770/1116/1538
f 670/723/951 663/1117/1539 770/1116/1538
f 687/724/956 691/1120/1544 689/725/957
f 691/1120/1544 692/1121/1545 689/725/957
f 744/1122/1546 745/1123/1547 741/353/432
f 745/1123/1547 730/354/1728 741/353/432
f 762/358/437 764/1124/1729 763/360/439
f 764/1124/1729 765/1125/1549 763/360/439
f 717/362/443 704/1126/1730 719/364/444
f 704/1126/1730 705/1127/1731 719/364/444
f 545/268/1194 539/1189/1555 822/894/1195
f 539/1189/1732 821/1192/1554 822/894/1195
f 854/1129/1733 781/1130/1558 858/1193/1088
f 781/1130/1558 782/1194/1089 858/1193/1088
f 793/377/463 794/1131/1734 840/375/1735
f 794/1131/1560 843/1132/1561 840/375/1735
f 799/530/667 800/1134/1564 836/528/665
f 800/1134/1564 837/1133/1563 836/528/1736
f 806/1195/1737 805/1196/1738 798/1197/1739
f 805/1196/1738 799/1198/1740 798/1197/1739
f 805/1196/1738 804/1199/1741 799/1198/1740
f 804/1199/1742 800/1200/1743 799/1198/1740
f 803/1201/1744 801/1202/1745 804/1199/1742
f 801/1202/1745 800/1200/1746 804/1199/1741
f 803/1201/1744 802/1203/1747 801/1202/1745
f 813/1204/1748 812/1205/1749 811/1206/1750
f 814/1207/1751 810/1208/1752 815/1209/1753
f 810/1208/1752 809/1210/1754 815/1209/1753
f 813/1204/1748 811/1206/1750 814/1207/1751
f 811/1206/1750 810/1208/1752 814/1207/1751
f 874/1211/1755 879/1212/1756 808/1213/1757
f 879/1212/1756 796/1214/1758 808/1213/1757
f 808/1213/1757 796/1214/1759 809/1210/1754
f 796/1214/1759 898/1215/1760 809/1210/1754
f 809/1210/1754 898/1215/1761 815/1209/1753
f 806/1195/1737 798/1197/1762 817/1216/1763
f 798/1197/1762 816/1217/1764 817/1216/1763
f 817/1216/1763 816/1217/1765 807/1218/1766
f 816/1217/1765 797/1219/1767 807/1218/1766
f 780/1220/1768 784/1221/1769 781/1222/1770
f 784/1221/1769 783/1223/1771 781/1222/1772
f 783/1223/1773 782/1224/1774 781/1222/1772
f 785/1225/1775 779/1226/1776 786/1227/1777
f 779/1226/1776 778/1228/1778 786/1227/1777
f 784/1221/1769 780/1220/1768 785/1225/1775
f 780/1220/1768 779/1226/1776 785/1225/1775
f 788/1229/1779 776/1230/1780 789/1231/1781
f 790/1232/1782 789/1231/1781 775/1233/1783
f 789/1231/1781 776/1230/1784 775/1233/1783
f 786/1227/1777 778/1228/1785 787/1234/1786
f 778/1228/1778 777/1235/1787 787/1234/1786
f 787/1234/1786 777/1235/1787 788/1229/1779
f 777/1235/1787 776/1230/1780 788/1229/1779
f 790/1232/1782 775/1233/1783 791/1236/1788
f 775/1233/1789 795/1237/1790 791/1236/1788
f 794/1238/1791 792/1239/1792 795/1237/1790
f 792/1239/1793 791/1236/1788 795/1237/1790
f 794/1238/1794 793/1240/1795 792/1239/1792
f 332/1241/1796 502/1242/30 230/852/1138
f 502/1242/30 282/850/1135 230/852/1136
f 449/934/1258 392/170/220 479/706/912
f 392/170/220 481/168/219 479/706/912
f 382/964/1590 678/965/1797 413/1141/1591
f 678/965/1797 681/1243/1798 413/1141/1591
f 92/179/65 184/51/64 153/17/229
f 184/51/64 513/19/22 153/17/229
f 188/22/25 512/21/24 189/440/232
f 512/21/24 92/54/65 189/440/552
f 102/41/46 156/40/45 861/32/38
f 156/40/45 187/34/39 861/32/1799
f 163/194/865 164/188/242 862/43/48
f 164/188/969 192/42/47 862/43/1800
f 500/2/1801 188/22/25 74/4/4
f 188/22/25 75/438/550 74/4/60
f 80/388/474 509/426/533 10/1089/1482
f 509/426/533 508/428/535 10/1089/1802
f 22/678/860 54/204/258 76/385/471
f 54/204/1803 78/1177/1657 76/385/471
f 865/47/508 72/412/510 78/1177/1804
f 500/2/1805 863/1/133 538/20/23
f 863/1/133 8/37/42 538/20/23
f 511/99/132 77/701/902 863/1/1
f 77/701/902 8/37/42 863/1/133
f 72/412/510 533/413/511 864/35/40
f 533/413/1487 532/36/41 864/35/1806
f 72/412/510 864/35/1806 78/1177/1657
f 864/35/1806 77/701/902 78/1177/1657
f 54/204/1803 3/49/1807 78/1177/1657
f 3/49/56 865/47/54 78/1177/1657
f 555/186/240 550/394/483 521/131/1808
f 550/394/483 523/130/169 521/131/170
f 551/75/484 288/77/487 249/76/93
f 288/77/95 286/78/96 249/76/93
f 295/9/10 536/7/7 293/8/9
f 294/6/8 61/5/5 296/91/118
f 246/59/94 248/61/1809 551/75/484
f 248/61/1809 524/15/17 551/75/484
f 176/101/1810 877/1244/1811 546/103/137
f 877/1244/1812 876/1184/1813 546/103/137
f 114/72/86 878/70/84 176/101/135
f 878/70/84 877/1244/1811 176/101/1810
f 453/1180/1814 451/962/1815 395/1140/1589
f 451/962/1298 382/964/1590 395/1140/1589
f 478/458/578 407/265/334 480/1093/1507
f 407/265/334 453/1180/1814 480/1093/1507
f 407/265/334 408/264/1816 453/1180/1675
f 408/264/333 451/962/1298 453/1180/1675
f 413/1141/1591 681/1243/1798 381/628/1245
f 681/1243/1798 679/629/804 381/628/803
f 408/264/1816 677/1245/1817 451/962/1298
f 677/1245/1818 683/963/1299 451/962/1815
f 476/456/575 447/267/1819 478/458/578
f 447/267/336 407/265/334 478/458/578
f 867/1246/1820 677/1245/1817 408/264/333
f 481/168/219 829/165/214 479/706/912
f 829/165/214 412/164/213 479/706/912
f 481/168/219 828/167/216 830/171/221
f 477/584/748 411/705/1821 476/456/577
f 411/705/1822 447/267/336 476/456/577
f 411/705/1821 409/761/1013 447/267/1819
f 409/761/1013 448/266/335 447/267/1819
f 409/761/1013 411/705/1822 482/459/1016
f 411/705/1822 412/164/213 482/459/1016
f 251/83/1823 250/213/1824 283/65/104
f 250/213/1824 245/66/1526 283/65/104
f 138/71/1825 160/539/1826 866/68/1827
f 160/539/678 158/67/1828 866/68/82
f 869/836/1103 868/69/83 866/68/82
f 868/69/1829 138/71/87 866/68/1830
f 873/1247/1831 867/1246/1832 448/266/335
f 867/1246/1832 408/264/333 448/266/335
f 869/836/1103 867/1248/1832 868/69/83
f 867/1248/1832 873/1249/1833 868/69/83
f 870/835/1102 677/1250/1817 869/836/1103
f 677/1250/1818 867/1248/1820 869/836/1103
f 871/1109/1529 685/1251/1834 870/835/1525
f 685/1251/1835 677/1250/1836 870/835/1525
f 526/1252/1837 685/1251/145 872/1158/1623
f 685/1251/1838 871/1109/1624 872/1158/1623
f 483/1018/1388 873/1247/1833 448/266/335
f 875/671/854 826/831/1095 874/673/1839
f 826/831/1095 807/830/1094 874/673/855
f 547/1253/653 826/1254/654 876/1184/1702
f 826/1254/654 875/1185/1840 876/1184/1702
f 281/1255/1015 547/1253/1017 877/1244/1841
f 547/1253/1017 876/1184/1813 877/1244/1811
f 483/1256/1388 281/1255/1842 878/70/84
f 281/1255/1015 877/1244/1812 878/70/84
f 878/70/84 868/69/83 483/1256/1388
f 868/69/1829 873/1249/1833 483/1256/1388
f 232/1257/1843 233/149/192 361/847/1125
f 233/149/192 363/437/547 361/847/1125
f 230/852/1136 371/853/1844 232/1257/1845
f 371/853/1846 233/149/192 232/1257/1845
f 331/1258/1847 232/1257/1845 360/571/1124
f 232/1257/1848 361/847/1125 360/571/1124
f 332/1241/1849 230/852/1138 331/1258/1847
f 230/852/1136 232/1257/1845 331/1258/1847
f 365/152/548 836/151/194 837/153/196
f 835/154/197 334/518/652 365/152/195
f 334/518/652 213/767/1023 365/152/195
f 879/729/965 880/730/966 796/1259/1850
f 880/730/966 833/1260/1851 796/1259/1850
f 833/1261/1852 880/984/1853 548/1262/1854
f 880/984/1326 881/63/1328 548/1262/1854
f 548/1262/1855 881/63/77 84/1263/1856
f 881/63/1857 882/23/26 84/1263/1856
f 84/1263/1856 882/23/26 24/1264/1858
f 882/23/26 883/25/28 24/1264/1858
f 24/1264/1859 883/25/28 501/1265/1860
f 883/25/28 890/28/32 501/1265/1860
f 525/1266/138 885/803/1062 686/1267/141
f 885/803/1062 886/804/1063 686/1267/141
f 690/1268/1861 686/1267/1862 887/1041/1417
f 686/1267/1863 886/804/1418 887/1041/1417
f 888/29/33 690/1268/1170 884/27/31
f 690/1268/1170 887/1041/1864 884/27/31
f 890/28/32 884/27/31 501/1265/1860
f 884/27/31 290/1269/1865 501/1265/1860
f 228/1188/1718 331/1258/1847 362/239/304
f 331/1258/1847 360/571/1124 362/239/302
f 332/1241/1796 331/1258/1847 229/873/1169
f 331/1258/1847 228/1188/1719 229/873/1169
f 335/224/285 229/873/1169 337/226/1379
f 229/873/1169 228/1188/1718 337/226/1379
f 687/1043/1866 693/875/1171 203/223/1497
f 693/875/1171 335/224/285 203/223/1497
f 332/1241/1796 229/873/1867 889/1270/34
f 229/873/1169 888/1271/33 889/1270/34
f 229/873/1169 690/874/1170 888/1271/33
f 292/844/1868 290/1269/1865 887/1041/1869
f 290/1269/1865 884/27/31 887/1041/1869
f 505/1092/1870 506/841/1109 32/918/1871
f 506/841/1109 13/919/1227 32/918/1871
f 34/207/264 37/414/512 15/691/881
f 37/414/512 29/416/514 15/691/881
f 1/754/999 32/918/1226 12/549/690
f 32/918/1226 28/547/688 12/549/690
f 504/753/998 505/1092/1494 1/754/999
f 505/1092/1494 32/918/1872 1/754/1000
f 502/1242/30 332/1241/1796 889/1270/34
f 889/30/34 890/28/32 502/26/30
f 890/28/32 883/25/1873 502/26/30
f 371/853/1466 549/851/1329 839/1079/1874
f 549/851/1329 834/1272/1327 839/1079/1465
f 874/1211/1875 807/1218/1766 879/1212/1756
f 807/1218/1766 797/1219/1876 879/1212/1756
f 859/157/205 855/12/14 146/82/102
f 855/12/1877 891/14/16 146/82/102
f 891/14/16 522/554/1878 146/82/1879
f 522/554/1880 247/81/100 146/82/102
f 891/14/16 524/15/17 522/554/1878
f 524/15/17 248/61/1809 522/554/1878
f 892/79/98 283/65/79 893/80/99
f 283/65/79 158/67/81 893/80/101
f 859/157/205 146/82/1879 103/158/206
f 146/82/102 893/80/101 103/158/206
f 158/67/81 103/158/206 893/80/101
f 895/839/1106 84/1263/1856 894/838/1105
f 84/1263/1856 24/1264/1858 894/838/1881
f 896/658/1882 548/1262/1883 895/839/1106
f 548/1262/1855 84/1263/1856 895/839/1106
f 897/660/840 833/1261/1852 896/658/838
f 833/1261/1852 548/1262/1884 896/658/838
f 897/1173/1650 898/1174/1651 833/1260/1851
f 898/1174/1651 796/1259/1885 833/1260/1886
f 899/97/1887 900/927/1244 292/844/1888
f 900/927/1889 290/1269/1865 292/844/1890
f 901/561/1260 501/1265/1860 900/927/1889
f 501/1265/1860 290/1269/1865 900/927/1244
f 902/559/717 24/1264/1858 901/561/1260
f 24/1264/1858 501/1265/1860 901/561/1260
f 894/838/1105 24/1264/1858 902/559/717
f 903/147/1891 904/148/191 104/1137/1892
f 904/148/191 169/912/1216 104/1137/1575
f 904/148/191 905/182/235 169/912/1216
f 905/182/235 111/911/1215 169/912/1893
f 905/182/235 906/681/866 111/911/1215
f 906/681/866 166/1001/1356 111/911/1215
f 852/143/186 913/144/187 856/1273/1894
f 913/144/187 912/1274/1895 856/1273/1894
f 906/681/866 862/43/48 166/1001/1356
f 862/43/48 102/41/46 166/1001/1356
f 168/156/201 907/1136/1896 170/243/307
f 907/1136/1574 908/910/1214 170/243/307
f 165/442/1897 170/243/307 909/909/1213
f 170/243/307 908/910/1214 909/909/1480
f 167/441/1898 165/442/1897 910/1000/1354
f 165/442/555 909/909/1480 910/1000/1354
f 857/133/1899 856/1273/1894 911/135/174
f 856/1273/1894 912/1274/1900 911/135/174
f 861/32/1799 155/31/35 910/1000/1354
f 155/31/733 167/441/554 910/1000/1354
f 174/134/175 521/131/170 858/129/1901
f 107/116/154 848/118/182 841/140/181
f 911/135/174 912/1274/1895 907/1136/1574
f 912/1274/1895 104/1137/1575 907/1136/1574
f 913/144/1902 903/147/1891 912/1274/1895
f 903/147/1891 104/1137/1575 912/1274/1895
f 914/122/185 171/145/188 913/144/187
f 171/145/864 903/147/1891 913/144/187
f 120/120/158 101/680/873 914/122/185
f 101/680/873 171/145/864 914/122/185
f 174/134/198 911/135/174 168/156/201
f 911/135/174 907/1136/1574 168/156/201
f 946/1275/1903 925/1276/1904 947/1277/1905
f 947/1277/1905 925/1276/1904 931/1278/1906
f 945/1279/1907 944/1280/1908 928/1281/1909
f 928/1281/1909 944/1280/1908 926/1282/1910
f 964/1283/1911 965/1284/1912 945/1279/1907
f 945/1279/1907 965/1284/1912 944/1280/1913
f 956/1285/1914 966/1286/1915 918/1287/1916
f 918/1287/1916 966/1286/1915 967/1288/1917
f 949/1289/1918 923/1290/1919 969/1291/1920
f 969/1291/1920 923/1290/1919 968/1292/1921
f 971/1293/1922 947/1277/1905 970/1294/1923
f 970/1294/1923 947/1277/1905 948/1295/1924
f 970/1294/1923 948/1295/1925 972/1296/1926
f 972/1296/1927 948/1295/1928 949/1289/1918
f 973/1297/1929 946/1275/1903 971/1293/1922
f 971/1293/1922 946/1275/1903 947/1277/1905
f 934/1298/1930 917/1299/1931 918/1287/1932
f 918/1287/1916 917/1299/1931 919/1300/1933
f 935/1301/1934 922/1302/1935 916/1303/1936
f 916/1303/1936 922/1302/1937 921/1304/1938
f 922/1302/1937 935/1301/1934 975/1305/1939
f 975/1305/1940 935/1301/1934 974/1306/1941
f 934/1298/1930 942/1307/1942 917/1299/1931
f 917/1299/1931 942/1307/1942 941/1308/1943
f 932/1309/1944 940/1310/1945 915/1311/1946
f 915/1311/1946 940/1310/1945 939/1312/1947
f 938/1313/1948 937/1314/1949 929/1315/1950
f 929/1315/1950 937/1314/1951 916/1303/1936
f 974/1306/1941 935/1301/1934 976/1316/1952
f 976/1316/1952 935/1301/1934 936/1317/1953
f 973/1297/1929 964/1283/1911 946/1275/1903
f 946/1275/1903 964/1283/1911 945/1279/1907
f 928/1281/1909 925/1276/1904 945/1279/1907
f 945/1279/1907 925/1276/1904 946/1275/1903
f 929/1315/1950 915/1311/1946 938/1313/1948
f 938/1313/1954 915/1311/1946 939/1312/1947
f 947/1277/1905 931/1278/1906 948/1295/1955
f 948/1295/1955 931/1278/1906 924/1318/1956
f 940/1310/1945 932/1309/1944 941/1308/1957
f 941/1308/1943 932/1309/1944 917/1299/1958
f 942/1307/1942 934/1298/1930 978/1319/1959
f 978/1319/1959 934/1298/1930 977/1320/1960
f 918/1287/1961 967/1288/1917 934/1298/1930
f 934/1298/1962 967/1288/1963 977/1320/1960
f 937/1314/1949 936/1317/1953 916/1303/1936
f 916/1303/1936 936/1317/1953 935/1301/1934
f 976/1316/1952 936/1317/1953 979/1321/1964
f 979/1321/1964 936/1317/1953 927/1322/1965
f 926/1282/1910 927/1322/1965 937/1314/1949
f 937/1314/1951 927/1322/1965 936/1317/1953
f 928/1281/1909 926/1282/1910 938/1313/1948
f 938/1313/1954 926/1282/1910 937/1314/1951
f 925/1276/1904 928/1281/1909 939/1312/1947
f 939/1312/1947 928/1281/1909 938/1313/1948
f 940/1310/1945 931/1278/1906 939/1312/1947
f 939/1312/1947 931/1278/1906 925/1276/1904
f 931/1278/1906 940/1310/1945 924/1318/1956
f 924/1318/1956 940/1310/1945 941/1308/1943
f 942/1307/1942 923/1290/1919 941/1308/1943
f 941/1308/1966 923/1290/1919 924/1318/1956
f 923/1290/1919 942/1307/1942 968/1292/1921
f 968/1292/1921 942/1307/1942 978/1319/1959
f 948/1295/1928 924/1318/1956 949/1289/1918
f 949/1289/1967 924/1318/1956 923/1290/1919
f 965/1284/1912 980/1323/1968 944/1280/1908
f 944/1280/1913 980/1323/1968 943/1324/1969
f 944/1280/1913 943/1324/1970 926/1282/1910
f 926/1282/1910 943/1324/1970 927/1322/1965
f 943/1324/1970 981/1325/1971 927/1322/1965
f 927/1322/1965 981/1325/1971 979/1321/1972
f 981/1325/1971 943/1324/1969 982/1326/1973
f 982/1326/1973 943/1324/1970 980/1323/1968
f 972/1296/1927 949/1289/1918 983/1327/1974
f 983/1327/1974 949/1289/1918 969/1291/1920
f 984/1328/1975 985/1329/1976 963/1330/1977
f 963/1330/1978 985/1329/1976 986/1331/1979
f 917/1299/1931 932/1309/1944 919/1300/1933
f 919/1300/1933 932/1309/1944 933/1332/1980
f 916/1303/1936 921/1304/1938 929/1315/1981
f 929/1315/1981 921/1304/1938 930/1333/1982
f 929/1315/1981 930/1333/1982 915/1311/1946
f 915/1311/1946 930/1333/1982 920/1334/1983
f 920/1334/1983 933/1332/1980 915/1311/1946
f 915/1311/1946 933/1332/1980 932/1309/1944
f 959/1335/1984 960/1336/1985 988/1337/1986
f 988/1337/1986 960/1336/1985 987/1338/1987
f 961/1339/1988 989/1340/1989 960/1336/1985
f 960/1336/1985 989/1340/1989 987/1338/1987
f 988/1337/1986 990/1341/1990 959/1335/1984
f 959/1335/1984 990/1341/1990 958/1342/1991
f 989/1340/1989 961/1339/1988 991/1343/1992
f 991/1343/1992 961/1339/1988 962/1344/1993
f 991/1343/1992 962/1344/1994 986/1331/1979
f 986/1331/1979 962/1344/1994 963/1330/1978
f 951/1345/1995 950/1346/1996 933/1332/1980
f 933/1332/1980 950/1346/1996 919/1300/1933
f 952/1347/1997 951/1345/1998 920/1334/1983
f 920/1334/1983 951/1345/1995 933/1332/1980
f 930/1333/1982 953/1348/1999 920/1334/2000
f 920/1334/1983 953/1348/1999 952/1347/1997
f 953/1348/1999 930/1333/1982 954/1349/2001
f 954/1349/2001 930/1333/1982 921/1304/1938
f 954/1349/2002 921/1304/1938 955/1350/2003
f 955/1350/2004 921/1304/1938 922/1302/1937
f 975/1305/1939 992/1351/2005 922/1302/1937
f 922/1302/1935 992/1351/2005 955/1350/2004
f 966/1286/1915 956/1285/1914 993/1352/2006
f 993/1352/2006 956/1285/1914 957/1353/2007
f 950/1346/2008 956/1285/1914 919/1300/1933
f 919/1300/2009 956/1285/1914 918/1287/1916
f 957/1353/2007 958/1342/2010 994/1354/2011
f 994/1354/2012 958/1342/2010 990/1341/1990
f 956/1285/1914 950/1346/1996 957/1353/2007
f 957/1353/2007 950/1346/1996 958/1342/1991
f 959/1335/1984 958/1342/2010 951/1345/1998
f 951/1345/1995 958/1342/2010 950/1346/2008
f 960/1336/1985 959/1335/1984 952/1347/1997
f 952/1347/1997 959/1335/1984 951/1345/1995
f 953/1348/1999 961/1339/1988 952/1347/1997
f 952/1347/1997 961/1339/1988 960/1336/1985
f 961/1339/1988 953/1348/1999 962/1344/1994
f 962/1344/1994 953/1348/1999 954/1349/2001
f 962/1344/1993 954/1349/2013 963/1330/1977
f 963/1330/1978 954/1349/2001 955/1350/2004
f 992/1351/2005 984/1328/2014 955/1350/2004
f 955/1350/2004 984/1328/1975 963/1330/1978
f 993/1352/2006 957/1353/2007 995/1355/2015
f 995/1355/2016 957/1353/2007 994/1354/2011
f 1097/1356/2017 1098/1357/2018 985/1329/2019
f 985/1329/2019 1098/1357/2018 986/1331/1979
f 1098/1357/2018 1099/1358/2020 986/1331/1979
f 986/1331/1979 1099/1358/2021 991/1343/1992
f 1100/1359/2022 1101/1360/2023 989/1340/1989
f 989/1340/1989 1101/1360/2023 987/1338/1987
f 1086/1361/2024 1087/1362/2025 964/1283/1911
f 964/1283/1911 1087/1362/2026 965/1284/2027
f 1088/1363/2028 980/1323/1968 1087/1362/2025
f 1087/1362/2026 980/1323/1968 965/1284/2027
f 1085/1364/2029 1086/1361/2030 973/1297/1929
f 973/1297/2031 1086/1361/2024 964/1283/1911
f 1089/1365/2032 982/1326/1973 1088/1363/2033
f 1088/1363/2033 982/1326/1973 980/1323/2034
f 1090/1366/2035 981/1325/1971 1089/1365/2036
f 1089/1365/2037 981/1325/1971 982/1326/1973
f 1102/1367/2038 988/1337/1986 1101/1360/2023
f 1101/1360/2023 988/1337/1986 987/1338/1987
f 1104/1368/2039 994/1354/2011 1103/1369/2040
f 1103/1369/2040 994/1354/2011 990/1341/1990
f 1105/1370/2041 995/1355/2016 1104/1368/2042
f 1104/1368/2039 995/1355/2016 994/1354/2011
f 1075/1371/2043 966/1286/1915 1106/1372/2044
f 1106/1372/2044 966/1286/1915 993/1352/2006
f 1076/1373/2045 967/1288/1917 1075/1371/2043
f 1075/1371/2043 967/1288/1963 966/1286/1915
f 1078/1374/2046 1079/1375/2047 978/1319/1959
f 978/1319/1959 1079/1375/2048 968/1292/1921
f 1079/1375/2048 1080/1376/2049 968/1292/1921
f 968/1292/1921 1080/1376/2049 969/1291/1920
f 1080/1376/2050 1081/1377/2051 969/1291/1920
f 969/1291/1920 1081/1377/2051 983/1327/1974
f 1078/1374/2052 978/1319/1959 1077/1378/2053
f 1077/1378/2054 978/1319/1959 977/1320/1960
f 1082/1379/2055 1083/1380/2056 972/1296/1927
f 972/1296/1926 1083/1380/2056 970/1294/1923
f 1084/1381/2057 971/1293/1922 1083/1380/2056
f 1083/1380/2056 971/1293/1922 970/1294/2058
f 1085/1364/2059 973/1297/2060 1084/1381/2057
f 1084/1381/2057 973/1297/1929 971/1293/1922
f 1081/1377/2051 1082/1379/2061 983/1327/1974
f 983/1327/2062 1082/1379/2055 972/1296/2063
f 1077/1378/2053 977/1320/1960 1076/1373/2045
f 1076/1373/2045 977/1320/1960 967/1288/1917
f 1095/1382/2064 1096/1383/2065 992/1351/2005
f 992/1351/2005 1096/1383/2065 984/1328/2014
f 1094/1384/2066 1095/1382/2064 975/1305/1939
f 975/1305/1939 1095/1382/2064 992/1351/2067
f 1091/1385/2068 979/1321/1972 1090/1366/2069
f 1090/1366/2035 979/1321/1972 981/1325/1971
f 1092/1386/2070 976/1316/1952 1091/1385/2071
f 1091/1385/2068 976/1316/1952 979/1321/1972
f 1092/1386/2070 1093/1387/2072 976/1316/1952
f 976/1316/1952 1093/1387/2072 974/1306/2073
f 1093/1387/2072 1094/1384/2074 974/1306/1941
f 974/1306/1941 1094/1384/2066 975/1305/1939
f 1037/1388/2075 1038/1389/2076 1064/1390/2077
f 1064/1390/2077 1038/1389/2076 1063/1391/2078
f 1072/1392/2079 1054/1393/2080 1073/1394/2081
f 1073/1394/2081 1054/1393/2080 1053/1395/2082
f 1067/1396/2083 1042/1397/2084 1068/1398/2085
f 1068/1398/2086 1042/1397/2084 1058/1399/2087
f 1038/1389/2076 1039/1400/2088 1063/1391/2078
f 1063/1391/2078 1039/1400/2088 1062/1401/2089
f 1071/1402/2090 1055/1403/2091 1072/1392/2092
f 1072/1392/2092 1055/1403/2091 1054/1393/2080
f 1039/1400/2088 1040/1404/2093 1062/1401/2089
f 1062/1401/2089 1040/1404/2093 1060/1405/2094
f 1055/1403/2091 1071/1402/2090 1056/1406/2095
f 1056/1406/2095 1071/1402/2090 1070/1407/2096
f 1061/1408/2097 1060/1405/2094 1041/1409/2098
f 1041/1409/2099 1060/1405/2094 1040/1404/2093
f 1056/1406/2095 1070/1407/2100 1057/1410/2101
f 1057/1410/2101 1070/1407/2102 1069/1411/2103
f 1035/1412/2104 1036/1413/2105 1066/1414/2106
f 1066/1414/2106 1036/1413/2105 1065/1415/2107
f 1057/1410/2101 1069/1411/2103 1058/1399/2087
f 1058/1399/2108 1069/1411/2103 1068/1398/2085
f 1052/1416/2109 1051/1417/2110 1074/1418/2111
f 1036/1413/2105 1037/1388/2075 1065/1415/2107
f 1065/1415/2107 1037/1388/2075 1064/1390/2112
f 1067/1396/2083 1061/1408/2097 1042/1397/2084
f 1042/1397/2084 1061/1408/2113 1041/1409/2099
f 1073/1394/2081 1053/1395/2082 1074/1418/2114
f 1074/1418/2111 1053/1395/2082 1052/1416/2109
f 1035/1412/2104 1066/1414/2106 1034/1419/2115
f 1034/1419/2115 1066/1414/2106 1019/1420/2116
f 1019/1420/2116 1066/1414/2117 1016/1421/2118
f 1051/1417/2110 1027/1422/2119 1074/1418/2111
f 1074/1418/2111 1027/1422/2119 1026/1423/2120
f 1051/1417/2121 1050/1424/2122 1027/1422/2119
f 1027/1422/2119 1050/1424/2122 1024/1425/2123
f 1064/1390/2077 1063/1391/2078 1017/1426/2124
f 1017/1426/2124 1063/1391/2078 1018/1427/2125
f 1050/1424/2122 1049/1428/2126 1024/1425/2127
f 1024/1425/2127 1049/1428/2126 1023/1429/2128
f 1073/1394/2081 1025/1430/2129 1072/1392/2092
f 1072/1392/2092 1025/1430/2129 1007/1431/2130
f 1068/1398/2086 1003/1432/2131 1067/1396/2083
f 1067/1396/2083 1003/1432/2131 1005/1433/2132
f 1063/1391/2078 1062/1401/2089 1018/1427/2133
f 1018/1427/2133 1062/1401/2089 1021/1434/2134
f 1047/1435/2135 1046/1436/2136 997/1437/2137
f 997/1437/2137 1046/1436/2136 996/1438/2138
f 1072/1392/2079 1007/1431/2130 1071/1402/2090
f 1071/1402/2090 1007/1431/2130 1006/1439/2139
f 1033/1440/2140 1014/1441/2141 1032/1442/2142
f 1032/1442/2143 1014/1441/2141 1013/1443/2144
f 1046/1436/2136 1045/1444/2145 996/1438/2138
f 996/1438/2138 1045/1444/2145 998/1445/2146
f 1034/1419/2147 1019/1420/2116 1033/1440/2140
f 1033/1440/2140 1019/1420/2116 1014/1441/2148
f 1062/1401/2089 1060/1405/2094 1021/1434/2134
f 1021/1434/2134 1060/1405/2094 1020/1446/2149
f 1049/1428/2126 1048/1447/2150 1023/1429/2151
f 1023/1429/2151 1048/1447/2150 1001/1448/2152
f 1071/1402/2153 1006/1439/2139 1070/1407/2102
f 1070/1407/2102 1006/1439/2154 1004/1449/2155
f 1030/1450/2156 1011/1451/2157 1029/1452/2158
f 1029/1452/2159 1011/1451/2157 1010/1453/2160
f 1048/1447/2161 1047/1435/2135 1001/1448/2152
f 1001/1448/2152 1047/1435/2135 997/1437/2162
f 1029/1452/2163 1010/1453/2160 1028/1454/2164
f 1028/1454/2164 1010/1453/2165 1008/1455/2166
f 1045/1444/2145 1059/1456/2167 998/1445/2146
f 998/1445/2168 1059/1456/2167 999/1457/2169
f 1031/1458/2170 1012/1459/2171 1030/1450/2172
f 1030/1450/2172 1012/1459/2173 1011/1451/2157
f 1060/1405/2094 1061/1408/2097 1020/1446/2149
f 1020/1446/2149 1061/1408/2113 1022/1460/2174
f 1059/1456/2167 1044/1461/2175 999/1457/2176
f 999/1457/2169 1044/1461/2175 1000/1462/2177
f 1070/1407/2096 1004/1449/2178 1069/1411/2103
f 1069/1411/2103 1004/1449/2179 1002/1463/2180
f 1032/1442/2142 1013/1443/2181 1031/1458/2170
f 1031/1458/2170 1013/1443/2144 1012/1459/2171
f 1028/1454/2164 1008/1455/2166 1043/1464/2182
f 1043/1464/2182 1008/1455/2183 1009/1465/2184
f 1066/1414/2106 1065/1415/2185 1016/1421/2186
f 1016/1421/2186 1065/1415/2187 1015/1466/2188
f 1069/1411/2103 1002/1463/2180 1068/1398/2085
f 1068/1398/2086 1002/1463/2180 1003/1432/2131
f 1043/1464/2182 1009/1465/2184 1044/1467/2175
f 1044/1467/2175 1009/1465/2184 1000/1468/2189
f 1017/1426/2124 1015/1466/2188 1064/1390/2077
f 1064/1390/2077 1015/1466/2188 1065/1415/2107
f 1061/1408/2097 1067/1396/2083 1022/1460/2174
f 1022/1460/2174 1067/1396/2083 1005/1433/2132
f 1074/1418/2111 1026/1423/2120 1073/1394/2081
f 1073/1394/2190 1026/1423/2120 1025/1430/2129
f 1106/1372/2044 993/1352/2006 1105/1370/2041
f 1105/1370/2041 993/1352/2006 995/1355/2015
f 1096/1383/2065 1097/1356/2017 984/1328/2014
f 984/1328/2014 1097/1356/2017 985/1329/2019
f 1099/1358/2020 1100/1359/2022 991/1343/1992
f 991/1343/1992 1100/1359/2022 989/1340/1989
f 1103/1369/2040 990/1341/1990 1102/1367/2191
f 1102/1367/2192 990/1341/2193 988/1337/1986
f 1014/1469/2141 1076/1373/2045 1013/1470/2144
f 1013/1470/2181 1076/1373/2045 1075/1371/2043
f 1019/1471/2116 1077/1378/2053 1014/1469/2148
f 1014/1469/2141 1077/1378/2053 1076/1373/2045
f 1016/1472/2186 1078/1374/2052 1019/1471/2116
f 1019/1471/2116 1078/1374/2052 1077/1378/2054
f 1016/1472/2186 1015/1473/2188 1078/1374/2052
f 1078/1374/2052 1015/1473/2188 1079/1375/2047
f 1015/1473/2188 1017/1474/2124 1079/1375/2047
f 1079/1375/2047 1017/1474/2124 1080/1376/2049
f 1017/1474/2124 1018/1475/2125 1080/1376/2049
f 1080/1376/2050 1018/1475/2194 1081/1377/2051
f 1018/1475/2125 1021/1476/2195 1081/1377/2051
f 1081/1377/2051 1021/1476/2134 1082/1379/2055
f 1021/1476/2195 1020/1477/2196 1082/1379/2055
f 1082/1379/2055 1020/1477/2197 1083/1380/2056
f 1022/1478/2198 1084/1381/2057 1020/1477/2149
f 1020/1477/2149 1084/1381/2199 1083/1380/2056
f 1005/1479/2200 1085/1364/2029 1022/1478/2174
f 1022/1478/2174 1085/1364/2201 1084/1381/2057
f 1005/1479/2132 1003/1480/2131 1085/1364/2029
f 1085/1364/2201 1003/1480/2131 1086/1361/2030
f 1003/1480/2202 1002/1481/2180 1086/1361/2024
f 1086/1361/2030 1002/1481/2180 1087/1362/2026
f 1004/1482/2178 1088/1363/2028 1002/1481/2203
f 1002/1481/2180 1088/1363/2033 1087/1362/2026
f 1006/1483/2154 1089/1365/2032 1004/1482/2179
f 1004/1482/2178 1089/1365/2032 1088/1363/2033
f 1007/1484/2130 1090/1366/2035 1006/1483/2154
f 1006/1483/2154 1090/1366/2069 1089/1365/2032
f 1025/1485/2129 1091/1385/2204 1007/1484/2130
f 1007/1484/2130 1091/1385/2071 1090/1366/2035
f 1026/1486/2120 1092/1386/2070 1025/1485/2129
f 1025/1485/2129 1092/1386/2070 1091/1385/2068
f 1026/1486/2120 1027/1487/2119 1092/1386/2070
f 1092/1386/2070 1027/1487/2119 1093/1387/2072
f 1027/1487/2119 1024/1488/2127 1093/1387/2072
f 1093/1387/2072 1024/1488/2127 1094/1384/2066
f 1024/1488/2127 1023/1489/2128 1094/1384/2074
f 1094/1384/2066 1023/1489/2128 1095/1382/2064
f 1023/1489/2205 1001/1490/2152 1095/1382/2064
f 1095/1382/2064 1001/1490/2152 1096/1383/2065
f 1097/1356/2017 1096/1383/2065 997/1491/2137
f 997/1491/2137 1096/1383/2065 1001/1490/2152
f 997/1491/2206 996/1492/2138 1097/1356/2017
f 1097/1356/2017 996/1492/2138 1098/1357/2018
f 996/1492/2138 998/1493/2146 1098/1357/2018
f 1098/1357/2018 998/1493/2146 1099/1358/2021
f 998/1493/2146 999/1494/2176 1099/1358/2021
f 1099/1358/2021 999/1494/2169 1100/1359/2022
f 999/1494/2207 1000/1495/2177 1100/1359/2022
f 1100/1359/2022 1000/1495/2177 1101/1360/2208
f 1009/1496/2184 1102/1367/2209 1000/1495/2189
f 1000/1495/2210 1102/1367/2191 1101/1360/2023
f 1008/1497/2211 1103/1369/2040 1009/1496/2184
f 1009/1496/2184 1103/1369/2040 1102/1367/2209
f 1010/1498/2160 1104/1368/2039 1008/1497/2166
f 1008/1497/2166 1104/1368/2039 1103/1369/2040
f 1011/1499/2157 1105/1370/2041 1010/1498/2160
f 1010/1498/2160 1105/1370/2041 1104/1368/2039
f 1012/1500/2171 1106/1372/2044 1011/1499/2157
f 1011/1499/2157 1106/1372/2044 1105/1370/2212
f 1013/1470/2181 1075/1371/2043 1012/1500/2171
f 1012/1500/2171 1075/1371/2043 1106/1372/2044
f 1118/1501/2213 1211/1502/2214 1210/1503/2215
f 1214/1504/2216 1113/1505/2217 1181/1506/2218
f 1294/1507/2219 1107/1508/2220 1288/1509/2221
f 1107/1508/2220 1271/1510/2222 1288/1509/2223
f 1286/1511/2224 1293/1512/2225 1287/1513/2226
f 1169/1514/2227 1110/1515/2228 1170/1516/2229
f 1110/1515/2230 1109/1517/2231 1170/1516/2229
f 1111/1518/2232 1175/1519/2233 1174/1520/2234
f 1173/1521/2235 1172/1522/2236 1109/1517/2231
f 1172/1522/2236 1171/1523/2237 1109/1517/2231
f 1175/1519/2233 1111/1518/2238 1176/1524/2239
f 1111/1518/2232 1112/1525/2240 1176/1524/2241
f 1286/1511/2224 1284/1526/2242 1293/1512/2243
f 1284/1526/2244 1113/1505/2217 1293/1512/2225
f 1181/1506/2245 1113/1505/2217 1182/1527/2246
f 1113/1505/2217 1168/1528/2247 1182/1527/2248
f 1177/1529/2249 1112/1525/2240 1179/1530/2250
f 1112/1525/2251 1180/1531/2252 1179/1530/2253
f 1112/1525/2240 1178/1532/2254 1180/1531/2255
f 1214/1504/2216 1186/1533/2256 1113/1505/2217
f 1186/1533/2257 1293/1512/2225 1113/1505/2217
f 1192/1534/2258 1212/1535/2259 1293/1512/2225
f 1212/1535/2259 1294/1507/2219 1293/1512/2225
f 1215/1536/2260 1108/1537/2261 1216/1538/2262
f 1108/1537/2261 1117/1539/2263 1216/1538/2262
f 1206/1540/2264 1195/1541/2265 1114/1542/2266
f 1294/1507/2219 1116/1543/2267 1107/1508/2220
f 1212/1535/2259 1289/1544/2268 1294/1507/2269
f 1192/1534/2258 1293/1512/2225 1213/1545/2270
f 1186/1533/2271 1187/1546/2272 1293/1512/2225
f 1293/1512/2225 1187/1546/2273 1213/1545/2274
f 1107/1508/2220 1108/1537/2261 1272/1547/2275
f 1108/1537/2261 1273/1548/2276 1272/1547/2277
f 1107/1508/2220 1272/1547/2277 1271/1510/2222
f 1275/1549/2278 1274/1550/2279 1215/1536/2280
f 1274/1550/2279 1108/1537/2261 1215/1536/2260
f 1276/1551/2281 1275/1549/2282 1194/1552/2283
f 1275/1549/2278 1215/1536/2260 1194/1552/2283
f 1194/1552/2283 1193/1553/2284 1276/1551/2281
f 1278/1554/2285 1190/1555/2286 1189/1556/2287
f 1184/1557/2288 1279/1558/2289 1188/1559/2290
f 1111/1518/2291 1283/1560/2292 1112/1525/2240
f 1283/1560/2292 1282/1561/2293 1112/1525/2251
f 1281/1562/2294 1112/1525/2240 1282/1561/2293
f 1109/1517/2231 1110/1515/2230 1284/1526/2242
f 1110/1515/2230 1113/1505/2217 1284/1526/2244
f 1284/1526/2244 1285/1563/2295 1109/1517/2231
f 1285/1563/2295 1111/1518/2232 1109/1517/2231
f 1111/1518/2232 1285/1563/2295 1283/1560/2292
f 1210/1503/2215 1198/1564/2296 1291/1565/2297
f 1205/1566/2298 1206/1540/2264 1291/1565/2297
f 1196/1567/2299 1197/1568/2300 1292/1569/2301
f 1292/1569/2301 1197/1568/2300 1201/1570/2302
f 1207/1571/2303 1292/1569/2301 1208/1572/2304
f 1208/1572/2305 1292/1569/2301 1209/1573/2306
f 1201/1570/2302 1200/1574/2307 1292/1569/2301
f 1200/1574/2308 1203/1575/2309 1292/1569/2301
f 1209/1573/2306 1292/1569/2301 1204/1576/2310
f 1292/1569/2301 1203/1575/2311 1204/1576/2312
f 1173/1577/2313 1174/1578/2314 1149/1579/2315
f 1174/1578/2314 1148/1580/2316 1149/1579/2315
f 1190/1581/2317 1136/1582/2318 1189/1583/2319
f 1136/1582/2318 1137/1584/2320 1189/1583/2319
f 1208/1585/2321 1126/1586/2322 1207/1587/2323
f 1126/1586/2322 1127/1588/2324 1207/1587/2323
f 1217/1589/2325 1235/1590/2326 1233/1591/2327
f 1235/1590/2326 1251/1592/2328 1233/1591/2329
f 1258/1593/2330 1247/1594/2330 1257/1595/2331
f 1247/1594/2330 1241/1596/2331 1257/1595/2331
f 1270/1597/2332 1249/1598/2333 1269/1599/2334
f 1249/1598/2333 1245/1600/2334 1269/1599/2334
f 1231/1601/2335 1469/1602/2336 1227/1603/2337
f 1469/1602/2336 1468/1604/2338 1227/1603/2337
f 1198/1564/2296 1196/1567/2299 1291/1565/2297
f 1196/1567/2339 1292/1569/2301 1291/1565/2297
f 1171/1605/2340 1172/1606/2341 1151/1607/2342
f 1172/1606/2341 1150/1608/2343 1151/1607/2342
f 1139/1609/2344 1184/1610/2345 1138/1611/2346
f 1184/1610/2345 1188/1612/2347 1138/1611/2346
f 1205/1613/2348 1128/1614/2349 1206/1615/2350
f 1128/1614/2349 1129/1616/2351 1206/1615/2352
f 1156/1617/2353 1157/1618/2354 1181/1619/2355
f 1157/1618/2354 1214/1620/2356 1181/1619/2355
f 1252/1621/2357 1238/1622/2358 1234/1623/2359
f 1238/1622/2358 1220/1624/2360 1234/1623/2361
f 1256/1625/2362 1242/1626/2362 1255/1627/2363
f 1242/1626/2362 1248/1628/2363 1255/1627/2363
f 1268/1629/2364 1246/1630/2364 1267/1631/2365
f 1246/1630/2366 1250/1632/2365 1267/1631/2365
f 1224/1633/2367 1223/1634/2368 1473/1635/2369
f 1223/1634/2368 1474/1636/2370 1473/1635/2369
f 1225/1637/2371 1470/1638/2372 1231/1601/2335
f 1470/1638/2372 1469/1602/2336 1231/1601/2335
f 1111/1518/2232 1174/1520/2234 1109/1517/2231
f 1174/1520/2234 1173/1521/2373 1109/1517/2231
f 1172/1606/2374 1173/1577/2375 1150/1608/2343
f 1173/1577/2375 1149/1579/2315 1150/1608/2343
f 1138/1611/2346 1188/1612/2347 1137/1584/2320
f 1188/1612/2347 1189/1583/2319 1137/1584/2320
f 1207/1587/2323 1127/1588/2324 1205/1613/2348
f 1127/1588/2324 1128/1614/2349 1205/1613/2348
f 1215/1639/2376 1132/1640/2377 1194/1641/2378
f 1132/1640/2377 1133/1642/2379 1194/1641/2380
f 1294/1507/2269 1289/1544/2268 1118/1501/2213
f 1289/1544/2268 1211/1502/2381 1118/1501/2382
f 1238/1622/2358 1235/1590/2383 1220/1624/2360
f 1235/1590/2383 1217/1589/2384 1220/1624/2385
f 1257/1595/2331 1241/1596/2331 1256/1625/2362
f 1241/1596/2331 1242/1626/2362 1256/1625/2362
f 1269/1599/2334 1245/1600/2334 1268/1629/2386
f 1245/1600/2334 1246/1630/2386 1268/1629/2386
f 1280/1643/2387 1279/1558/2289 1185/1644/2388
f 1279/1558/2289 1184/1557/2288 1185/1644/2388
f 1220/1624/2360 1461/1645/2389 1234/1623/2361
f 1461/1645/2389 1460/1646/2390 1234/1623/2361
f 1170/1647/2391 1171/1605/2340 1152/1648/2392
f 1171/1605/2340 1151/1607/2393 1152/1648/2392
f 1184/1610/2394 1139/1609/2344 1185/1649/2395
f 1139/1609/2344 1140/1650/2396 1185/1649/2395
f 1206/1615/2352 1129/1616/2351 1195/1651/2397
f 1129/1616/2398 1130/1652/2399 1195/1651/2397
f 1186/1653/2400 1214/1620/2401 1158/1654/2402
f 1214/1620/2401 1157/1618/2354 1158/1654/2402
f 1294/1507/2219 1118/1501/2213 1116/1543/2267
f 1118/1501/2213 1115/1655/2403 1116/1543/2267
f 1239/1656/2404 1252/1621/2357 1221/1657/2405
f 1252/1621/2357 1234/1623/2406 1221/1657/2405
f 1255/1627/2363 1248/1628/2363 1254/1658/2407
f 1248/1628/2363 1244/1659/2407 1254/1658/2407
f 1267/1631/2365 1250/1632/2365 1266/1660/2408
f 1250/1632/2365 1236/1661/2408 1266/1660/2408
f 1279/1558/2289 1278/1554/2285 1188/1559/2290
f 1278/1554/2285 1189/1556/2287 1188/1559/2290
f 1221/1657/2405 1234/1623/2361 1459/1662/2409
f 1234/1623/2361 1460/1646/2390 1459/1662/2409
f 1182/1663/2410 1168/1664/2411 1155/1665/2412
f 1168/1664/2413 1154/1666/2414 1155/1665/2412
f 1178/1667/2415 1142/1668/2416 1180/1669/2417
f 1142/1668/2416 1143/1670/2418 1180/1669/2417
f 1203/1671/2419 1199/1672/2420 1122/1673/2421
f 1199/1672/2420 1121/1674/2422 1122/1673/2421
f 1212/1675/2423 1192/1676/2424 1162/1677/2425
f 1192/1676/2424 1161/1678/2426 1162/1677/2425
f 1223/1634/2368 1241/1679/2427 1229/1680/2428
f 1241/1679/2427 1247/1681/2429 1229/1680/2428
f 1227/1603/2430 1245/1682/2431 1231/1601/2432
f 1245/1682/2431 1249/1683/2433 1231/1601/2434
f 1264/1684/2435 1251/1685/2436 1263/1686/2437
f 1251/1685/2435 1235/1687/2437 1263/1686/2437
f 1229/1680/2438 1222/1688/2439 1475/1689/2440
f 1222/1688/2439 1476/1690/2441 1475/1689/2440
f 1278/1554/2285 1277/1691/2442 1190/1555/2443
f 1277/1691/2442 1191/1692/2444 1190/1555/2443
f 1228/1693/2445 1467/1694/2446 1232/1695/2447
f 1467/1694/2446 1466/1696/2448 1232/1695/2447
f 1217/1589/2325 1462/1697/2449 1220/1624/2385
f 1462/1697/2449 1461/1645/2389 1220/1624/2385
f 1177/1529/2249 1176/1524/2239 1112/1525/2240
f 1113/1505/2217 1110/1515/2230 1168/1528/2450
f 1110/1515/2228 1169/1514/2451 1168/1528/2452
f 1169/1698/2453 1170/1647/2454 1153/1699/2455
f 1170/1647/2454 1152/1648/2392 1153/1699/2456
f 1185/1649/2395 1140/1650/2396 1183/1700/2457
f 1140/1650/2396 1141/1701/2458 1183/1700/2457
f 1200/1702/2459 1201/1703/2460 1120/1704/2461
f 1201/1703/2460 1119/1705/2462 1120/1704/2461
f 1213/1706/2463 1187/1707/2464 1160/1708/2465
f 1187/1707/2464 1159/1709/2466 1160/1708/2465
f 1211/1710/2467 1289/1711/2468 1163/1712/2469
f 1289/1711/2468 1290/1713/2470 1163/1712/2469
f 1240/1714/2471 1239/1656/2404 1222/1688/2472
f 1239/1656/2404 1221/1657/2473 1222/1688/2472
f 1254/1658/2407 1244/1659/2407 1253/1715/2474
f 1244/1659/2407 1243/1716/2474 1253/1715/2474
f 1266/1660/2408 1236/1661/2408 1265/1717/2475
f 1236/1661/2408 1237/1718/2475 1265/1717/2475
f 1223/1634/2368 1229/1680/2428 1474/1636/2370
f 1229/1680/2428 1475/1689/2440 1474/1636/2370
f 1232/1695/2447 1466/1696/2448 1218/1719/2476
f 1466/1696/2448 1465/1720/2477 1218/1719/2478
f 1171/1523/2479 1170/1516/2229 1109/1517/2231
f 1187/1707/2464 1186/1653/2400 1159/1709/2466
f 1186/1653/2400 1158/1654/2402 1159/1709/2466
f 1179/1721/2480 1144/1722/2481 1177/1723/2482
f 1144/1722/2481 1145/1724/2483 1177/1723/2482
f 1202/1725/2484 1123/1726/2485 1204/1727/2486
f 1123/1726/2485 1124/1728/2487 1204/1727/2488
f 1210/1729/2489 1211/1710/2490 1164/1730/2491
f 1211/1710/2492 1163/1712/2469 1164/1730/2491
f 1216/1731/2493 1131/1732/2494 1215/1639/2495
f 1131/1732/2494 1132/1640/2377 1215/1639/2495
f 1248/1733/2496 1242/1734/2497 1230/1735/2498
f 1242/1734/2497 1224/1633/2499 1230/1735/2500
f 1232/1695/2447 1250/1736/2501 1228/1693/2445
f 1250/1736/2501 1246/1737/2502 1228/1693/2445
f 1262/1738/2503 1238/1739/2503 1261/1740/2504
f 1238/1739/2503 1252/1741/2504 1261/1740/2504
f 1459/1662/2409 1476/1690/2441 1221/1657/2505
f 1476/1690/2506 1222/1688/2472 1221/1657/2505
f 1230/1735/2498 1472/1742/2507 1226/1743/2508
f 1472/1742/2507 1471/1744/2509 1226/1743/2508
f 1217/1589/2325 1233/1591/2510 1462/1697/2449
f 1233/1591/2510 1463/1745/2511 1462/1697/2449
f 1199/1746/2512 1203/1575/2513 1200/1574/2514
f 1168/1664/2411 1169/1698/2453 1154/1666/2414
f 1169/1698/2453 1153/1699/2455 1154/1666/2414
f 1142/1668/2416 1178/1667/2415 1141/1701/2458
f 1178/1667/2415 1183/1700/2457 1141/1701/2458
f 1199/1672/2420 1200/1702/2515 1121/1674/2422
f 1200/1702/2515 1120/1704/2461 1121/1674/2422
f 1192/1676/2424 1213/1706/2463 1161/1678/2426
f 1213/1706/2516 1160/1708/2517 1161/1678/2518
f 1289/1711/2468 1212/1675/2423 1290/1713/2470
f 1212/1675/2423 1162/1677/2425 1290/1713/2470
f 1247/1681/2429 1240/1714/2471 1229/1680/2428
f 1240/1714/2471 1222/1688/2472 1229/1680/2428
f 1231/1601/2434 1249/1683/2433 1225/1637/2371
f 1249/1683/2433 1243/1747/2519 1225/1637/2371
f 1265/1717/2475 1237/1718/2520 1264/1684/2435
f 1237/1718/2520 1251/1685/2435 1264/1684/2435
f 1273/1548/2276 1108/1537/2261 1274/1550/2279
f 1226/1743/2521 1471/1744/2509 1225/1637/2371
f 1471/1744/2509 1470/1638/2372 1225/1637/2371
f 1294/1507/2219 1288/1509/2221 1293/1512/2225
f 1288/1509/2223 1287/1513/2226 1293/1512/2225
f 1117/1539/2522 1116/1543/2523 1114/1542/2266
f 1116/1543/2524 1115/1655/2403 1114/1542/2266
f 1197/1748/2525 1196/1749/2526 1167/1750/2527
f 1196/1749/2526 1166/1751/2528 1167/1750/2527
f 1176/1752/2529 1146/1753/2530 1175/1754/2531
f 1146/1753/2530 1147/1755/2532 1175/1754/2531
f 1193/1756/2533 1134/1757/2534 1191/1758/2535
f 1134/1757/2534 1135/1759/2536 1191/1758/2537
f 1209/1760/2538 1125/1761/2539 1208/1585/2321
f 1125/1761/2539 1126/1586/2322 1208/1585/2321
f 1195/1651/2397 1130/1652/2540 1216/1731/2493
f 1130/1652/2540 1131/1732/2494 1216/1731/2493
f 1243/1747/2519 1244/1762/2541 1225/1637/2542
f 1244/1762/2541 1226/1743/2521 1225/1637/2371
f 1237/1763/2543 1236/1764/2544 1219/1765/2545
f 1236/1764/2544 1218/1719/2478 1219/1765/2545
f 1260/1766/2546 1239/1767/2546 1259/1768/2547
f 1239/1767/2546 1240/1769/2547 1259/1768/2547
f 1230/1735/2498 1224/1633/2367 1472/1742/2548
f 1224/1633/2367 1473/1635/2369 1472/1742/2548
f 1185/1644/2388 1183/1770/2549 1280/1643/2550
f 1183/1770/2549 1281/1562/2294 1280/1643/2551
f 1115/1655/2403 1291/1565/2297 1114/1542/2266
f 1291/1565/2297 1206/1540/2264 1114/1542/2266
f 1181/1619/2355 1182/1663/2552 1156/1617/2353
f 1182/1663/2552 1155/1665/2412 1156/1617/2353
f 1180/1669/2417 1143/1670/2418 1179/1721/2553
f 1143/1670/2418 1144/1722/2481 1179/1721/2554
f 1203/1771/2419 1122/1772/2421 1202/1725/2484
f 1122/1772/2555 1123/1726/2485 1202/1725/2484
f 1224/1633/2556 1242/1734/2557 1223/1634/2368
f 1242/1734/2557 1241/1679/2427 1223/1634/2368
f 1246/1737/2502 1245/1682/2431 1228/1693/2558
f 1245/1682/2431 1227/1603/2430 1228/1693/2559
f 1263/1686/2437 1235/1687/2437 1262/1738/2503
f 1235/1687/2437 1238/1739/2503 1262/1738/2503
f 1202/1773/2560 1204/1576/2561 1203/1575/2513
f 1201/1703/2460 1197/1748/2525 1119/1705/2462
f 1197/1748/2525 1167/1750/2527 1119/1705/2462
f 1175/1754/2531 1147/1755/2532 1174/1774/2314
f 1147/1755/2532 1148/1775/2316 1174/1774/2314
f 1191/1758/2535 1135/1759/2536 1190/1581/2562
f 1135/1759/2536 1136/1582/2318 1190/1581/2562
f 1204/1727/2486 1124/1728/2487 1209/1760/2538
f 1124/1728/2487 1125/1761/2539 1209/1760/2563
f 1251/1592/2328 1237/1763/2564 1233/1591/2510
f 1237/1763/2565 1219/1765/2545 1233/1591/2510
f 1259/1776/2547 1240/1777/2566 1258/1593/2330
f 1240/1777/2547 1247/1594/2330 1258/1593/2330
f 1253/1715/2474 1243/1716/2474 1270/1597/2333
f 1243/1716/2474 1249/1598/2333 1270/1597/2333
f 1183/1770/2549 1178/1532/2567 1281/1562/2294
f 1178/1532/2567 1112/1525/2251 1281/1562/2294
f 1218/1719/2478 1465/1720/2477 1219/1765/2545
f 1465/1720/2568 1464/1778/2569 1219/1765/2545
f 1292/1569/2301 1207/1571/2303 1291/1565/2570
f 1207/1571/2303 1205/1566/2298 1291/1565/2297
f 1108/1537/2261 1107/1508/2571 1117/1539/2522
f 1107/1508/2220 1116/1543/2267 1117/1539/2263
f 1196/1749/2526 1198/1779/2572 1166/1751/2528
f 1198/1779/2572 1165/1780/2573 1166/1751/2528
f 1177/1723/2482 1145/1724/2574 1176/1752/2529
f 1145/1724/2574 1146/1753/2575 1176/1752/2529
f 1194/1641/2378 1133/1642/2379 1193/1756/2576
f 1133/1642/2379 1134/1757/2534 1193/1756/2576
f 1198/1779/2572 1210/1729/2489 1165/1780/2573
f 1210/1729/2489 1164/1730/2491 1165/1780/2573
f 1114/1542/2577 1195/1541/2265 1117/1539/2263
f 1195/1541/2265 1216/1538/2262 1117/1539/2263
f 1226/1743/2521 1244/1762/2578 1230/1735/2498
f 1244/1762/2578 1248/1733/2579 1230/1735/2498
f 1218/1719/2478 1236/1764/2544 1232/1695/2447
f 1236/1764/2544 1250/1736/2501 1232/1695/2447
f 1261/1740/2580 1252/1741/2504 1260/1766/2546
f 1252/1741/2504 1239/1767/2546 1260/1766/2546
f 1191/1692/2444 1277/1691/2442 1193/1553/2284
f 1277/1691/2442 1276/1551/2281 1193/1553/2284
f 1227/1603/2337 1468/1604/2338 1228/1693/2559
f 1468/1604/2338 1467/1694/2446 1228/1693/2559
f 1219/1765/2545 1464/1778/2569 1233/1591/2510
f 1464/1778/2569 1463/1745/2511 1233/1591/2510
f 1115/1655/2403 1118/1501/2213 1291/1565/2297
f 1118/1501/2213 1210/1503/2215 1291/1565/2570
f 1323/1781/2581 1324/1782/2581 1329/1783/2581
f 1318/1784/2581 1317/1785/2581 1314/1786/2581
f 1304/1787/2582 1303/1788/2583 1319/1789/2582
f 1303/1788/2583 1318/1790/2583 1319/1789/2582
f 1320/1791/2581 1321/1792/2581 1313/1793/2581
f 1321/1792/2581 1316/1794/2581 1313/1793/2581
f 1318/1790/2583 1303/1788/2583 1317/1795/2584
f 1303/1788/2583 1295/1796/2584 1317/1795/2584
f 1306/1797/2585 1314/1798/2586 1295/1799/2584
f 1314/1798/2586 1317/1800/2584 1295/1799/2584
f 1323/1781/2581 1329/1783/2581 1325/1801/2581
f 1329/1783/2581 1328/1802/2581 1325/1801/2581
f 1307/1803/2587 1315/1804/2587 1306/1797/2588
f 1315/1804/2589 1314/1798/2588 1306/1797/2588
f 1325/1801/2581 1328/1802/2581 1322/1805/2581
f 1328/1802/2581 1327/1806/2581 1322/1805/2581
f 1305/1807/2590 1313/1808/2590 1308/1809/2591
f 1313/1808/2590 1316/1810/2591 1308/1809/2591
f 1313/1793/2581 1326/1811/2581 1320/1791/2581
f 1326/1811/2581 1330/1812/2581 1320/1791/2581
f 1308/1809/2591 1316/1810/2591 1307/1803/2589
f 1316/1810/2591 1315/1804/2589 1307/1803/2589
f 1326/1811/2581 1322/1805/2581 1330/1812/2581
f 1322/1805/2581 1327/1806/2581 1330/1812/2581
f 1330/1813/2592 1327/1814/2593 1296/1815/2592
f 1327/1814/2593 1297/1816/2593 1296/1815/2592
f 1312/1817/2594 1325/1818/2594 1300/1819/2595
f 1325/1818/2594 1322/1820/2595 1300/1819/2595
f 1321/1821/2596 1320/1822/2597 1302/1823/2596
f 1320/1822/2597 1309/1824/2597 1302/1823/2596
f 1301/1825/2598 1311/1826/2599 1323/1827/2598
f 1311/1826/2599 1324/1828/2599 1323/1827/2598
f 1320/1822/2597 1330/1813/2592 1309/1824/2597
f 1330/1813/2592 1296/1815/2592 1309/1824/2597
f 1325/1818/2594 1312/1817/2594 1323/1827/2598
f 1312/1817/2594 1301/1825/2598 1323/1827/2598
f 1319/1789/2582 1321/1821/2600 1304/1787/2582
f 1321/1821/2600 1302/1823/2600 1304/1787/2582
f 1329/1829/2601 1324/1828/2599 1299/1830/2602
f 1324/1828/2599 1311/1826/2599 1299/1830/2602
f 1310/1831/2603 1326/1832/2603 1305/1807/2590
f 1326/1832/2603 1313/1808/2590 1305/1807/2590
f 1327/1814/2593 1328/1833/2604 1297/1816/2593
f 1328/1833/2604 1298/1834/2604 1297/1816/2593
f 1319/1835/2581 1315/1836/2581 1321/1792/2581
f 1315/1836/2581 1316/1794/2581 1321/1792/2581
f 1300/1819/2605 1322/1820/2605 1310/1831/2603
f 1322/1820/2605 1326/1832/2603 1310/1831/2603
f 1328/1833/2606 1329/1829/2607 1298/1834/2606
f 1329/1829/2607 1299/1830/2607 1298/1834/2606
f 1318/1784/2581 1314/1786/2581 1319/1835/2581
f 1314/1786/2581 1315/1836/2581 1319/1835/2581
f 1351/1837/2608 1331/1838/2609 1350/1839/2610
f 1331/1838/2609 1358/1840/2611 1350/1839/2610
f 1358/1840/2612 1331/1838/2609 1357/1841/2613
f 1331/1838/2609 1356/1842/2614 1357/1841/2613
f 1356/1842/2614 1331/1838/2609 1355/1843/2615
f 1331/1838/2609 1354/1844/2616 1355/1843/2615
f 1354/1844/2616 1331/1838/2609 1353/1845/2617
f 1331/1838/2609 1352/1846/2618 1353/1845/2617
f 1351/1837/2608 1352/1846/2619 1331/1838/2609
f 1378/1847/2620 1379/1848/2621 1359/1849/2622
f 1379/1848/2621 1380/1850/2623 1359/1849/2622
f 1378/1847/2624 1359/1849/2622 1386/1851/2625
f 1359/1849/2622 1385/1852/2626 1386/1851/2627
f 1385/1852/2626 1359/1849/2622 1384/1853/2628
f 1359/1849/2622 1383/1854/2629 1384/1853/2628
f 1383/1854/2629 1359/1849/2622 1382/1855/2630
f 1359/1849/2622 1381/1856/2631 1382/1855/2632
f 1380/1850/2623 1381/1856/2631 1359/1849/2622
f 1387/1857/2633 1394/1858/2634 1388/1859/2635
f 1394/1858/2634 1393/1860/2636 1388/1859/2635
f 1388/1859/2635 1389/1861/2637 1387/1857/2638
f 1389/1861/2637 1390/1862/2639 1387/1857/2638
f 1389/1861/2640 1420/1863/2641 1390/1862/2642
f 1420/1863/2641 1419/1864/2643 1390/1862/2642
f 1391/1865/2644 1396/1866/2645 1392/1867/2646
f 1396/1866/2647 1395/1868/2648 1392/1867/2646
f 1392/1867/2646 1393/1860/2649 1391/1865/2644
f 1393/1860/2649 1394/1858/2650 1391/1865/2644
f 1396/1866/2651 1397/1869/2652 1395/1868/2653
f 1397/1869/2654 1398/1870/2655 1395/1868/2653
f 1397/1869/2656 1400/1871/2657 1398/1870/2655
f 1400/1871/2657 1399/1872/2658 1398/1870/2655
f 1400/1871/2657 1401/1873/2659 1399/1872/2658
f 1401/1873/2659 1402/1874/2660 1399/1872/2658
f 1401/1873/2659 1404/1875/2661 1402/1874/2660
f 1404/1875/2662 1403/1876/2663 1402/1874/2660
f 1404/1875/2661 1405/1877/2664 1403/1876/2665
f 1405/1877/2664 1406/1878/2666 1403/1876/2665
f 1405/1879/2667 1407/1880/2668 1406/1881/2669
f 1407/1880/2670 1408/1882/2671 1406/1881/2669
f 1407/1880/2668 1409/1883/2672 1408/1882/2673
f 1409/1883/2672 1410/1884/2674 1408/1882/2675
f 1409/1883/2672 1411/1885/2676 1410/1884/2674
f 1411/1885/2677 1412/1886/2678 1410/1884/2674
f 1411/1885/2677 1413/1887/2679 1412/1886/2680
f 1413/1887/2679 1414/1888/2681 1412/1886/2680
f 1413/1887/2679 1416/1889/2682 1414/1888/2681
f 1416/1889/2682 1415/1890/2683 1414/1888/2681
f 1416/1889/2682 1417/1891/2684 1415/1890/2685
f 1417/1891/2686 1418/1892/2687 1415/1890/2685
f 1417/1891/2684 1422/1893/2688 1418/1892/2687
f 1422/1893/2688 1421/1894/2689 1418/1892/2687
f 1420/1863/2690 1421/1894/2691 1419/1864/2643
f 1421/1894/2689 1422/1893/2688 1419/1864/2643
f 1390/1895/2642 1358/1840/2611 1387/1896/2633
f 1391/1897/2644 1394/1898/2634 1357/1841/2613
f 1396/1899/2647 1356/1842/2614 1397/1900/2656
f 1400/1901/2657 1355/1843/2692 1401/1902/2659
f 1405/1903/2693 1404/1904/2661 1354/1844/2694
f 1409/1905/2672 1407/1906/2668 1353/1845/2695
f 1411/1907/2696 1352/1846/2618 1413/1908/2679
f 1417/1909/2684 1416/1910/2682 1351/1837/2608
f 1422/1911/2688 1350/1839/2610 1419/1912/2643
f 1411/1907/2677 1409/1905/2697 1352/1846/2618
f 1409/1905/2697 1353/1845/2695 1352/1846/2618
f 1406/1878/2666 1338/1913/2698 1403/1876/2699
f 1338/1913/2698 1340/1914/2700 1403/1876/2699
f 1353/1845/2695 1407/1906/2668 1354/1844/2616
f 1407/1906/2668 1405/1903/2667 1354/1844/2616
f 1402/1874/2701 1339/1915/2702 1399/1872/2658
f 1339/1915/2702 1332/1916/2703 1399/1872/2658
f 1339/1915/2702 1402/1874/2660 1340/1914/2700
f 1402/1874/2660 1403/1876/2699 1340/1914/2700
f 1337/1917/2704 1398/1870/2705 1332/1916/2703
f 1398/1870/2655 1399/1872/2658 1332/1916/2703
f 1345/1918/2706 1420/1863/2641 1349/1919/2707
f 1420/1863/2708 1389/1861/2637 1349/1919/2707
f 1354/1844/2616 1404/1904/2661 1355/1843/2692
f 1404/1904/2662 1401/1902/2659 1355/1843/2615
f 1337/1917/2704 1336/1920/2709 1398/1870/2705
f 1336/1920/2710 1395/1868/2653 1398/1870/2705
f 1345/1918/2706 1346/1921/2711 1420/1863/2641
f 1346/1921/2711 1421/1894/2689 1420/1863/2708
f 1334/1922/2712 1392/1867/2646 1336/1920/2709
f 1392/1867/2646 1395/1868/2648 1336/1920/2709
f 1418/1892/2687 1421/1894/2689 1344/1923/2713
f 1421/1894/2689 1346/1921/2711 1344/1923/2713
f 1355/1843/2692 1400/1901/2657 1356/1842/2614
f 1400/1901/2714 1397/1900/2715 1356/1842/2614
f 1358/1840/2611 1390/1895/2642 1350/1839/2610
f 1390/1895/2639 1419/1912/2643 1350/1839/2610
f 1392/1867/2646 1334/1922/2716 1393/1860/2649
f 1334/1922/2716 1335/1924/2717 1393/1860/2649
f 1344/1923/2713 1343/1925/2718 1418/1892/2687
f 1343/1925/2718 1415/1890/2683 1418/1892/2687
f 1347/1926/2719 1410/1884/2674 1342/1927/2720
f 1410/1884/2674 1412/1886/2721 1342/1927/2720
f 1388/1859/2635 1393/1860/2649 1333/1928/2722
f 1393/1860/2649 1335/1924/2717 1333/1928/2722
f 1414/1888/2681 1415/1890/2685 1348/1929/2723
f 1415/1890/2683 1343/1925/2718 1348/1929/2724
f 1396/1899/2647 1391/1897/2644 1356/1842/2614
f 1391/1897/2644 1357/1841/2613 1356/1842/2614
f 1422/1911/2688 1417/1909/2684 1350/1839/2610
f 1417/1909/2684 1351/1837/2608 1350/1839/2610
f 1333/1928/2722 1349/1919/2707 1388/1859/2635
f 1349/1919/2725 1389/1861/2637 1388/1859/2635
f 1348/1929/2723 1342/1927/2726 1414/1888/2681
f 1342/1927/2726 1412/1886/2680 1414/1888/2681
f 1406/1881/2666 1408/1882/2675 1338/1930/2698
f 1408/1882/2673 1341/1931/2727 1338/1930/2728
f 1394/1898/2634 1387/1896/2633 1357/1841/2613
f 1387/1896/2633 1358/1840/2611 1357/1841/2613
f 1351/1837/2608 1416/1910/2682 1352/1846/2618
f 1416/1910/2682 1413/1908/2679 1352/1846/2618
f 1347/1926/2719 1341/1931/2727 1410/1884/2674
f 1341/1931/2727 1408/1882/2673 1410/1884/2674
f 1423/1932/2729 1430/1933/2730 1424/1934/2731
f 1430/1933/2730 1429/1935/2732 1424/1934/2731
f 1424/1934/2731 1425/1936/2733 1423/1932/2734
f 1425/1936/2735 1426/1937/2736 1423/1932/2737
f 1425/1936/2738 1456/1938/2739 1426/1937/2740
f 1456/1938/2739 1455/1939/2741 1426/1937/2740
f 1427/1940/2742 1432/1941/2743 1428/1942/2744
f 1432/1941/2743 1431/1943/2745 1428/1942/2744
f 1428/1942/2746 1429/1935/2732 1427/1940/2742
f 1429/1935/2732 1430/1933/2730 1427/1940/2742
f 1432/1941/2743 1433/1944/2747 1431/1943/2745
f 1433/1944/2748 1434/1945/2749 1431/1943/2745
f 1433/1944/2750 1436/1946/2751 1434/1945/2749
f 1436/1946/2751 1435/1947/2752 1434/1945/2749
f 1436/1946/2753 1437/1948/2754 1435/1947/2752
f 1437/1948/2755 1438/1949/2756 1435/1947/2757
f 1437/1948/2754 1440/1950/2758 1438/1949/2756
f 1440/1950/2758 1439/1951/2759 1438/1949/2756
f 1440/1950/2758 1441/1952/2760 1439/1951/2761
f 1441/1952/2760 1442/1953/2762 1439/1951/2759
f 1441/1952/2760 1443/1954/2763 1442/1953/2762
f 1443/1954/2763 1444/1955/2764 1442/1953/2762
f 1443/1956/2765 1445/1957/2766 1444/1958/2767
f 1445/1957/2768 1446/1959/2769 1444/1958/2770
f 1445/1957/2768 1447/1960/2771 1446/1959/2769
f 1447/1960/2771 1448/1961/2772 1446/1959/2769
f 1447/1960/2773 1449/1962/2774 1448/1961/2775
f 1449/1962/2776 1450/1963/2777 1448/1961/2775
f 1449/1962/2776 1452/1964/2778 1450/1963/2777
f 1452/1964/2778 1451/1965/2779 1450/1963/2780
f 1452/1964/2781 1453/1966/2782 1451/1965/2783
f 1453/1966/2782 1454/1967/2784 1451/1965/2783
f 1453/1966/2782 1458/1968/2785 1454/1967/2784
f 1458/1968/2785 1457/1969/2786 1454/1967/2784
f 1456/1938/2739 1457/1969/2787 1455/1939/2788
f 1457/1969/2787 1458/1968/2785 1455/1939/2788
f 1423/1970/2737 1426/1971/2740 1386/1851/2627
f 1430/1972/2730 1385/1852/2626 1427/1973/2742
f 1432/1974/2743 1384/1853/2628 1433/1975/2750
f 1436/1976/2751 1383/1854/2629 1437/1977/2754
f 1441/1978/2760 1440/1979/2758 1382/1855/2632
f 1445/1980/2768 1443/1981/2765 1381/1856/2631
f 1447/1982/2771 1380/1850/2789 1449/1983/2776
f 1453/1984/2782 1452/1985/2778 1379/1848/2790
f 1455/1986/2741 1458/1987/2785 1378/1847/2624
f 1447/1982/2771 1445/1980/2766 1380/1850/2789
f 1445/1980/2766 1381/1856/2631 1380/1850/2789
f 1442/1953/2791 1366/1988/2792 1439/1951/2759
f 1366/1988/2793 1368/1989/2794 1439/1951/2759
f 1367/1990/2795 1438/1949/2756 1368/1989/2796
f 1438/1949/2756 1439/1951/2759 1368/1989/2794
f 1381/1856/2631 1443/1981/2765 1382/1855/2630
f 1443/1981/2765 1441/1978/2760 1382/1855/2632
f 1438/1949/2756 1367/1990/2795 1435/1947/2752
f 1367/1990/2797 1360/1991/2798 1435/1947/2752
f 1365/1992/2799 1434/1945/2749 1360/1991/2800
f 1434/1945/2749 1435/1947/2752 1360/1991/2800
f 1373/1993/2801 1456/1938/2739 1377/1994/2802
f 1456/1938/2803 1425/1936/2735 1377/1994/2802
f 1362/1995/2804 1428/1942/2746 1364/1996/2805
f 1428/1942/2746 1431/1943/2745 1364/1996/2805
f 1372/1997/2806 1454/1967/2784 1374/1998/2807
f 1454/1967/2808 1457/1969/2787 1374/1998/2807
f 1382/1855/2632 1440/1979/2758 1383/1854/2629
f 1440/1979/2758 1437/1977/2754 1383/1854/2629
f 1365/1992/2799 1364/1996/2805 1434/1945/2749
f 1364/1996/2809 1431/1943/2745 1434/1945/2749
f 1373/1993/2810 1374/1998/2811 1456/1938/2812
f 1374/1998/2807 1457/1969/2787 1456/1938/2813
f 1383/1854/2629 1436/1976/2753 1384/1853/2628
f 1436/1976/2814 1433/1975/2815 1384/1853/2628
f 1426/1971/2736 1455/1986/2788 1386/1851/2627
f 1455/1986/2788 1378/1847/2620 1386/1851/2627
f 1428/1942/2746 1362/1995/2804 1429/1935/2732
f 1362/1995/2804 1363/1999/2816 1429/1935/2732
f 1454/1967/2808 1372/1997/2817 1451/1965/2783
f 1372/1997/2817 1371/2000/2818 1451/1965/2783
f 1361/2001/2819 1424/1934/2731 1363/1999/2816
f 1424/1934/2731 1429/1935/2732 1363/1999/2816
f 1450/1963/2777 1451/1965/2779 1376/2002/2820
f 1451/1965/2783 1371/2000/2818 1376/2002/2821
f 1432/1974/2743 1427/1973/2742 1384/1853/2628
f 1427/1973/2742 1385/1852/2626 1384/1853/2628
f 1378/1847/2624 1458/1987/2785 1379/1848/2790
f 1458/1987/2785 1453/1984/2782 1379/1848/2621
f 1361/2001/2819 1377/1994/2802 1424/1934/2822
f 1377/1994/2802 1425/1936/2738 1424/1934/2822
f 1450/1963/2777 1376/2002/2820 1448/1961/2775
f 1376/2002/2820 1370/2003/2823 1448/1961/2775
f 1375/2004/2824 1446/1959/2769 1370/2003/2823
f 1446/1959/2825 1448/1961/2775 1370/2003/2823
f 1366/1988/2792 1442/1953/2762 1369/2005/2826
f 1442/1953/2762 1444/1955/2767 1369/2005/2826
f 1430/1972/2730 1423/1970/2737 1385/1852/2626
f 1423/1970/2729 1386/1851/2627 1385/1852/2626
f 1452/1985/2778 1449/1983/2776 1379/1848/2621
f 1449/1983/2776 1380/1850/2789 1379/1848/2621
f 1375/2004/2824 1369/2006/2826 1446/1959/2825
f 1369/2006/2826 1444/1958/2767 1446/1959/2825
f 1288/1509/2221 1271/1510/2827 1460/1646/2390
f 1271/1510/2828 1459/1662/2409 1460/1646/2390
f 1288/1509/2829 1460/1646/2390 1287/1513/2226
f 1460/1646/2390 1461/1645/2389 1287/1513/2226
f 1287/1513/2226 1461/1645/2389 1286/1511/2224
f 1461/1645/2389 1462/1697/2449 1286/1511/2830
f 1284/1526/2831 1286/1511/2830 1463/1745/2511
f 1286/1511/2224 1462/1697/2449 1463/1745/2511
f 1284/1526/2244 1463/1745/2511 1285/1563/2832
f 1463/1745/2511 1464/1778/2569 1285/1563/2295
f 1285/1563/2295 1464/1778/2569 1283/1560/2833
f 1464/1778/2569 1465/1720/2568 1283/1560/2834
f 1283/1560/2834 1465/1720/2568 1282/1561/2293
f 1465/1720/2477 1466/1696/2448 1282/1561/2293
f 1282/1561/2835 1466/1696/2448 1281/1562/2836
f 1466/1696/2448 1467/1694/2446 1281/1562/2837
f 1281/1562/2294 1467/1694/2446 1280/1643/2387
f 1467/1694/2446 1468/1604/2338 1280/1643/2550
f 1280/1643/2387 1468/1604/2338 1279/1558/2289
f 1468/1604/2338 1469/1602/2336 1279/1558/2838
f 1279/1558/2289 1469/1602/2336 1278/1554/2285
f 1469/1602/2336 1470/1638/2372 1278/1554/2285
f 1278/1554/2285 1470/1638/2372 1277/1691/2442
f 1470/1638/2372 1471/1744/2509 1277/1691/2442
f 1277/1691/2839 1471/1744/2509 1276/1551/2840
f 1471/1744/2509 1472/1742/2507 1276/1551/2281
f 1275/1549/2282 1276/1551/2841 1473/1635/2369
f 1276/1551/2841 1472/1742/2548 1473/1635/2369
f 1274/1550/2279 1275/1549/2278 1474/1636/2370
f 1275/1549/2282 1473/1635/2369 1474/1636/2370
f 1273/1548/2276 1274/1550/2279 1475/1689/2440
f 1274/1550/2842 1474/1636/2370 1475/1689/2440
f 1272/1547/2277 1273/1548/2276 1476/1690/2441
f 1273/1548/2276 1475/1689/2440 1476/1690/2441
f 1271/1510/2222 1272/1547/2277 1459/1662/2409
f 1272/1547/2277 1476/1690/2441 1459/1662/2409
f 1563/2007/2843 1505/2008/2844 1564/2009/2845
f 1565/2010/2846 1504/2011/2847 1566/2012/2848
f 1549/2013/2849 1512/2014/2850 1550/2015/2851
f 1512/2014/2852 1551/2016/2853 1550/2015/2854
f 1552/2017/2855 1511/2018/2856 1553/2019/2857
f 1555/2020/2858 1509/2021/2859 1556/2022/2860
f 1509/2021/2861 1557/2023/2862 1556/2022/2860
f 1558/2024/2863 1557/2023/2864 1508/2025/2865
f 1557/2023/2866 1509/2021/2867 1508/2025/2865
f 1558/2024/2868 1508/2025/2869 1559/2026/2870
f 1560/2027/2871 1507/2028/2872 1561/2029/2873
f 1554/2030/2874 1510/2031/2875 1555/2020/2858
f 1510/2031/2876 1509/2021/2859 1555/2020/2877
f 1552/2017/2878 1551/2016/2853 1511/2018/2879
f 1551/2016/2880 1512/2014/2852 1511/2018/2881
f 1554/2032/2874 1553/2019/2857 1510/2033/2882
f 1553/2019/2857 1511/2018/2856 1510/2033/2882
f 1566/2012/2883 1504/2011/2884 1549/2013/2849
f 1504/2011/2884 1512/2014/2885 1549/2013/2849
f 1564/2009/2886 1505/2008/2887 1565/2010/2888
f 1505/2008/2887 1504/2011/2889 1565/2010/2890
f 1562/2034/2891 1506/2035/2892 1563/2007/2843
f 1506/2035/2892 1505/2008/2893 1563/2007/2894
f 1562/2034/2895 1561/2029/2873 1506/2035/2892
f 1561/2029/2896 1507/2028/2872 1506/2035/2892
f 1560/2027/2871 1559/2026/2870 1507/2028/2872
f 1559/2026/2897 1508/2025/2869 1507/2028/2872
f 1492/2036/2898 1501/2037/2899 1491/2038/2900
f 1501/2037/2899 1500/2039/2901 1491/2038/2900
f 1510/2031/2875 1479/2040/2902 1509/2021/2861
f 1479/2040/2903 1480/2041/2904 1509/2021/2859
f 1530/2042/2905 1529/2043/2906 1532/2044/2907
f 1529/2043/2906 1531/2045/2908 1532/2044/2909
f 1556/2022/2910 1557/2023/2862 1538/2046/2911
f 1557/2023/2864 1536/2047/2912 1538/2046/2913
f 1493/2048/2914 1502/2049/2915 1492/2036/2916
f 1502/2049/2915 1501/2037/2899 1492/2036/2916
f 1508/2025/2865 1509/2021/2859 1481/2050/2917
f 1509/2021/2867 1480/2041/2918 1481/2050/2917
f 1527/2051/2919 1529/2043/2906 1528/2052/2920
f 1529/2043/2906 1530/2042/2905 1528/2052/2921
f 1555/2020/2877 1556/2022/2860 1540/2053/2922
f 1556/2022/2910 1538/2046/2913 1540/2053/2922
f 1494/2054/2923 1503/2055/2924 1493/2048/2914
f 1503/2055/2924 1502/2049/2915 1493/2048/2914
f 1507/2028/2872 1508/2025/2865 1482/2056/2925
f 1508/2025/2865 1481/2050/2926 1482/2056/2925
f 1526/2057/2927 1525/2058/2928 1528/2052/2920
f 1525/2058/2928 1527/2051/2919 1528/2052/2921
f 1554/2030/2929 1555/2020/2877 1542/2059/2930
f 1555/2020/2877 1540/2053/2922 1542/2059/2931
f 1566/2012/2883 1549/2013/2932 1518/2060/2933
f 1549/2013/2849 1514/2061/2934 1518/2060/2935
f 1477/2062/2936 1485/2063/2937 1495/2064/2938
f 1485/2063/2937 1503/2055/2924 1495/2064/2939
f 1506/2035/2892 1507/2028/2872 1483/2065/2940
f 1507/2028/2872 1482/2056/2941 1483/2065/2940
f 1523/2066/2942 1525/2058/2928 1524/2067/2943
f 1525/2058/2944 1526/2057/2927 1524/2067/2945
f 1547/2068/2946 1516/2069/2947 1548/2070/2948
f 1516/2069/2947 1515/2071/2949 1548/2070/2948
f 1553/2019/2857 1554/2032/2874 1544/2072/2950
f 1554/2032/2929 1542/2073/2951 1544/2072/2950
f 1565/2010/2890 1566/2012/2848 1520/2074/2952
f 1566/2012/2953 1518/2060/2935 1520/2074/2952
f 1497/2075/2954 1479/2076/2955 1496/2077/2956
f 1479/2076/2955 1478/2078/2957 1496/2077/2956
f 1505/2008/2887 1484/2079/2958 1504/2011/2884
f 1484/2079/2959 1485/2080/2960 1504/2011/2889
f 1519/2081/2961 1521/2082/2962 1520/2074/2963
f 1521/2082/2962 1522/2083/2964 1520/2074/2965
f 1543/2084/2966 1545/2085/2967 1544/2072/2968
f 1545/2085/2967 1546/2086/2969 1544/2072/2950
f 1551/2016/2853 1552/2017/2878 1548/2070/2948
f 1552/2017/2878 1546/2086/2969 1548/2070/2948
f 1563/2007/2894 1564/2009/2845 1524/2067/2943
f 1564/2009/2970 1522/2083/2971 1524/2067/2945
f 1496/2077/2956 1478/2078/2972 1495/2064/2938
f 1478/2078/2957 1477/2062/2936 1495/2064/2938
f 1505/2008/2844 1506/2035/2892 1484/2079/2958
f 1506/2035/2973 1483/2065/2974 1484/2079/2958
f 1522/2083/2964 1521/2082/2962 1524/2067/2945
f 1521/2082/2962 1523/2066/2942 1524/2067/2943
f 1546/2086/2969 1545/2085/2967 1548/2070/2948
f 1545/2085/2967 1547/2068/2946 1548/2070/2948
f 1552/2017/2878 1553/2019/2857 1546/2086/2969
f 1553/2019/2857 1544/2072/2950 1546/2086/2969
f 1564/2009/2970 1565/2010/2975 1522/2083/2971
f 1565/2010/2846 1520/2074/2952 1522/2083/2964
f 1498/2087/2976 1480/2088/2977 1497/2075/2978
f 1480/2088/2977 1479/2076/2955 1497/2075/2954
f 1495/2064/2939 1503/2055/2924 1486/2089/2979
f 1503/2055/2924 1494/2054/2980 1486/2089/2979
f 1518/2060/2981 1517/2090/2982 1520/2074/2952
f 1517/2090/2982 1519/2081/2961 1520/2074/2983
f 1542/2073/2930 1541/2091/2984 1544/2072/2950
f 1541/2091/2984 1543/2084/2966 1544/2072/2968
f 1550/2015/2851 1551/2016/2853 1515/2071/2949
f 1551/2016/2880 1548/2070/2948 1515/2071/2949
f 1562/2034/2985 1563/2007/2986 1526/2057/2987
f 1563/2007/2986 1524/2067/2945 1526/2057/2987
f 1499/2092/2988 1481/2093/2989 1498/2087/2976
f 1481/2093/2990 1480/2088/2977 1498/2087/2976
f 1487/2094/2991 1496/2077/2956 1486/2089/2979
f 1496/2077/2956 1495/2064/2938 1486/2089/2979
f 1513/2095/2992 1517/2090/2982 1514/2061/2934
f 1517/2090/2982 1518/2060/2935 1514/2061/2934
f 1539/2096/2993 1541/2097/2984 1540/2053/2922
f 1541/2097/2984 1542/2059/2951 1540/2053/2922
f 1549/2013/2849 1550/2015/2851 1514/2061/2934
f 1550/2015/2851 1515/2071/2949 1514/2061/2994
f 1561/2029/2873 1562/2034/2895 1528/2052/2920
f 1562/2034/2995 1526/2057/2987 1528/2052/2920
f 1500/2039/2996 1482/2098/2997 1499/2092/2988
f 1482/2098/2997 1481/2093/2989 1499/2092/2988
f 1488/2099/2998 1497/2075/2954 1487/2094/2991
f 1497/2075/2954 1496/2077/2956 1487/2094/2991
f 1515/2071/2949 1516/2069/2947 1514/2061/2934
f 1516/2069/2947 1513/2095/2999 1514/2061/3000
f 1538/2046/2911 1537/2100/3001 1540/2053/2922
f 1537/2100/3002 1539/2096/2993 1540/2053/2922
f 1560/2027/2871 1561/2029/2873 1530/2042/2905
f 1561/2029/2873 1528/2052/2921 1530/2042/2905
f 1501/2037/2899 1483/2101/3003 1500/2039/2901
f 1483/2101/3003 1482/2098/2997 1500/2039/2996
f 1489/2102/3004 1498/2087/2976 1488/2099/3005
f 1498/2087/2976 1497/2075/2954 1488/2099/2998
f 1512/2014/2885 1504/2011/2847 1477/2103/3006
f 1504/2011/2889 1485/2080/3007 1477/2103/3006
f 1535/2104/3008 1537/2100/3002 1536/2047/2912
f 1537/2100/3002 1538/2046/2913 1536/2047/2912
f 1559/2026/2870 1560/2027/2871 1532/2044/2909
f 1560/2027/2871 1530/2042/2905 1532/2044/2909
f 1502/2049/2915 1484/2105/3009 1501/2037/3010
f 1484/2105/3011 1483/2101/3003 1501/2037/2899
f 1490/2106/3012 1499/2092/2988 1489/2102/3004
f 1499/2092/2988 1498/2087/2976 1489/2102/3004
f 1511/2018/3013 1512/2014/2850 1478/2107/3014
f 1512/2014/2885 1477/2103/3015 1478/2107/3016
f 1534/2108/3017 1533/2109/3018 1536/2047/2912
f 1533/2109/3018 1535/2104/3008 1536/2047/2912
f 1558/2024/3019 1559/2026/3020 1534/2108/3017
f 1559/2026/3021 1532/2044/2907 1534/2108/3017
f 1503/2055/2924 1485/2063/2937 1502/2049/2915
f 1485/2063/2937 1484/2105/3022 1502/2049/2915
f 1491/2038/2900 1500/2039/2996 1490/2106/3012
f 1500/2039/2996 1499/2092/2988 1490/2106/3012
f 1510/2033/2875 1511/2018/3023 1479/2110/2902
f 1511/2018/2856 1478/2107/3014 1479/2110/2903
f 1531/2045/2908 1533/2109/3024 1532/2044/2909
f 1533/2109/3018 1534/2108/3017 1532/2044/2909
f 1557/2023/2862 1558/2024/2863 1536/2047/2912
f 1558/2024/3019 1534/2108/3017 1536/2047/2912
f 1525/2058/2928 1523/2066/2942 1568/2111/3025
f 1523/2066/2942 1567/2112/3026 1568/2111/3025
f 1521/2082/2962 1569/2113/3027 1523/2066/3028
f 1569/2113/3027 1567/2112/3029 1523/2066/3028
f 1516/2069/3030 1547/2068/2946 1571/2114/3031
f 1547/2068/2946 1570/2115/3032 1571/2114/3033
f 1545/2085/3034 1572/2116/3035 1547/2068/2946
f 1572/2116/3036 1570/2115/3037 1547/2068/2946
f 1545/2085/2967 1543/2084/2966 1572/2116/3035
f 1543/2084/2966 1573/2117/3038 1572/2116/3035
f 1541/2091/2984 1574/2118/3039 1543/2084/2966
f 1574/2118/3039 1573/2117/3038 1543/2084/2966
f 1541/2097/3040 1539/2096/2993 1574/2119/3041
f 1539/2096/2993 1575/2120/3042 1574/2119/3041
f 1537/2100/3001 1576/2121/3043 1539/2096/2993
f 1576/2121/3043 1575/2120/3042 1539/2096/2993
f 1537/2100/3002 1535/2104/3008 1576/2121/3044
f 1535/2104/3008 1577/2122/3045 1576/2121/3043
f 1533/2109/3046 1578/2123/3047 1535/2104/3008
f 1578/2123/3047 1577/2122/3045 1535/2104/3048
f 1533/2109/3024 1531/2045/2908 1578/2123/3047
f 1531/2045/2908 1579/2124/3049 1578/2123/3047
f 1529/2043/3050 1580/2125/3051 1531/2045/2908
f 1580/2125/3052 1579/2124/3053 1531/2045/2908
f 1529/2043/3054 1527/2051/2919 1580/2125/3051
f 1527/2051/2919 1581/2126/3055 1580/2125/3052
f 1525/2058/2928 1568/2111/3056 1527/2051/2919
f 1568/2111/3056 1581/2126/3057 1527/2051/2919
f 1521/2082/3058 1519/2081/2961 1569/2113/3027
f 1519/2081/2961 1582/2127/3059 1569/2113/3027
f 1517/2090/2982 1583/2128/3060 1519/2081/2961
f 1583/2128/3061 1582/2127/3062 1519/2081/2961
f 1517/2090/2982 1513/2095/2992 1583/2128/3061
f 1513/2095/2999 1584/2129/3063 1583/2128/3060
f 1516/2069/2947 1571/2114/3033 1513/2095/2992
f 1571/2114/3033 1584/2129/3063 1513/2095/3064
f 1568/2130/3025 1567/2131/3029 1586/2132/3065
f 1567/2131/3029 1585/2133/3066 1586/2132/3067
f 1569/2134/3068 1587/2135/3069 1567/2131/3029
f 1587/2135/3069 1585/2133/3066 1567/2131/3029
f 1570/2136/3037 1588/2137/3070 1571/2138/3033
f 1588/2137/3071 1589/2139/3072 1571/2138/3073
f 1572/2140/3036 1590/2141/3074 1570/2136/3037
f 1590/2141/3075 1588/2137/3071 1570/2136/3076
f 1573/2142/3077 1591/2143/3078 1572/2140/3079
f 1591/2143/3078 1590/2141/3074 1572/2140/3035
f 1574/2144/3039 1592/2145/3080 1573/2142/3081
f 1592/2145/3080 1591/2143/3078 1573/2142/3077
f 1574/2144/3082 1575/2146/3042 1592/2145/3080
f 1575/2146/3042 1593/2147/3083 1592/2145/3080
f 1575/2146/3084 1576/2148/3085 1593/2147/3083
f 1576/2148/3043 1594/2149/3086 1593/2147/3083
f 1576/2148/3085 1577/2150/3045 1594/2149/3086
f 1577/2150/3045 1595/2151/3087 1594/2149/3086
f 1577/2150/3088 1578/2152/3047 1595/2151/3087
f 1578/2152/3047 1596/2153/3089 1595/2151/3087
f 1578/2152/3047 1579/2154/3049 1596/2153/3089
f 1579/2154/3053 1597/2155/3090 1596/2153/3089
f 1579/2154/3091 1580/2156/3051 1597/2155/3092
f 1580/2156/3093 1598/2157/3094 1597/2155/3095
f 1580/2156/3096 1581/2158/3057 1598/2157/3094
f 1581/2158/3097 1599/2159/3098 1598/2157/3094
f 1581/2158/3057 1568/2130/3099 1599/2159/3098
f 1568/2130/3100 1586/2132/3065 1599/2159/3101
f 1582/2160/3059 1600/2161/3102 1569/2134/3027
f 1600/2161/3103 1587/2135/3069 1569/2134/3104
f 1583/2162/3060 1601/2163/3105 1582/2160/3062
f 1601/2163/3105 1600/2161/3102 1582/2160/3059
f 1584/2164/3063 1602/2165/3106 1583/2162/3060
f 1602/2165/3106 1601/2163/3105 1583/2162/3107
f 1571/2138/3033 1589/2139/3072 1584/2164/3108
f 1589/2139/3072 1602/2165/3109 1584/2164/3110
f 1603/2166/3111 1611/2167/3111 1604/2168/3111
f 1604/2168/3111 1611/2167/3111 1605/2169/3111
f 1605/2169/3111 1611/2167/3111 1606/2170/3111
f 1606/2170/3111 1611/2167/3111 1607/2171/3111
f 1607/2171/3111 1611/2167/3111 1608/2172/3111
f 1608/2172/3111 1611/2167/3111 1609/2173/3111
f 1609/2173/3111 1611/2167/3111 1610/2174/3111
f 1586/2132/3112 1603/2166/3113 1599/2159/3114
f 1603/2166/3113 1604/2168/3115 1599/2159/3098
f 1599/2159/3114 1604/2168/3116 1598/2157/3117
f 1598/2157/3094 1604/2168/3118 1597/2155/3090
f 1604/2168/3119 1605/2169/3120 1597/2155/3092
f 1597/2155/3092 1605/2169/3121 1596/2153/3089
f 1596/2153/3089 1605/2169/3122 1595/2151/3087
f 1605/2169/3123 1606/2170/3124 1595/2151/3087
f 1595/2151/3087 1606/2170/3125 1594/2149/3086
f 1594/2149/3086 1606/2170/3126 1593/2147/3083
f 1606/2170/3127 1607/2171/3128 1593/2147/3083
f 1593/2147/3083 1607/2171/3129 1592/2145/3130
f 1592/2145/3080 1607/2171/3131 1591/2143/3078
f 1607/2171/3132 1608/2172/3133 1591/2143/3078
f 1591/2143/3078 1608/2172/3134 1590/2141/3075
f 1590/2141/3074 1608/2172/3135 1588/2137/3071
f 1608/2172/3135 1609/2173/3136 1588/2137/3071
f 1588/2137/3071 1609/2173/3137 1589/2139/3072
f 1589/2139/3072 1609/2173/3138 1602/2165/3106
f 1609/2173/3138 1610/2174/3139 1602/2165/3109
f 1602/2165/3106 1610/2174/3140 1601/2163/3105
f 1601/2163/3105 1610/2174/3141 1600/2161/3102
f 1610/2174/3141 1611/2167/3142 1600/2161/3102
f 1600/2161/3103 1611/2167/3143 1587/2135/3069
f 1587/2135/3069 1611/2167/3144 1585/2133/3145
f 1611/2167/3144 1603/2166/3146 1585/2133/3066
f 1585/2133/3145 1603/2166/3147 1586/2132/3112
f 1257/2175/3148 1256/2176/3148 1258/2177/3148
f 1258/2177/3148 1256/2176/3148 1259/2178/3148
f 1259/2178/3148 1256/2176/3148 1260/2179/3148
f 1260/2179/3148 1256/2176/3148 1261/2180/3148
f 1261/2180/3148 1256/2176/3148 1262/2181/3148
f 1262/2181/3148 1256/2176/3148 1263/2182/3148
f 1263/2182/3148 1256/2176/3148 1264/2183/3148
f 1264/2183/3148 1256/2176/3148 1265/2184/3148
f 1265/2184/3148 1256/2176/3148 1266/2185/3148
f 1266/2185/3148 1256/2176/3148 1267/2186/3148
f 1267/2186/3148 1256/2176/3148 1268/2187/3148
f 1268/2187/3148 1256/2176/3148 1269/2188/3148
f 1269/2188/3148 1256/2176/3148 1270/2189/3148
f 1270/2189/3148 1256/2176/3148 1253/2190/3148
f 1253/2190/3148 1256/2176/3148 1254/2191/3148
f 1254/2191/3148 1256/2176/3148 1255/2192/3148
f 1635/2193/3149 1734/2194/3150 1695/2195/3151
f 1695/2195/3151 1734/2194/3152 1735/2196/3153
f 1653/2197/3154 1740/2198/3155 1654/2199/3156
f 1654/2199/3156 1740/2198/3155 1741/2200/3157
f 1627/2201/3158 1612/2202/3159 1629/2203/3160
f 1629/2203/3161 1612/2202/3159 1613/2204/3162
f 1631/2205/3163 1619/2206/3164 1627/2201/3158
f 1627/2201/3158 1619/2206/3165 1612/2202/3159
f 1625/2207/3166 1743/2208/3167 1719/2209/3168
f 1719/2209/3168 1743/2208/3167 1744/2210/3169
f 1618/2211/3170 1619/2206/3164 1638/2212/3171
f 1638/2212/3171 1619/2206/3164 1631/2205/3163
f 1645/2213/3172 1643/2214/3173 1732/2215/3174
f 1732/2215/3174 1643/2214/3173 1731/2216/3175
f 1638/2212/3176 1642/2217/3177 1618/2211/3170
f 1618/2211/3170 1642/2217/3178 1621/2218/3179
f 1620/2219/3180 1621/2218/3181 1639/2220/3182
f 1639/2220/3182 1621/2218/3179 1642/2217/3177
f 1616/2221/3183 1651/2222/3184 1615/2223/3185
f 1615/2223/3185 1651/2222/3184 1650/2224/3186
f 1614/2225/3187 1620/2219/3188 1648/2226/3189
f 1648/2226/3190 1620/2219/3180 1639/2220/3191
f 1626/2227/3192 1742/2228/3193 1625/2207/3166
f 1625/2207/3194 1742/2228/3193 1743/2208/3167
f 1644/2229/3195 1622/2230/3196 1650/2224/3186
f 1650/2224/3186 1622/2230/3196 1615/2223/3185
f 1649/2231/3197 1730/2232/3198 1643/2214/3173
f 1643/2214/3173 1730/2232/3198 1731/2216/3175
f 1622/2230/3196 1644/2229/3195 1624/2233/3199
f 1624/2233/3199 1644/2229/3195 1646/2234/3200
f 1718/2235/3201 1745/2236/3202 1713/2237/3203
f 1713/2237/3203 1745/2236/3202 1746/2238/3204
f 1623/2239/3205 1624/2233/3199 1634/2240/3206
f 1634/2240/3206 1624/2233/3199 1646/2234/3207
f 1635/2193/3149 1633/2241/3208 1734/2194/3152
f 1734/2194/3152 1633/2241/3208 1733/2242/3209
f 1617/2243/3210 1623/2239/3211 1636/2244/3212
f 1636/2244/3213 1623/2239/3211 1634/2240/3206
f 1658/2245/3214 1657/2246/3215 1659/2247/3216
f 1659/2247/3216 1657/2246/3215 1660/2248/3217
f 1661/2249/3218 1662/2250/3219 1671/2251/3220
f 1671/2251/3221 1662/2250/3219 1672/2252/3222
f 1664/2253/3223 1668/2254/3224 1663/2255/3225
f 1663/2255/3226 1668/2254/3227 1667/2256/3228
f 1671/2251/3220 1658/2245/3214 1661/2249/3218
f 1661/2249/3218 1658/2245/3214 1659/2247/3216
f 1663/2255/3226 1667/2256/3229 1662/2250/3219
f 1662/2250/3219 1667/2256/3229 1672/2252/3222
f 1710/2257/3230 1728/2258/3231 1652/2259/3232
f 1652/2259/3232 1728/2258/3231 1729/2260/3233
f 1717/2261/3234 1738/2262/3235 1716/2263/3236
f 1716/2263/3236 1738/2262/3235 1739/2264/3237
f 1654/2199/3238 1741/2200/3239 1626/2227/3240
f 1626/2227/3192 1741/2200/3239 1742/2228/3193
f 1652/2259/3232 1729/2260/3233 1649/2231/3241
f 1649/2231/3241 1729/2260/3233 1730/2232/3198
f 1714/2265/3242 1713/2237/3203 1747/2266/3243
f 1747/2266/3244 1713/2237/3203 1746/2238/3204
f 1676/2267/3245 1699/2268/3246 1677/2269/3247
f 1677/2269/3247 1699/2268/3246 1700/2270/3248
f 1681/2271/3249 1682/2272/3250 1680/2273/3251
f 1680/2273/3251 1682/2272/3252 1683/2274/3253
f 1696/2275/3254 1697/2276/3255 1686/2277/3256
f 1686/2277/3256 1697/2276/3257 1687/2278/3258
f 1692/2279/3259 1693/2280/3260 1691/2281/3261
f 1691/2281/3261 1693/2280/3262 1690/2282/3263
f 1680/2273/3251 1683/2274/3253 1613/2204/3162
f 1613/2204/3162 1683/2274/3253 1629/2203/3160
f 1691/2281/3261 1617/2243/3210 1692/2279/3259
f 1692/2279/3259 1617/2243/3210 1636/2244/3213
f 1693/2280/3260 1687/2278/3258 1690/2282/3264
f 1690/2282/3264 1687/2278/3258 1697/2276/3257
f 1686/2277/3256 1724/2283/3265 1696/2275/3254
f 1696/2275/3266 1724/2283/3265 1725/2284/3267
f 1699/2268/3246 1676/2267/3245 1681/2271/3249
f 1681/2271/3268 1676/2267/3245 1682/2272/3252
f 1721/2285/3269 1722/2286/3270 1675/2287/3271
f 1675/2287/3272 1722/2286/3270 1698/2288/3273
f 1703/2289/3274 1704/2290/3275 1702/2291/3276
f 1702/2291/3276 1704/2290/3277 1701/2292/3278
f 1706/2293/3279 1708/2294/3280 1705/2295/3281
f 1705/2295/3281 1708/2294/3282 1707/2296/3283
f 1702/2291/3276 1614/2225/3187 1703/2289/3274
f 1703/2289/3284 1614/2225/3187 1648/2226/3189
f 1705/2295/3281 1707/2296/3285 1616/2221/3183
f 1616/2221/3183 1707/2296/3285 1651/2222/3184
f 1704/2290/3275 1660/2248/3217 1701/2292/3278
f 1701/2292/3278 1660/2248/3217 1657/2246/3215
f 1668/2254/3227 1664/2253/3286 1706/2293/3287
f 1706/2293/3288 1664/2253/3286 1708/2294/3280
f 1709/2297/3289 1666/2298/3290 1727/2299/3291
f 1727/2299/3292 1666/2298/3290 1726/2300/3293
f 1695/2195/3294 1735/2196/3295 1694/2301/3296
f 1694/2301/3296 1735/2196/3153 1736/2302/3297
f 1715/2303/3298 1714/2265/3242 1748/2304/3299
f 1748/2304/3299 1714/2265/3242 1747/2266/3244
f 1723/2305/3300 1684/2306/3301 1737/2307/3302
f 1737/2307/3302 1684/2306/3301 1685/2308/3303
f 1674/2309/3304 1715/2303/3298 1749/2310/3305
f 1749/2310/3305 1715/2303/3306 1748/2304/3299
f 1673/2311/3307 1674/2309/3304 1720/2312/3308
f 1720/2312/3308 1674/2309/3304 1749/2310/3305
f 1737/2307/3302 1685/2308/3303 1736/2302/3309
f 1736/2302/3297 1685/2308/3303 1694/2301/3296
f 1710/2257/3230 1709/2297/3289 1728/2258/3231
f 1728/2258/3231 1709/2297/3310 1727/2299/3311
f 1716/2263/3236 1739/2264/3237 1653/2197/3154
f 1653/2197/3154 1739/2264/3237 1740/2198/3155
f 1726/2300/3293 1656/2313/3312 1717/2261/3234
f 1717/2261/3234 1656/2313/3312 1655/2314/3313
f 1670/2315/3314 1669/2316/3315 1738/2262/3316
f 1738/2262/3235 1669/2316/3315 1711/2317/3317
f 1633/2241/3208 1645/2213/3172 1733/2242/3209
f 1733/2242/3209 1645/2213/3172 1732/2215/3174
f 1719/2209/3318 1744/2210/3169 1718/2235/3201
f 1718/2235/3201 1744/2210/3169 1745/2236/3202
f 1722/2286/3270 1721/2285/3269 1700/2270/3248
f 1700/2270/3319 1721/2285/3269 1677/2269/3247
f 1725/2284/3267 1724/2283/3320 1698/2318/3273
f 1698/2318/3321 1724/2283/3320 1675/2319/3271
f 1727/2299/3292 1726/2300/3293 1716/2263/3236
f 1716/2263/3236 1726/2300/3293 1717/2261/3234
f 1727/2299/3291 1716/2263/3236 1728/2258/3231
f 1728/2258/3231 1716/2263/3236 1653/2197/3322
f 1728/2258/3231 1653/2197/3154 1729/2260/3233
f 1729/2260/3233 1653/2197/3154 1654/2199/3323
f 1729/2260/3233 1654/2199/3323 1730/2232/3198
f 1730/2232/3324 1654/2199/3323 1626/2227/3240
f 1730/2232/3198 1626/2227/3192 1731/2216/3325
f 1731/2216/3175 1626/2227/3192 1625/2207/3166
f 1731/2216/3325 1625/2207/3194 1732/2215/3174
f 1732/2215/3174 1625/2207/3166 1719/2209/3168
f 1732/2215/3174 1719/2209/3168 1733/2242/3209
f 1733/2242/3209 1719/2209/3168 1718/2235/3201
f 1734/2194/3152 1733/2242/3209 1713/2237/3203
f 1713/2237/3203 1733/2242/3209 1718/2235/3201
f 1734/2194/3152 1713/2237/3203 1735/2196/3295
f 1735/2196/3153 1713/2237/3203 1714/2265/3242
f 1735/2196/3153 1714/2265/3242 1736/2302/3297
f 1736/2302/3297 1714/2265/3242 1715/2303/3306
f 1674/2309/3304 1737/2307/3326 1715/2303/3298
f 1715/2303/3306 1737/2307/3302 1736/2302/3327
f 1738/2262/3235 1711/2317/3317 1739/2264/3237
f 1739/2264/3237 1711/2317/3317 1712/2320/3328
f 1739/2264/3237 1712/2320/3328 1740/2198/3155
f 1740/2198/3155 1712/2320/3328 1647/2321/3329
f 1740/2198/3155 1647/2321/3329 1741/2200/3239
f 1741/2200/3157 1647/2321/3329 1640/2322/3330
f 1741/2200/3239 1640/2322/3330 1742/2228/3193
f 1742/2228/3193 1640/2322/3330 1641/2323/3331
f 1742/2228/3193 1641/2323/3331 1743/2208/3167
f 1743/2208/3332 1641/2323/3331 1637/2324/3333
f 1743/2208/3167 1637/2324/3334 1744/2210/3169
f 1744/2210/3169 1637/2324/3333 1632/2325/3335
f 1744/2210/3169 1632/2325/3335 1745/2236/3336
f 1745/2236/3202 1632/2325/3335 1628/2326/3337
f 1745/2236/3202 1628/2326/3337 1746/2238/3204
f 1746/2238/3338 1628/2326/3337 1630/2327/3339
f 1747/2266/3244 1746/2238/3204 1688/2328/3340
f 1688/2328/3340 1746/2238/3204 1630/2327/3339
f 1748/2304/3299 1747/2266/3244 1689/2329/3341
f 1689/2329/3341 1747/2266/3244 1688/2328/3342
f 1749/2310/3305 1748/2304/3299 1678/2330/3343
f 1678/2330/3343 1748/2304/3344 1689/2329/3341
f 1720/2312/3308 1749/2310/3305 1679/2331/3345
f 1679/2331/3345 1749/2310/3305 1678/2330/3343
f 1737/2307/3326 1674/2309/3304 1723/2305/3346
f 1723/2305/3300 1674/2309/3304 1673/2311/3347
f 1656/2313/3312 1726/2300/3293 1665/2332/3348
f 1665/2332/3349 1726/2300/3293 1666/2298/3290
f 1738/2262/3235 1717/2261/3234 1670/2315/3314
f 1670/2315/3314 1717/2261/3234 1655/2314/3313
f 1660/2333/3217 1777/2334/3350 1659/2335/3216
f 1659/2335/3216 1777/2334/3350 1778/2336/3351
f 1661/2337/3218 1659/2335/3216 1779/2338/3352
f 1779/2338/3352 1659/2335/3216 1778/2336/3351
f 1662/2339/3219 1661/2337/3218 1780/2340/3353
f 1780/2340/3353 1661/2337/3218 1779/2338/3354
f 1663/2341/3225 1662/2339/3219 1781/2342/3355
f 1781/2342/3355 1662/2339/3356 1780/2340/3353
f 1664/2343/3286 1663/2341/3357 1782/2344/3358
f 1782/2344/3358 1663/2341/3226 1781/2342/3355
f 1708/2345/3280 1664/2343/3223 1783/2346/3359
f 1783/2346/3360 1664/2343/3223 1782/2344/3358
f 1707/2347/3285 1708/2345/3280 1750/2348/3361
f 1750/2348/3361 1708/2345/3280 1783/2346/3360
f 1707/2347/3285 1750/2348/3361 1651/2349/3362
f 1651/2349/3184 1750/2348/3361 1751/2350/3363
f 1651/2349/3184 1751/2350/3363 1650/2351/3186
f 1650/2351/3186 1751/2350/3364 1752/2352/3365
f 1650/2351/3186 1752/2352/3366 1644/2353/3195
f 1644/2353/3195 1752/2352/3365 1753/2354/3367
f 1644/2353/3195 1753/2354/3367 1646/2355/3207
f 1646/2355/3368 1753/2354/3367 1754/2356/3369
f 1634/2357/3206 1646/2355/3370 1755/2358/3371
f 1755/2358/3371 1646/2355/3372 1754/2356/3369
f 1636/2359/3213 1634/2357/3206 1756/2360/3373
f 1756/2360/3373 1634/2357/3206 1755/2358/3371
f 1692/2361/3259 1636/2359/3213 1757/2362/3374
f 1757/2362/3374 1636/2359/3213 1756/2360/3375
f 1693/2363/3376 1692/2361/3259 1758/2364/3377
f 1758/2364/3378 1692/2361/3259 1757/2362/3374
f 1687/2365/3258 1693/2363/3262 1759/2366/3379
f 1759/2366/3379 1693/2363/3376 1758/2364/3378
f 1686/2367/3256 1687/2365/3258 1760/2368/3380
f 1760/2368/3380 1687/2365/3258 1759/2366/3379
f 1724/2369/3265 1686/2367/3256 1761/2370/3381
f 1761/2370/3382 1686/2367/3256 1760/2368/3380
f 1675/2371/3272 1724/2369/3265 1762/2372/3383
f 1762/2372/3383 1724/2369/3265 1761/2370/3381
f 1675/2371/3271 1762/2372/3383 1721/2373/3269
f 1721/2373/3269 1762/2372/3383 1763/2374/3384
f 1721/2373/3269 1763/2374/3385 1677/2375/3386
f 1677/2375/3247 1763/2374/3385 1764/2376/3387
f 1677/2375/3247 1764/2376/3387 1676/2377/3245
f 1676/2377/3245 1764/2376/3387 1765/2378/3388
f 1676/2377/3245 1765/2378/3388 1682/2379/3250
f 1682/2379/3252 1765/2378/3388 1766/2380/3389
f 1682/2379/3250 1766/2380/3389 1683/2381/3390
f 1683/2381/3390 1766/2380/3389 1767/2382/3391
f 1683/2381/3253 1767/2382/3391 1629/2383/3160
f 1629/2383/3160 1767/2382/3391 1768/2384/3392
f 1629/2383/3160 1768/2384/3392 1627/2385/3158
f 1627/2385/3158 1768/2384/3392 1769/2386/3393
f 1627/2385/3158 1769/2386/3393 1631/2387/3163
f 1631/2387/3394 1769/2386/3395 1770/2388/3396
f 1638/2389/3171 1631/2387/3163 1771/2390/3397
f 1771/2390/3397 1631/2387/3394 1770/2388/3396
f 1638/2389/3171 1771/2390/3397 1642/2391/3177
f 1642/2391/3177 1771/2390/3397 1772/2392/3398
f 1642/2391/3177 1772/2392/3399 1639/2393/3400
f 1639/2393/3191 1772/2392/3401 1773/2394/3402
f 1639/2393/3182 1773/2394/3403 1648/2395/3190
f 1648/2395/3404 1773/2394/3405 1774/2396/3406
f 1648/2395/3189 1774/2396/3406 1703/2397/3274
f 1703/2397/3284 1774/2396/3407 1775/2398/3408
f 1703/2397/3409 1775/2398/3408 1704/2399/3275
f 1704/2399/3275 1775/2398/3408 1776/2400/3410
f 1704/2399/3275 1776/2400/3411 1660/2333/3217
f 1660/2333/3217 1776/2400/3410 1777/2334/3412
f 1652/2259/3232 1751/2350/3364 1710/2257/3230
f 1710/2257/3230 1751/2350/3363 1750/2348/3361
f 1649/2231/3197 1752/2352/3365 1652/2259/3232
f 1652/2259/3232 1752/2352/3366 1751/2350/3363
f 1643/2214/3173 1753/2354/3367 1649/2231/3241
f 1649/2231/3241 1753/2354/3367 1752/2352/3365
f 1643/2214/3173 1645/2213/3172 1753/2354/3367
f 1753/2354/3367 1645/2213/3172 1754/2356/3413
f 1645/2213/3172 1633/2241/3208 1754/2356/3413
f 1754/2356/3413 1633/2241/3208 1755/2358/3371
f 1633/2241/3414 1635/2193/3149 1755/2358/3371
f 1755/2358/3371 1635/2193/3149 1756/2360/3375
f 1635/2193/3149 1695/2195/3294 1756/2360/3415
f 1756/2360/3415 1695/2195/3294 1757/2362/3416
f 1695/2195/3151 1694/2301/3296 1757/2362/3374
f 1757/2362/3374 1694/2301/3296 1758/2364/3377
f 1694/2301/3296 1685/2308/3303 1758/2364/3377
f 1758/2364/3377 1685/2308/3303 1759/2366/3379
f 1685/2308/3303 1684/2306/3301 1759/2366/3379
f 1759/2366/3379 1684/2306/3301 1760/2368/3380
f 1684/2306/3301 1723/2305/3346 1760/2368/3380
f 1760/2368/3380 1723/2305/3346 1761/2370/3381
f 1723/2305/3346 1673/2311/3347 1761/2370/3382
f 1761/2370/3382 1673/2311/3347 1762/2372/3383
f 1720/2312/3308 1763/2374/3385 1673/2311/3347
f 1673/2311/3347 1763/2374/3385 1762/2372/3383
f 1679/2331/3345 1764/2376/3387 1720/2312/3308
f 1720/2312/3308 1764/2376/3387 1763/2374/3385
f 1678/2330/3343 1765/2378/3388 1679/2331/3345
f 1679/2331/3345 1765/2378/3388 1764/2376/3387
f 1689/2329/3341 1766/2380/3389 1678/2330/3343
f 1678/2330/3343 1766/2380/3389 1765/2378/3388
f 1688/2328/3340 1767/2382/3417 1689/2329/3341
f 1689/2329/3341 1767/2382/3418 1766/2380/3419
f 1630/2327/3339 1768/2384/3420 1688/2328/3340
f 1688/2328/3340 1768/2384/3421 1767/2382/3418
f 1628/2326/3337 1769/2386/3422 1630/2327/3423
f 1630/2327/3339 1769/2386/3393 1768/2384/3392
f 1632/2325/3424 1770/2388/3396 1628/2326/3337
f 1628/2326/3337 1770/2388/3396 1769/2386/3422
f 1637/2324/3334 1771/2390/3397 1632/2325/3335
f 1632/2325/3335 1771/2390/3425 1770/2388/3396
f 1637/2324/3333 1641/2323/3331 1771/2390/3397
f 1771/2390/3397 1641/2323/3331 1772/2392/3426
f 1641/2323/3331 1640/2322/3330 1772/2392/3426
f 1772/2392/3398 1640/2322/3330 1773/2394/3402
f 1640/2322/3330 1647/2321/3329 1773/2394/3427
f 1773/2394/3402 1647/2321/3428 1774/2396/3407
f 1647/2321/3329 1712/2320/3328 1774/2396/3407
f 1774/2396/3429 1712/2320/3328 1775/2398/3408
f 1712/2320/3328 1711/2317/3317 1775/2398/3430
f 1775/2398/3408 1711/2317/3317 1776/2400/3410
f 1711/2317/3317 1669/2316/3315 1776/2400/3410
f 1776/2400/3410 1669/2316/3315 1777/2334/3431
f 1669/2316/3315 1670/2315/3314 1777/2334/3350
f 1777/2334/3432 1670/2315/3314 1778/2336/3351
f 1670/2315/3314 1655/2314/3313 1778/2336/3351
f 1778/2336/3351 1655/2314/3313 1779/2338/3352
f 1655/2314/3313 1656/2313/3312 1779/2338/3433
f 1779/2338/3433 1656/2313/3312 1780/2340/3353
f 1656/2313/3312 1665/2332/3349 1780/2340/3353
f 1780/2340/3434 1665/2332/3435 1781/2342/3436
f 1666/2298/3290 1782/2344/3358 1665/2332/3348
f 1665/2332/3435 1782/2344/3358 1781/2342/3436
f 1782/2344/3358 1666/2298/3290 1783/2346/3360
f 1783/2346/3360 1666/2298/3290 1709/2297/3289
f 1710/2257/3230 1750/2348/3361 1709/2297/3289
f 1709/2297/3437 1750/2348/3361 1783/2346/3438
